SMILES,metabolite,predict_site
C#C[C@]1(OC(C)=O)CC[C@H]2[C@@H]3CCC4=C/C(=N/O)CC[C@@H]4[C@H]3CC[C@@]21CC,C#C[C@]1(O)CC[C@H]2[C@@H]3CCC4=C/C(=N/O)CC[C@@H]4[C@H]3CC[C@@]21CC,CC(=O)O[C@@]1(C#C)CC[C@@H]2[C@]1(CC)CC[C@@H]1[C@@H]3C(=C/C(=N/[OH:1])CC3)CC[C@@H]21|CC(=O)O[C@@]1(C#C)CC[C@@H]2[C@]1(CC)CC[C@@H]1[C@@H]3C(=C/[C:1](=N/O)CC3)CC[C@@H]21|C#C[C@]1(OC([CH3:1])=O)CC[C@H]2[C@@H]3CCC4=C/C(=N/O)CC[C@@H]4[C@H]3CC[C@]12CC|C([C@]1(OC(C)=O)CC[C@H]2[C@H]3[C@@H]([C@H]4CC/C(=N\O)C=C4[CH2:1]C3)CC[C@]12CC)#C|C1CC2=C/C(=N/O)CC[C@@H]2[C@@H]2[C@@H]1[C@H]1[C@@](CC)([C@](O[C:1](=O)C)(C#C)CC1)CC2|C([C@]1(OC(C)=O)CC[C@H]2[C@H]3[C@@H]([C@H]4CC/C(=N\O)C=C4[CH2:1]C3)CC[C@]12CC)#C|C1CC2=C/C(=N/O)CC[C@@H]2[C@@H]2[C@@H]1[C@H]1[C@@](CC)([C@](O[C:1](=O)C)(C#C)CC1)CC2|C#C[C@]1(OC(C)=O)CC[C@H]2[C@@H]3CCC4=C/C(=N/O)CC[C@@H]4[C@H]3CC[C@]12[CH2:1]C|[C@]12(C[CH3:1])CC[C@@H]3[C@@H]4C(=C/C(=N/O)CC4)CC[C@H]3[C@@H]1CC[C@@]2(OC(C)=O)C#C|C1CC2=C/C(=N/O)CC[C@@H]2[C@@H:1]2[C@@H]1[C@H]1[C@@](CC)([C@](OC(=O)C)(C#C)CC1)CC2|C1CC2=C/C(=N/O)CC[C@@H]2[C@@H:1]2[C@@H]1[C@H]1[C@@](CC)([C@](O[C:1](=O)C)(C#C)CC1)CC2|C([C@]1(OC(C)=O)CC[C@H]2[C@H]3[C@@H]([C@H]4CC/C(=N\O)C=C4[CH2:1]C3)CC[C@]12CC)#C
CC(C)(O)c1ccccc1CC[C@@H](SCC1(CC(=O)O)CC1)c1cccc(/C=C/c2ccc3ccc(Cl)cc3n2)c1,CC(C)(O)c1ccccc1CC[C@@H](SCC1(CC(=O)OC2O[C@H](C(=O)O)[C@@H](O)[C@H](O)[C@H]2O)CC1)c1cccc(/C=C/c2ccc3ccc(Cl)cc3n2)c1|CC(O)(CO)c1ccccc1CC[C@@H](SCC1(CC(=O)O)CC1)c1cccc(/C=C/c2ccc3ccc(Cl)cc3n2)c1|CC(C)(O)c1ccccc1[C@H](O)C[C@@H](SCC1(CC(=O)O)CC1)c1cccc(/C=C/c2ccc3ccc(Cl)cc3n2)c1|CC(C)(O)c1ccccc1CC[C@H](c1cccc(/C=C/c2ccc3ccc(Cl)cc3n2)c1)S(=O)CC1(CC(=O)O)CC1|CC(C)(O)c1ccccc1CC[C@H](c1cccc(/C=C/c2ccc3ccc(Cl)cc3n2)c1)[S+](O)CC1(CC(=O)O)CC1|CC(C)(O)c1ccccc1[C@@H](O)C[C@@H](SCC1(CC(=O)O)CC1)c1cccc(/C=C/c2ccc3ccc(Cl)cc3n2)c1,CC([CH3:1])(O)C1=CC=CC=C1CC[C@@H](SCC1(CC(=O)O)CC1)C1=CC=CC(/C=C/C2=CC=C3C=CC(Cl)=CC3=N2)=C1|CC(C)(O)C1=CC=CC=C1CC[C@@H](SCC1(CC(=O)O)CC1)C1=CC=CC(/C=C/C2=CC=C3[CH:1]=[CH:2]C(Cl)=CC3=N2)=C1|CC(C)(O)C1=CC=CC=C1CC[C@@H](SCC1(CC(=O)[OH:1])CC1)C1=CC=CC(/C=C/C2=CC=C3C=CC(Cl)=CC3=N2)=C1|CC(C)(O)C1=CC=CC=C1CC[C@@H](S[CH2:1]C1(CC(=O)O)CC1)C1=CC=CC(/C=C/C2=CC=C3C=CC(Cl)=CC3=N2)=C1|CC(C)(O)C1=CC=CC=C1CC[C@@H]([S:1]CC1(CC(=O)O)CC1)C1=CC=CC(/C=C/C2=CC=C3C=CC(Cl)=CC3=N2)=C1|C1([C@@H](CCC2=C(C(O)(C)C)C=CC=C2)SCC2(CC(=O)O)CC2)=CC(/C=C/C2=CC=C3C(=N2)C=C(Cl)C=C3)=CC=[CH:1]1|CC(C)(O)C1=CC=CC=C1CC[C@@H](SCC1(CC(=O)O)C[CH2:1]1)C1=CC=CC(/C=C/C2=CC=C3C=CC(Cl)=CC3=N2)=C1|C1=CC=C(/C=C/C2=NC3=C(C=C2)C=CC(Cl)=C3)C=C1[C@H:1](SCC1(CC(=O)O)CC1)CCC1=CC=CC=C1C(C)(O)C|C1(Cl)=CC=C2C=CC(/C=C/C3=CC([C@H](SCC4(CC(O)=O)CC4)CCC4=C(C(C)(C)O)C=CC=[CH:1]4)=CC=C3)=NC2=C1|C1(Cl)=CC=C2C(=C1)N=C(/C=C/C1=CC=CC([C@@H](CCC3=C(C(C)([CH3:1])O)C=CC=C3)SCC3(CC(=O)O)CC3)=C1)C=C2|C1=CC2=C(C=C1Cl)N=C(/C=C/C1=CC([C@@H](CCC3=C(C(C)(O)C)C=CC=C3)SCC3(CC(O)=O)CC3)=CC=C1)[CH:1]=[CH:2]2|C1([C@@H](CCC2=C(C(O)(C)C)C=CC=C2)SCC2(CC(=O)O)C[CH2:1]2)=CC(/C=C/C2=CC=C3C(=N2)C=C(Cl)C=C3)=CC=C1|C1([C@@H](CCC2=C(C(O)(C)C)C=C[CH:1]=C2)SCC2(CC(=O)O)CC2)=CC(/C=C/C2=CC=C3C(=N2)C=C(Cl)C=C3)=CC=C1
CC(C)CNCc1ccc(-c2ccccc2S(=O)(=O)N2CCCC2)cc1,CC(C)CNCc1ccc(-c2ccccc2S(=O)(=O)N2CCCC2O)cc1|NCc1ccc(-c2ccccc2S(=O)(=O)N2CCCC2)cc1|CC(C)CNC(=O)c1ccc(-c2ccccc2S(=O)(=O)N2CCCC2)cc1|CC(C)CNCc1ccc(-c2ccccc2S(=O)(=O)N2CCC(O)C2)cc1|CC(CO)CNCc1ccc(-c2ccccc2S(=O)(=O)N2CCCC2)cc1|CC(C)(O)CNCc1ccc(-c2ccccc2S(=O)(=O)N2CCCC2)cc1,CC(C)CNCC1=CC=C(C2=CC=CC=C2S(=O)(=O)N2CCC[CH2:1]2)C=C1|CC(C)CN[CH2:1]C1=CC=C(C2=CC=CC=C2S(=O)(=O)N2CCCC2)C=C1|C[CH:1](C)CNCC1=CC=C(C2=CC=CC=C2S(=O)(=O)N2CCCC2)C=C1|CC(C)CNCC1=CC=C(C2=CC=CC=C2S(=O)(=O)N2CCC[CH2:1]2)C=C1|CC(C)CN[CH2:1]C1=CC=C(C2=CC=CC=C2S(=O)(=O)N2CCCC2)C=C1|[CH3:1]C(C)CNCC1=CC=C(C2=CC=CC=C2S(=O)(=O)N2CCCC2)C=C1|CC(C)CNCC1=CC=C(C2=CC=CC=C2S(=O)(=O)N2CC[CH2:1]C2)C=C1|CC(C)[CH2:1]NCC1=CC=C(C2=CC=CC=C2S(=O)(=O)N2CCCC2)C=C1|CC(C)C[NH:1]CC1=CC=C(C2=CC=CC=C2S(=O)(=O)N2CCCC2)C=C1|N1([S:1](=O)(C2=CC=CC=C2C2=CC=C(CNCC(C)C)C=C2)=O)CCCC1|CC(C)C[NH:1]CC1=CC=C(C2=CC=CC=C2S(=O)(=O)N2CCCC2)C=C1|C(C1=CC=C(C2=CC=CC=C2S(=O)(=O)N2CCCC2)C=C1)[NH:1]CC(C)C|O=S(N1CCCC1)(C1=CC=CC=C1C1=CC=C(C[NH:1]CC(C)C)C=C1)=O|CC([CH3:1])CNCC1=CC=C(C2=CC=CC=C2S(=O)(=O)N2CCCC2)C=C1|CC([CH3:1])CNCC1=CC=C(C2=CC=CC=C2S(=O)(=O)N2CCCC2)C=C1
CC(CN1c2ccccc2Sc2ccccc21)N(C)C,CC(CN1c2ccccc2S(=O)c2ccccc21)N(C)C|CNC(C)CN1c2ccccc2Sc2ccccc21|CC(CN1c2ccccc2SC2C=CC(O)=CC21)N(C)C,CC(CN1C2=CC=CC=C2[S:1]C2=CC=CC=C12)N(C)C|CC(CN1C2=CC=CC=C2[S:1]C2=CC=CC=C12)N(C)C|CC(CN1C2=CC=[CH:1]C=C2SC2=CC=CC=C12)N(C)C|CC(CN1C2=CC=CC=C2[S:1]C2=CC=CC=C12)N(C)C|C12=CC=CC=C1SC1=C([CH:1]=CC=C1)N2CC(N(C)C)C|CC(CN1C2=CC=CC=C2SC2=CC=[CH:1]C=C12)N(C)C|C12=CC=CC=C1SC1=C([CH:1]=[CH:2]C=C1)N2CC(N(C)C)C|CC(CN1C2=CC=CC=C2SC2=CC=CC=C12)[N:1](C)C|CC(CN1C2=CC=CC=C2SC2=CC=CC=C12)[N:1](C)C|CC([CH2:1]N1C2=CC=CC=C2SC2=CC=CC=C12)N(C)C|C12=CC=CC=C1SC1=C(C=C[CH:1]=C1)N2CC(N(C)C)C|N1(CC(N(C)C)C)C2=C(C=CC=C2)SC2=C1C=C[CH:1]=[CH:2]2|[CH:1]1=CC=CC2=C1SC1=CC=CC=C1N2CC(N(C)C)C|S1C2=C(C=CC=C2)N(CC(C)N(C)C)C2=CC=[CH:1]C=C12
CC1(C)CCC(CN2CCN(c3ccc(C(=O)NS(=O)(=O)c4ccc(NCC5CCOCC5)c([N+](=O)[O-])c4)c(Oc4cnc5[nH]ccc5c4)c3)CC2)=C(c2ccc(Cl)cc2)C1,CC1(C)CCC(CN2CCN(c3ccc(C(=O)NS(=O)(=O)c4ccc(NCC5CCOCC5)c([N+](=O)[O-])c4)c(Oc4cnc5[nH]ccc5c4)c3)CC2)=C(c2ccc(Cl)cc2)C1O|CC1(CO)CCC(CN2CCN(c3ccc(C(=O)NS(=O)(=O)c4ccc(NCC5CCOCC5)c([N+](=O)[O-])c4)c(Oc4cnc5[nH]ccc5c4)c3)CC2)=C(c2ccc(Cl)cc2)C1|CC1(C)CCC(C[N+]2([O-])CCN(c3ccc(C(=O)NS(=O)(=O)c4ccc(NCC5CCOCC5)c([N+](=O)[O-])c4)c(Oc4cnc5[nH]ccc5c4)c3)CC2)=C(c2ccc(Cl)cc2)C1|CC1(C)CCC(CN2CCN(c3ccc(C(=O)NS(=O)(=O)c4ccc(NCC5CCOCC5)c([N+](=O)[O-])c4)c(Oc4cnc5[nH]ccc5c4)c3)C(=O)C2)=C(c2ccc(Cl)cc2)C1|CC1(C)CC(c2ccc(Cl)cc2)=C(CN2CCN(c3ccc(C(=O)NS(=O)(=O)c4ccc(NCC5CCOCC5)c([N+](=O)[O-])c4)c(Oc4cnc5[nH]ccc5c4)c3)CC2)C(O)C1,CC1(C)CCC(CN2CCN(C3=CC=C(C(=O)NS(=O)(=O)C4=CC=C(N[CH2:1]C5CCOCC5)C([N+](=O)[O-])=C4)C(OC4=CN=C5NC=CC5=C4)=C3)CC2)=C(C2=CC=C(Cl)C=C2)C1|CC1(C)CCC([CH2:1]N2CCN(C3=CC=C(C(=O)NS(=O)(=O)C4=CC=C(NCC5CCOCC5)C([N+](=O)[O-])=C4)C(OC4=CN=C5NC=CC5=C4)=C3)CC2)=C(C2=CC=C(Cl)C=C2)C1|CC1(C)CCC(CN2CCN(C3=CC=C(C(NS(=O)(=O)C4=CC([N+:1]([O-])=O)=C(NCC5CCOCC5)C=C4)=O)C(OC4=CN=C5NC=CC5=C4)=C3)CC2)=C(C2=CC=C(Cl)C=C2)C1|CC1([CH3:1])CCC(CN2CCN(C3=CC=C(C(=O)NS(=O)(=O)C4=CC=C(NCC5CCOCC5)C([N+](=O)[O-])=C4)C(OC4=CN=C5NC=CC5=C4)=C3)CC2)=C(C2=CC=C(Cl)C=C2)C1|CC1(C)CCC(CN2CCN(C3=CC=C([C:1](=O)NS(=O)(=O)C4=CC=C(NCC5CCOCC5)C([N+](=O)[O-])=C4)C(OC4=CN=C5NC=CC5=C4)=C3)CC2)=C(C2=CC=C(Cl)C=C2)C1|C1=CC2=C(N1)N=C[C:1](OC1=CC(N3CCN(CC4=C(C5=CC=C(Cl)C=C5)CC(C)(C)CC4)CC3)=CC=C1C(=O)NS(=O)(=O)C1=CC=C(NCC3CCOCC3)C([N+](=O)[O-])=C1)=C2|CC1(C)[CH2:1]CC(CN2CCN(C3=CC=C(C(=O)NS(=O)(=O)C4=CC=C(NCC5CCOCC5)C([N+](=O)[O-])=C4)C(OC4=CN=C5NC=CC5=C4)=C3)CC2)=C(C2=CC=C(Cl)C=C2)C1|CC1(C)CCC(CN2CCN(C3=CC=C(C(=O)NS(=O)(=O)C4=CC=C(NCC5CCOCC5)C([N+](=O)[O-])=C4)C(OC4=CN=C5NC=CC5=C4)=C3)CC2)=C(C2=CC=C(Cl)C=C2)[CH2:1]1|CC1(C)CCC(CN2CCN(C3=CC=C(C(=O)NS(=O)(=O)C4=CC=C(NCC5CCO[CH2:1]C5)C([N+](=O)[O-])=C4)C(OC4=CN=C5NC=CC5=C4)=C3)CC2)=C(C2=CC=C(Cl)C=C2)C1|CC1(C)CCC(CN2CCN(C3=CC=C(C(=O)NS(=O)(=O)C4=CC=C(NCC5CCOC[CH2:1]5)C([N+](=O)[O-])=C4)C(OC4=CN=C5NC=CC5=C4)=C3)CC2)=C(C2=CC=C(Cl)C=C2)C1|CC1(C)C[CH2:1]C(CN2CCN(C3=CC=C(C(NS(=O)(=O)C4=CC([N+]([O-])=O)=C(NCC5CCOCC5)C=C4)=O)C(OC4=CN=C5NC=CC5=C4)=C3)CC2)=C(C2=CC=C(Cl)C=C2)C1|C1=CC2=C(N1)N=CC(OC1=CC(N3CCN(CC4=C(C5=CC=C(Cl)C=C5)[CH2:1]C(C)(C)CC4)CC3)=CC=C1C(=O)NS(=O)(=O)C1=CC=C(NCC3CCOCC3)C([N+](=O)[O-])=C1)=C2|C1=CC2=C(N1)N=CC(OC1=CC(N3CCN(CC4=C(C5=CC=C(Cl)C=C5)CC(C)(C)CC4)CC3)=CC=C1C(=O)N[S:1](=O)(=O)C1=CC=C(NCC3CCOCC3)C([N+](=O)[O-])=C1)=C2|CC1(C)CCC(CN2CCN(C3=CC=C(C(=O)NS(=O)(=O)C4=CC=C(NCC5CCOCC5)C([N+:1](=O)[O-])=C4)C(OC4=CN=C5NC=CC5=C4)=C3)CC2)=C(C2=CC=C(Cl)C=C2)C1|O=S(C1=CC=C(NCC2CCOCC2)C([N+](=O)[O-])=C1)(NC(C1=CC=C(N2CCN(CC3=C(C4=CC=C(Cl)C=C4)CC(C)(C)CC3)C[CH2:1]2)C=C1OC1=CN=C2C(=C1)C=CN2)=O)=O|CC1(C)CCC(CN2CCN(C3=CC=C(C(=O)NS(=O)(=O)C4=CC=C(NCC5CCOCC5)C([N+](=O)[O-])=C4)C(OC4=CN=C5NC=CC5=C4)=C3)C[CH2:1]2)=C(C2=CC=C(Cl)C=C2)C1|CC1(C)CCC(C[N:1]2CCN(C3=CC=C(C(=O)NS(=O)(=O)C4=CC=C(NCC5CCOCC5)C([N+](=O)[O-])=C4)C(OC4=CN=C5NC=CC5=C4)=C3)CC2)=C(C2=CC=C(Cl)C=C2)C1|CC1(C)CCC(C[N:1]2CCN(C3=CC=C(C(=O)NS(=O)(=O)C4=CC=C(NCC5CCOCC5)C([N+](=O)[O-])=C4)C(OC4=CN=C5NC=CC5=C4)=C3)CC2)=C(C2=CC=C(Cl)C=C2)C1|O=S(C1=CC=C(NCC2CCOCC2)C([N+](=O)[O-])=C1)(NC(C1=CC=C(N2CCN(CC3=C(C4=CC=C(Cl)C=C4)CC(C)(C)CC3)CC2)C=C1OC1=CN=C2C(=C1)[CH:1]=[CH:2]N2)=O)=O
CC1(C)S[C@@H]2[C@H](NC(=O)[C@H](N)c3ccc(O)cc3)C(=O)N2[C@H]1C(=O)O,CC1(C)CN2C(=O)[C@@H](NC(=O)[C@H](N)c3ccc(O)cc3)[C@H]2S1|C[C@@H](C(=O)N[C@@H]1C(=O)N2[C@@H](C(=O)O)C(C)(C)S[C@H]12)c1ccc(O)cc1|CC1(CO)S[C@@H]2[C@H](NC(=O)[C@H](N)c3ccc(O)cc3)C(=O)N2[C@H]1C(=O)O|CC1(C)S[C@@H]2[C@H](NC(=O)[C@H](N)c3ccc(O)c(O)c3)C(=O)N2[C@H]1C(=O)O|CC1(C)S[C@@H]2[C@H](NC(=O)[C@H](N)c3ccc(OC4O[C@H](C(=O)O)[C@@H](O)[C@H](O)[C@H]4O)cc3)C(=O)N2[C@H]1C(=O)O,[C@H]1(NC([C@@H](C2=CC=C([OH:1])C=C2)N)=O)[C@@H]2N(C1=O)[C@@H](C(=O)O)C(C)(C)S2|CC1(C)S[C@@H]2[C@H](NC(=O)[C@H](N)C3=CC=C(O)C=C3)[C:1](=O)N2[C@H]1C(=O)O|CC1(C)S[C@@H]2[C@H](NC(=O)[C@H](N)C3=CC=C([OH:1])C=C3)C(=O)N2[C@H]1C(=O)O|[CH3:1]C1(C)S[C@@H]2[C@H](NC(=O)[C@H](N)C3=CC=C(O)C=C3)C(=O)N2[C@H]1C(=O)O|[C@H]1(NC([C@@H](C2=CC=C(O)C=C2)N)=O)[C@@H]2N(C1=O)[C@@H](C(=O)[OH:1])C(C)(C)S2|[C@H]1(NC([C@@H:1](C2=CC=C(O)C=C2)N)=O)[C@@H]2N(C1=O)[C@@H](C(=O)O)C(C)(C)S2|[C@H]1(NC([C@@H](C2=CC=C(O)C=C2)N)=O)[C@@H]2N(C1=O)[C@@H](C(=O)[OH:1])C(C)(C)S2|[C@H]1(NC([C@@H](C2=CC=C(O)C=C2)N)=O)[C@@H]2N(C1=O)[C@@H]([C:1](=O)[OH:2])C(C)(C)S2|CC1(C)S[C@@H]2[C@H](NC(=O)[C@H:1](N)C3=CC=C(O)C=C3)C(=O)N2[C@H]1C(=O)O|CC1(C)S[C@@H]2[C@H](NC(=O)[C@H](N)C3=CC=C(O)[CH:1]=C3)C(=O)N2[C@H]1C(=O)O|[C@H]1(NC([C@@H](C2=CC=C([OH:1])C=C2)N)=O)[C@@H]2N(C1=O)[C@@H](C(=O)O)C(C)(C)S2|CC1(C)S[C@@H]2[C@H](NC(=O)[C@H](N)C3=CC=C(O)C=C3)[C:1](=O)N2[C@H]1C(=O)O|[C@@H]1(C(=O)O)N2[C@H](SC1(C)C)[C@H](NC([C@@H:1](C1=CC=C(O)C=C1)N)=O)C2=O|CC1(C)S[C@@H]2[C@H](NC(=O)[C@H](N)C3=CC=C(O)C=C3)[C:1](=O)N2[C@H]1C(=O)O|CC1(C)S[C@@H]2[C@H](N[C:1](=O)[C@H](N)C3=CC=C(O)C=C3)C(=O)N2[C@H]1C(=O)O|CC1(C)S[C@@H]2[C@H](NC(=O)[C@H](N)C3=CC=C(O)C=C3)[C:1](=O)N2[C@H]1C(=O)O|CC1(C)S[C@@H]2[C@H](NC(=O)[C@H](N)C3=CC=C(O)C=C3)[C:1](=O)N2[C@H]1C(=O)O|[C@H]1(NC([C@@H](C2=CC=C(O)C=C2)N)=O)[C@@H:1]2N(C1=O)[C@@H](C(=O)O)C(C)(C)S2
CCC1(c2ccccc2)C(=O)NC(=O)NC1=O,CCC1(c2ccc(O)cc2)C(=O)NC(=O)NC1=O,CCC1(C2=CC=[CH:1]C=C2)C(=O)NC(=O)NC1=O|CCC1(C2=C[CH:1]=[CH:2]C=C2)C(=O)NC(=O)NC1=O|CCC1(C2=CC=[CH:1]C=C2)C(=O)NC(=O)NC1=O|CCC1(C2=CC=[CH:1][CH:1]=C2)C(=O)NC(=O)NC1=O|CCC1(C2=C[CH:1]=CC=C2)C(=O)NC(=O)NC1=O|CCC1(C2=C[CH:1]=CC=C2)C(=O)NC(=O)NC1=O|CCC1(C2=C[CH:1]=[CH:1]C=C2)C(=O)NC(=O)NC1=O|[CH3:1]CC1(C2=CC=CC=C2)C(=O)NC(=O)NC1=O|C[CH2:1]C1(C2=CC=CC=C2)C(=O)NC(=O)NC1=O|C1=CC=C(C2(CC)C(=O)NC(=O)NC2=O)[CH:1]=[CH:2]1|C(C1(C2=CC=CC=C2)C(=O)NC(=O)N[C:1]1=O)C|N1C(=O)C(C2=CC=CC=C2)(CC)C(=O)N[C:1]1=O|CCC1(C2=C[CH:1]=CC=C2)C(=O)NC(=O)NC1=O|CCC1(C2=C[CH:1]=[CH:1]C=C2)C(=O)NC(=O)NC1=O|CCC1(C2=CC=CC=[CH:1]2)C(=O)NC(=O)NC1=O|C1(C2=CC=CC=C2)(CC)C(=O)[NH:1]C(=O)NC1=O|CCC1(C2=CC=[CH:1]C=C2)C(=O)NC(=O)NC1=O|CCC1(C2=CC=[CH:1][CH:1]=C2)C(=O)NC(=O)NC1=O|CCC1(C2=C[CH:1]=CC=C2)C(=O)NC(=O)NC1=O|CCC1(C2=C[CH:1]=[CH:1]C=C2)C(=O)NC(=O)NC1=O|C1=CC=C(C2(CC)C(=O)NC(=O)[NH:1]C2=O)C=C1|N1C(=O)NC(=O)C(CC)(C2=CC=CC=C2)[C:1]1=O
CCC1Oc2ccccc2C1C(=O)c1cc(Br)c(O)c(Br)c1,Oc1cc(Br)c(O)c(Br)c1|CCC1Oc2ccccc2C1C(=O)c1cc(O)c(O)c(Br)c1|CCC1Oc2cc(O)ccc2C1C(=O)c1cc(Br)c(O)c(Br)c1,CCC1OC2=C[CH:1]=CC=C2C1C(=O)C1=CC(Br)=C(O)C(Br)=C1|CCC1OC2=CC=[CH:1]C=C2C1C(=O)C1=CC(Br)=C(O)C(Br)=C1|CCC1OC2=CC=CC=C2C1C(=O)C1=CC(Br)=C(O)[C:1](Br)=C1|[CH3:1]CC1OC2=CC=CC=C2C1C(=O)C1=CC(Br)=C(O)C(Br)=C1|CC[CH:1]1OC2=CC=CC=C2C1C(=O)C1=CC(Br)=C(O)C(Br)=C1|CCC1OC2=CC=CC=C2C1C(=O)C1=CC(Br)=C([OH:1])C(Br)=C1|CCC1OC2=CC=CC=C2C1C(=O)C1=CC(Br)=C([OH:1])C(Br)=C1|C[CH2:1]C1OC2=CC=CC=C2C1C(=O)C1=CC(Br)=C(O)C(Br)=C1|CCC1OC2=[CH:1]C=CC=C2C1C(=O)C1=CC(Br)=C(O)C(Br)=C1|O1C(CC)C(C(C2=CC(Br)=C(O)C(Br)=C2)=O)C2=C1C=C[CH:1]=[CH:2]2|O1C(CC)C(C(C2=CC(Br)=C(O)C(Br)=C2)=O)C2=C1[CH:1]=[CH:2]C=C2|C1=CC=C2C(=C1)[CH:1](C(=O)C1=CC(Br)=C(O)C(Br)=C1)C(CC)O2|C1=CC=C2C(=C1)C(C(=O)C1=CC(Br)=C(O)C(Br)=C1)C([CH2:1]C)O2|C1=CC=C2C(=[CH:1]1)C(C(=O)C1=CC(Br)=C(O)C(Br)=C1)C(CC)O2
CCCCCCCCc1ccc(CCC(N)(CO)CO)cc1,CCCCCCCCc1ccc(CC[C@](N)(CO)COP(=O)(O)O)cc1,[CH3:1]CCCCCCCC1=CC=C(CCC(N)(CO)CO)C=C1|C[CH2:1]CCCCCCC1=CC=C(CCC(N)(CO)CO)C=C1|CCCCCCCCC1=CC=C(CCC(N)(C[OH:1])CO)C=C1|CCCCCCC[CH2:1]C1=CC=C(CCC(N)(CO)CO)C=C1|CC[CH2:1]CCCCCC1=CC=C(CCC(N)(CO)CO)C=C1|C(CCCCCCC)C1=CC=C(CCC(CO)(N)C[OH:1])C=C1|CCCCCCCCC1=CC=C(CCC(N)(C[OH:1])CO)C=C1|CCC[CH2:1]CCCCC1=CC=C(CCC(N)(CO)CO)C=C1|C(CCCCCCC)C1=CC=C(CCC(CO)(N)C[OH:1])C=C1|CCCC[CH2:1]CCCC1=CC=C(CCC(N)(CO)CO)C=C1|CCCCC[CH2:1]CCC1=CC=C(CCC(N)(CO)CO)C=C1|CCCCCC[CH2:1]CC1=CC=C(CCC(N)(CO)CO)C=C1|[CH2:1](CC1=CC=C(CCCCCCCC)C=C1)C(N)(CO)CO|OC[C:1](CO)(N)CCC1=CC=C(CCCCCCCC)C=C1|C(CCCCCCC)C1=CC=C(CCC(CO)(N)C[OH:1])C=C1|CCC[CH2:1]CCCCC1=CC=C(CCC(N)(CO)CO)C=C1|C(CCC)CCCCC1=CC=C(CCC(N)(C[OH:1])CO)C=C1|C(CC1=CC=C(CCCCC[CH2:1]CC)C=C1)C(N)(CO)CO
CCCCNc1ccc(C(=O)OCCOCCOCCOCCOCCOCCOCCOCCOCCOC)cc1,CCCCNc1ccc(C(=O)O)cc1,CCCCNC1=CC=C(C(=O)O[CH2:1]COCCOCCOCCOCCOCCOCCOCCOCCOC)C=C1|CCC[CH2:1]NC1=CC=C(C(=O)OCCOCCOCCOCCOCCOCCOCCOCCOCCOC)C=C1|CCCCNC1=CC=C(C(=O)OC[CH2:1]OCCOCCOCCOCCOCCOCCOCCOCCOC)C=C1|CCCCNC1=CC=C(C(=O)OCCO[CH2:1]COCCOCCOCCOCCOCCOCCOCCOC)C=C1|C1=C(NCCC[CH3:1])C=CC(C(=O)OCCOCCOCCOCCOCCOCCOCCOCCOCCOC)=C1|CCCCNC1=CC=C(C(=O)OCCOCCOCCOCCOCCOCCOCCOCCO[CH2:1]COC)C=C1|CCCCNC1=CC=C(C(=O)O[CH2:1]COCCOCCOCCOCCOCCOCCOCCOCCOC)C=C1|C1=C(NCCCC)C=[CH:1]C(C(=O)OCCOCCOCCOCCOCCOCCOCCOCCOCCOC)=C1|CCCCNC1=CC=C(C(=O)OCCOCCO[CH2:1]COCCOCCOCCOCCOCCOCCOC)C=C1|CCCCNC1=CC=C(C(=O)OCCOCCOCCOCCOCCOCCO[CH2:1]COCCOCCOC)C=C1|O(CCOC(=O)C1=CC=C(NCCCC)[CH:1]=C1)CCOCCOCCOCCOCCOCCOCCOCCOC|CCCCNC1=CC=C(C(=O)OCCOC[CH2:1]OCCOCCOCCOCCOCCOCCOCCOC)C=C1|O(C[CH2:1]OCCOCCOCCOCCOC)CCOCCOCCOCCOC(=O)C1=CC=C(NCCCC)C=C1|CCCCNC1=CC=C(C(=O)OCCOCCOCCOCCO[CH2:1]COCCOCCOCCOCCOC)C=C1|CCCCNC1=CC=C(C(=O)OCCOCCOCCO[CH2:1]COCCOCCOCCOCCOCCOC)C=C1|CCCCNC1=CC=C(C(=O)OCCOCCOCCOCCOCCOCCOCCO[CH2:1]COCCOC)C=C1|CCCCNC1=CC=C(C(=O)OCCOCCOCCOCCOCCO[CH2:1]COCCOCCOCCOC)C=C1|CCCCNC1=CC=C(C(=O)OCCOCCOC[CH2:1]OCCOCCOCCOCCOCCOCCOC)C=C1
CCCCc1oc2ccccc2c1C(=O)c1cc(I)c(OCCN(CC)CC)c(I)c1,CCCCc1oc2ccccc2c1C(=O)c1cc(I)c(OCCNCC)c(I)c1,[CH3:1]CCCC1=C(C(=O)C2=CC(I)=C(OCCN(CC)CC)C(I)=C2)C2=CC=CC=C2O1|C1(C(=O)C2=CC(I)=C(OCCN(CC)CC)C(I)=C2)=C(CCCC)OC2=CC=C[CH:1]=C12|C[CH2:1]CCC1=C(C(=O)C2=CC(I)=C(OCCN(CC)CC)C(I)=C2)C2=CC=CC=C2O1|CCCCC1=C(C(=O)C2=CC(I)=C(OCC[N:1](CC)CC)C(I)=C2)C2=CC=CC=C2O1|CCCCC1=C(C(=O)C2=CC(I)=C(OCC[N:1](CC)CC)C(I)=C2)C2=CC=CC=C2O1|CCCCC1=C(C(=O)C2=CC(I)=C(OCCN(CC)CC)C(I)=C2)C2=CC=[CH:1]C=C2O1|CCCCC1=C(C(=O)C2=CC(I)=C(OCCN(CC)C[CH3:1])C(I)=C2)C2=CC=CC=C2O1|CCCCC1=C(C(=O)C2=CC(I)=C(OCCN(CC)CC)C(I)=C2)C2=C[CH:1]=CC=C2O1|CCC[CH2:1]C1=C(C(=O)C2=CC(I)=C(OCCN(CC)CC)C(I)=C2)C2=CC=CC=C2O1|C1(C(C2=C(CCCC)OC3=C2C=C[CH:1]=[CH:2]3)=O)=CC(I)=C(OCCN(CC)CC)C(I)=C1|CC[CH2:1]CC1=C(C(=O)C2=CC(I)=C(OCCN(CC)CC)C(I)=C2)C2=CC=CC=C2O1|C1(C(C2=[C:1](CCCC)OC3=C2C=CC=C3)=O)=CC(I)=C(OCCN(CC)CC)C(I)=C1|CCCCC1=C(C(=O)C2=CC(I)=C(OCCN(CC)[CH2:1]C)C(I)=C2)C2=CC=CC=C2O1|CCCCC1=C(C(=O)C2=CC(I)=C(OCCN(CC)CC)C(I)=C2)C2=CC=C[CH:1]=C2O1|CCCCC1=C(C(=O)C2=CC(I)=C(OC[CH2:1]N(CC)CC)C(I)=C2)C2=CC=CC=C2O1|C1(C(C2=C(CCCC)OC3=C2[CH:1]=[CH:2]C=C3)=O)=CC(I)=C(OCCN(CC)CC)C(I)=C1
CCCSc1nc(N[C@@H]2C[C@H]2c2ccc(F)c(F)c2)c2nnn([C@@H]3C[C@H](OCCO)[C@@H](O)[C@H]3O)c2n1,CCCSc1nc(N)c2nnn([C@@H]3C[C@H](OCCO)[C@@H](O)[C@H]3O)c2n1|CCCSc1nc(N[C@@H]2C[C@H]2c2ccc(F)c(F)c2)c2nnn([C@@H]3C[C@H](O)[C@@H](O)[C@H]3O)c2n1,C[CH2:1]CSC1=NC(N[C@@H]2C[C@H]2C2=CC=C(F)C(F)=C2)=C2N=NN([C@@H]3C[C@H](OCCO)[C@@H](O)[C@H]3O)C2=N1|[CH3:1]CCSC1=NC(N[C@@H]2C[C@H]2C2=CC=C(F)C(F)=C2)=C2N=NN([C@@H]3C[C@H](OCCO)[C@@H](O)[C@H]3O)C2=N1|CCCSC1=NC(N[C@@H]2C[C@H]2C2=CC=C(F)C(F)=C2)=C2N=NN([C@@H]3C[C@H](O[CH2:1]CO)[C@@H](O)[C@H]3O)C2=N1|C12=C(N=NN1[C@H]1[C@H](O)[C@H](O)[C@@H](O[CH2:1]CO)C1)C(N[C@H]1[C@H](C3=CC(F)=C(F)C=C3)C1)=NC(SCCC)=N2|CCC[S:1]C1=NC(N[C@@H]2C[C@H]2C2=CC=C(F)C(F)=C2)=C2N=NN([C@@H]3C[C@H](OCCO)[C@@H](O)[C@H]3O)C2=N1|CCCSC1=NC(N[C@@H]2C[C@H]2C2=CC=C(F)C(F)=C2)=C2N=NN([C@@H:1]3C[C@H](OCCO)[C@@H](O)[C@H]3O)C2=N1|CCCSC1=NC(N[C@@H:1]2C[C@H]2C2=CC=C(F)C(F)=C2)=C2N=NN([C@@H]3C[C@H](OCCO)[C@@H](O)[C@H]3O)C2=N1|O([C@@H]1[C@@H](O)[C@@H](O)[C@H](N2N=NC3=C2N=C(SCCC)N=C3N[C@H]2[C@H](C3=CC(F)=C(F)C=C3)C2)[CH2:1]1)CCO|CC[CH2:1]SC1=NC(N[C@@H]2C[C@H]2C2=CC=C(F)C(F)=C2)=C2N=NN([C@@H]3C[C@H](OCCO)[C@@H](O)[C@H]3O)C2=N1|C12=C(N=NN1[C@H]1[C@H](O)[C@H](O)[C@@H](O[CH2:1]CO)C1)C(N[C@H]1[C@H](C3=CC(F)=C(F)C=C3)C1)=NC(SCCC)=N2|N1([C@@H]2C[C@H](OCCO)[C@@H](O)[C@H]2O)N=NC2=C(N[C@@H]3C[C@H]3C3=CC(F)=C(F)C=C3)N=C(SC[CH2:1]C)N=C12|O([C@@H]1[C@@H](O)[C@@H](O)[C@H](N2N=NC3=C2N=C(SCCC)N=C3N[C@H]2[C@H](C3=CC(F)=C(F)C=C3)C2)[CH2:1]1)CCO|C12=C(N=NN1[C@H]1[C@H](O)[C@H](O)[C@@H](OCCO)C1)C(N[C@H]1[C@H](C3=CC(F)=C(F)C=[CH:1]3)C1)=NC(SCCC)=N2|[C@H]1(O)[C@H](N2N=NC3=C(N[C@@H]4C[C@H]4C4=CC(F)=C(F)C=C4)N=C(SCC[CH3:1])N=C23)C[C@H](OCCO)[C@H]1O|N1([C@@H]2C[C@H](OCCO)[C@@H](O)[C@H]2O)N=NC2=C(N[C@@H]3C[C@H]3C3=CC(F)=C(F)C=C3)N=C(SCC[CH3:1])N=C12|N1([C@@H]2C[C@H](OCCO)[C@@H](O)[C@H]2O)N=NC2=C(N[C@@H]3C[C@H]3C3=CC(F)=C(F)C=C3)N=C(SC[CH2:1]C)N=C12|CCCSC1=NC(N[C@@H]2C[C@H]2C2=CC=C(F)C(F)=C2)=C2N=NN([C@@H]3C[C@H](O[CH2:1]CO)[C@@H](O)[C@H]3O)C2=N1|O([C@@H]1[C@@H](O)[C@@H](O)[C@H](N2N=NC3=C2N=C(SCCC)N=C3N[C@H]2[C@H](C3=CC(F)=C(F)C=C3)C2)[CH2:1]1)CCO
CCC[C@@H]1C[C@@H](C(=O)NC(C(C)Cl)[C@H]2O[C@H](SC)[C@H](O)[C@@H](O)[C@H]2O)N(C)C1,CCC[C@H]1CN[C@H](C(=O)NC(C(C)Cl)[C@H]2O[C@H](SC)[C@H](O)[C@@H](O)[C@H]2O)C1|CCC[C@@H]1C[C@@H](C(=O)NC(C(C)Cl)[C@H]2O[C@H](S(C)=O)[C@H](O)[C@@H](O)[C@H]2O)N(C)C1,CCC[C@@H]1C[C@@H](C(=O)NC(C(C)Cl)[C@H]2O[C@H]([S:1]C)[C@H](O)[C@@H](O)[C@H]2O)N(C)C1|CCC[C@@H]1C[C@@H](C(=O)NC(C(C)Cl)[C@H]2O[C@H]([S:1]C)[C@H](O)[C@@H](O)[C@H]2O)N(C)C1|CCC[C@@H]1C[C@@H](C(=O)NC(C(C)Cl)[C@H]2O[C@H]([S:1]C)[C@H](O)[C@@H](O)[C@H]2O)N(C)C1|[C@@H]1(O)[C@H](O)[C@@H](O)[C@@H](SC)O[C@@H]1C(NC(=O)[C@H]1N(C)C[C@H](CCC)C1)[CH:1](C)Cl|CCC[C@@H]1C[C@@H](C(=O)NC(C(C)Cl)[C@H]2O[C@H]([S:1]C)[C@H](O)[C@@H](O)[C@H]2O)N(C)C1|CCC[C@@H]1C[C@@H](C(=O)NC(C(C)Cl)[C@H]2O[C@H]([S:1]C)[C@H](O)[C@@H](O)[C@H]2O)N(C)C1|CC(Cl)C([C@@H]1[C@H](O)[C@H](O)[C@@H](O)[C@@H](SC)O1)NC([C@H]1N(C)C[C@H]([CH2:1]CC)C1)=O|N1(C)C[C@H](CCC)C[C@H]1C(=O)NC([C@@H]1[C@H](O)[C@H](O)[C@@H](O)[C@@H](SC)O1)C(Cl)[CH3:1]|CCC[C@@H]1C[C@@H](C(=O)NC(C(C)Cl)[C@H]2O[C@H]([S:1]C)[C@H](O)[C@@H](O)[C@H]2O)N(C)C1|CCC[C@@H]1C[C@@H](C(=O)NC(C(C)Cl)[C@H]2O[C@H]([S:1]C)[C@H](O)[C@@H](O)[C@H]2O)N(C)C1|[C@@H:1]1(SC)[C@H](O)[C@@H](O)[C@@H](O)[C@@H](C(NC(=O)[C@H]2N(C)C[C@H](CCC)C2)C(Cl)C)O1|[C@@H]1(O)[C@H](O)[C@@H](O)[C@@H](SC)O[C@@H]1C(NC(=O)[C@H]1N(C)C[C@H](CCC)C1)[CH:1](C)Cl|[C@H]1(C(=O)NC([C@H]2O[C@H](SC)[C@H](O)[C@@H](O)[C@H]2O)C(Cl)C)N(C)C[C@H](C[CH2:1]C)C1|CCC[C@@H]1C[C@@H](C(=O)NC(C(C)Cl)[C@H]2O[C@H]([S:1]C)[C@H](O)[C@@H](O)[C@H]2O)N(C)C1
CCN(CC)CCNC(=O)c1cc(Cl)c(N)cc1OC,CCNCCNC(=O)c1cc(Cl)c(N)cc1OC|CCN(CC)CCNC(=O)c1cc(Cl)c([N+](=O)[O-])cc1OC,CC[N:1](CC)CCNC(=O)C1=CC(Cl)=C(N)C=C1OC|CC[N:1](CC)CCNC(=O)C1=CC(Cl)=C(N)C=C1OC|C(N(CC)CCNC(C1=CC(Cl)=C([NH2:1])C=C1OC)=O)C|CCN(C[CH3:1])CCNC(=O)C1=CC(Cl)=C(N)C=C1OC|CCN(CC)CCNC(=O)C1=CC(Cl)=C(N)[CH:1]=C1OC|C(N(CC)CCNC(C1=CC(Cl)=C([NH2:1])C=C1OC)=O)C|CCN(CC)CCNC(=O)C1=CC(Cl)=C([NH2:1])C=C1OC|CCN([CH2:1]C)CCNC(=O)C1=CC(Cl)=C(N)C=C1OC|CCN(CC)CCNC(=O)C1=[CH:1]C(Cl)=C(N)C=C1OC|CCN(CC)[CH2:1]CNC(=O)C1=CC(Cl)=C(N)C=C1OC|C1=C(OC)C([C:1](=O)NCCN(CC)CC)=CC(Cl)=C1N|CCN(CC)[CH2:1]CNC(=O)C1=CC(Cl)=C(N)C=C1OC|C1=C(OC)C(C(=O)NCCN(CC)CC)=CC(Cl)=C1[NH2:1]|C1(C(=O)NCCN(CC)CC)=C(OC)C=C(N)[C:1](Cl)=C1
CCN(CC)CCOC(=O)c1ccc(N)cc1,CCN(CC)CCO|Nc1ccc(C(=O)O)cc1,CCN(CC)CCOC(=O)C1=CC=C([NH2:1])C=C1|CCN(CC)CCOC(=O)C1=CC=C([NH2:1])C=C1|N(CC)(CCOC(C1=CC=C(N)[CH:1]=C1)=O)CC|CC[N:1](CC)CCOC(=O)C1=CC=C(N)C=C1|CC[N:1](CC)CCOC(=O)C1=CC=C(N)C=C1|C1([NH2:1])=CC=C(C(OCCN(CC)CC)=O)C=C1|CCN(CC)CCOC(=O)C1=CC=C([NH2:1])C=C1|CCN(CC)CCOC(=O)C1=CC=C([NH2:1])C=C1|N(CC)(CCOC(C1=CC=C([NH2:1])C=C1)=O)CC|CCN(CC)[CH2:1]COC(=O)C1=CC=C(N)C=C1|N(CC)(C[CH2:1]OC(C1=CC=C(N)C=C1)=O)CC|N(CCOC(C1=CC=C([NH2:1])C=C1)=O)(CC)CC|N(CCOC(C1=CC=C([NH2:1])C=C1)=O)(CC)CC|N(CCOC(C1=CC=C([NH2:1])C=C1)=O)(CC)CC|C1=CC(C(=O)OCCN(CC)CC)=CC=C1[NH2:1]|CCN(CC)[CH2:1]COC(=O)C1=CC=C(N)C=C1|C1(N)=CC=C(C(OCCN(CC)CC)=O)[CH:1]=C1|N(CC)(CCOC(C1=CC=C(N)C=C1)=O)C[CH3:1]
CCN(c1cc(-c2ccc(CN3CCOCC3)cc2)cc(C(=O)NCc2c(C)cc(C)[nH]c2=O)c1C)C1CCOCC1,Cc1cc(C)c(CNC(=O)c2cc(-c3ccc(CN4CCOCC4)cc3)cc(NC3CCOCC3)c2C)c(=O)[nH]1,CCN(C1=CC(C2=CC=C(CN3CCOCC3)C=C2)=CC(C(=O)N[CH2:1]C2=C(C)C=C(C)NC2=O)=C1C)C1CCOCC1|CCN(C1=CC(C2=CC=C(CN3CCOCC3)C=C2)=CC(C(=O)NCC2=C(C)C=C(C)NC2=O)=C1C)[CH:1]1CCOCC1|CCN(C1=CC(C2=CC=C(CN3CCO[CH2:1]C3)C=C2)=CC(C(=O)NCC2=C(C)C=C(C)NC2=O)=C1C)C1CCOCC1|CCN(C1=CC(C2=CC=C(CN3CCOC[CH2:1]3)C=C2)=CC(C(=O)NCC2=C(C)C=C(C)NC2=O)=C1C)C1CCOCC1|CCN(C1=CC(C2=CC=C(CN3CCOC[CH2:1]3)C=C2)=CC(C(=O)NCC2=C(C)C=C(C)NC2=O)=C1C)C1CCOCC1|CCN(C1=CC(C2=CC=C(CN3CCOCC3)C=C2)=CC(C(=O)NCC2=C(C)C=C([CH3:1])NC2=O)=C1C)C1CCOCC1|CCN(C1=CC(C2=CC=C(CN3CCOCC3)C=C2)=CC(C(=O)NCC2=C(C)C=C(C)NC2=O)=C1C)C1CCOC[CH2:1]1|O1CCN(CC2=CC=C(C3=CC(N(C4CCOCC4)CC)=C(C)C(C(=O)NCC4=C(C)C=C(C)NC4=O)=C3)C=C2)C[CH2:1]1|CCN(C1=CC(C2=CC=C(CN3CCOCC3)C=C2)=CC(C(=O)NCC2=C(C)C=C(C)NC2=O)=C1C)C1CCO[CH2:1]C1|N(CC1=C(C)C=C(C)NC1=O)C(=O)C1=C(C)C(N(CC)C2CCOCC2)=CC(C2=CC=C([CH2:1]N3CCOCC3)C=C2)=C1|CCN(C1=CC(C2=CC=C(CN3CCOCC3)C=C2)=CC(C(=O)NCC2=C(C)C=C(C)NC2=O)=C1C)C1CCOC[CH2:1]1|N(CC1=C(C)C=C(C)NC1=O)C(=O)C1=C(C)C(N(CC)C2CCOCC2)=CC(C2=CC=C(CN3CCO[CH2:1]C3)C=C2)=C1|N(CC1=C(C)C=C(C)NC1=O)C(=O)C1=C(C)C(N(CC)C2CCOCC2)=CC(C2=CC=C(CN3CCO[CH2:1]C3)C=C2)=C1|[N:1]1(CC2=CC=C(C3=CC(C(NCC4=C(C)C=C(C)NC4=O)=O)=C(C)C(N(CC)C4CCOCC4)=C3)C=C2)CCOCC1|[N:1]1(CC2=CC=C(C3=CC(C(NCC4=C(C)C=C(C)NC4=O)=O)=C(C)C(N(CC)C4CCOCC4)=C3)C=C2)CCOCC1|CCN(C1=CC(C2=CC=C(CN3CCOCC3)C=C2)=CC(C(=O)NCC2=C([CH3:1])C=C(C)NC2=O)=C1C)C1CCOCC1|CCN(C1=CC(C2=CC=C(CN3CCOCC3)C=C2)=CC(C(=O)NCC2=C(C)[CH:1]=C(C)NC2=O)=C1C)C1CCOCC1|O1CCN(CC2=CC=C(C3=CC(N(C4CCO[CH2:1]C4)CC)=C(C)C(C(=O)NCC4=C(C)C=C(C)NC4=O)=C3)C=C2)CC1|O1CCN(CC2=CC=C(C3=CC(N(C4CCO[CH2:1]C4)CC)=C(C)C(C(=O)NCC4=C(C)C=C(C)NC4=O)=C3)C=C2)CC1|O1CCN(CC2=CC=C(C3=CC(N(C4CCO[CH2:1]C4)CC)=C(C)C(C(=O)NCC4=C(C)C=C(C)NC4=O)=C3)C=C2)CC1
CCN[C@H]1C[C@H](C)S(=O)(=O)c2sc(S(N)(=O)=O)cc21,C[C@H]1C[C@H](N)c2cc(S(N)(=O)=O)sc2S1(=O)=O,CCN[C@H]1C[C@H]([CH3:1])S(=O)(=O)C2=C1C=C(S(N)(=O)=O)S2|[CH3:1]CN[C@H]1C[C@H](C)S(=O)(=O)C2=C1C=C(S(N)(=O)=O)S2|CCN[C@H]1C[C@H](C)S(=O)(=O)C2=C1C=C([S:1](N)(=O)=O)S2|C[CH2:1]N[C@H]1C[C@H](C)S(=O)(=O)C2=C1C=C(S(N)(=O)=O)S2|CCN[C@H]1C[C@H](C)S(=O)(=O)C2=C1C=C(S([NH2:1])(=O)=O)S2|NS(=O)(C1=CC2=C(S1)S(=O)(=O)[C@@H:1](C)C[C@@H]2NCC)=O|CCN[C@H]1C[C@H](C)S(=O)(=O)C2=C1C=C(S([NH2:1])(=O)=O)S2|CCN[C@H:1]1C[C@H](C)S(=O)(=O)C2=C1C=C(S(N)(=O)=O)S2|CCN[C@H]1C[C@H](C)S(=O)(=O)C2=C1[CH:1]=[C:2](S(N)(=O)=O)S2|[C@@H]1(NCC)C2=C(SC(S(=O)(=O)N)=C2)S(=O)(=O)[C@@H](C)[CH2:1]1|[C@@H]1(NCC)C2=C(SC(S(=O)(=O)N)=C2)S(=O)(=O)[C@@H:1](C)C1|[NH:1]([C@H]1C[C@H](C)S(=O)(=O)C2=C1C=C(S(N)(=O)=O)S2)CC|[C@@H]1([NH:1]CC)C2=C(SC(S(=O)(=O)N)=C2)S(=O)(=O)[C@@H](C)C1|CCN[C@H]1C[C@H](C)S(=O)(=O)C2=C1C=C(S([NH2:1])(=O)=O)S2|CCN[C@H:1]1C[C@H](C)S(=O)(=O)C2=C1C=C(S(N)(=O)=O)S2
CCOC(=O)Nc1ccc2c(c1)N(C(=O)CN(CC)CC)c1ccccc1CC2,CCNCC(=O)N1c2ccccc2CCc2ccc(NC(=O)OCC)cc21,CCOC(=O)NC1=CC=C2C(=C1)N(C(=O)CN(CC)CC)C1=CC=CC=C1[CH2:1]C2|CCOC(=O)NC1=CC=C2C(=C1)N(C(=O)CN(CC)CC)C1=CC=CC=C1C[CH2:1]2|CCOC(=O)NC1=CC=C2C(=C1)N([C:1](=O)CN(CC)CC)C1=CC=CC=C1CC2|[CH3:1]COC(=O)NC1=CC=C2C(=C1)N(C(=O)CN(CC)CC)C1=CC=CC=C1CC2|CCOC(=O)NC1=CC=C2C(=C1)N(C(=O)CN(CC)CC)C1=CC=[CH:1]C=C1CC2|C1=C(NC(=O)OCC)[CH:1]=C2C(=C1)CCC1=CC=CC=C1N2C(=O)CN(CC)CC|CCOC(=O)NC1=CC=C2C(=C1)N(C(=O)CN(CC)C[CH3:1])C1=CC=CC=C1CC2|[CH2:1]1C2=C(C=C(NC(OCC)=O)C=C2)N(C(CN(CC)CC)=O)C2=CC=CC=C2C1|[CH:1]1=C(NC(=O)OCC)C=C2C(=C1)CCC1=CC=CC=C1N2C(=O)CN(CC)CC
CCOC(=O)c1c(CSc2ccccc2)n(C)c2cc(Br)c(O)c(CN(C)C)c12,CCOC(=O)c1c(CSc2ccccc2)n(C)c2cc(Br)c(OS(=O)(=O)O)c(CN(C)C)c12|CCOC(=O)c1c(CSc2ccc(O)cc2)n(C)c2cc(Br)c(O)c(CN(C)C)c12|CCOC(=O)c1c(CS(=O)(=O)c2ccccc2)n(C)c2cc(Br)c(O)c(CNC)c12|CCOC(=O)c1c(CS(=O)(=O)c2ccccc2)n(C)c2cc(Br)c(OS(=O)(=O)O)c(CN(C)C)c12|CCOC(=O)c1c(CSc2ccccc2)n(C)c2cc(Br)c(O)c(CNC)c12|CCOC(=O)c1c(CS(=O)c2ccccc2)n(C)c2cc(Br)c(O)c(CN(C)C)c12|CCOC(=O)c1c(CO)n(C)c2cc(Br)c(O)c(CN(C)C)c12|CCOC(=O)c1c(CS(=O)c2ccccc2)n(C)c2cc(Br)c(O)c(CNC)c12|CCOC(=O)c1c(CSc2ccccc2)n(C)c2cc(Br)c(OC3O[C@H](C(=O)O)[C@@H](O)[C@H](O)[C@H]3O)c(CN(C)C)c12|CCOC(=O)c1c(CS(=O)(=O)c2ccccc2)n(C)c2cc(Br)c(O)c(CN(C)C)c12,CCOC(=O)C1=C(CSC2=CC=CC=C2)N(C)C2=CC(Br)=C([OH:1])C(CN(C)C)=C12|CCOC(=O)C1=C(CSC2=CC=CC=C2)N(C)C2=CC(Br)=C([OH:1])C(CN(C)C)=C12|CCOC(=O)C1=C(C[S:1]C2=CC=CC=C2)N(C)C2=CC(Br)=C(O)C(CN(C)C)=C12|CCOC(=O)C1=C(CSC2=CC=CC=C2)N(C)C2=CC(Br)=C([OH:1])C(CN(C)C)=C12|CCOC(=O)C1=C(CSC2=CC=CC=C2)N(C)C2=CC(Br)=C(O)C([CH2:1]N(C)C)=C12|CCOC(=O)C1=C(CSC2=CC=CC=C2)N(C)C2=CC(Br)=C(O)C(C[N:1](C)C)=C12|CCOC(=O)C1=C(CSC2=CC=CC=C2)N(C)C2=CC(Br)=C(O)C(C[N:1](C)C)=C12|CCOC(=O)C1=C(C[S:1]C2=CC=CC=C2)N(C)C2=CC(Br)=C(O)C(CN(C)C)=C12|CCOC(=O)C1=C(C[S:1]C2=CC=CC=C2)N(C)C2=CC(Br)=C(O)C(CN(C)C)=C12|CCOC(=O)C1=C(CSC2=CC=[CH:1]C=C2)N(C)C2=CC(Br)=C(O)C(CN(C)C)=C12|N1(C)C([CH2:1]SC2=CC=CC=C2)=C(C(=O)OCC)C2=C1C=C(Br)C(O)=C2CN(C)C|CCOC(=O)C1=C(CSC2=CC=CC=C2)N(C)C2=CC(Br)=C([OH:1])C(CN(C)C)=C12|[CH3:1]COC(=O)C1=C(CSC2=CC=CC=C2)N(C)C2=CC(Br)=C(O)C(CN(C)C)=C12|[CH2:1](C1=C(C(=O)OCC)C2=C(CN(C)C)C(O)=C(Br)C=C2N1C)SC1=CC=CC=C1|C([C:1]1=[C:2](C(=O)OCC)C2=C(CN(C)C)C(O)=C(Br)C=C2N1C)SC1=CC=CC=C1
CN(C)C(=O)COC(=O)Cc1ccc(OC(=O)c2ccc(NC(=N)N)cc2)cc1,N=C(N)Nc1ccc(C(=O)Oc2ccc(CC(=O)O)cc2)cc1,C(OCC(=O)N(C)C)(CC1=CC=C(O[C:1](=O)C2=CC=C(NC(=N)N)C=C2)C=C1)=O|CN(C)[C:1](=O)COC(=O)CC1=CC=C(OC(=O)C2=CC=C(NC(=N)N)C=C2)C=C1|C(N(C)C)(=O)COC(CC1=CC=C(OC(C2=CC=C(NC(N)=N)C=C2)=O)C=[CH:1]1)=O|CN(C)[C:1](=O)COC(=O)CC1=CC=C(OC(=O)C2=CC=C(NC(=N)N)C=C2)C=C1|CN(C)C(=O)COC(=O)CC1=CC=C(O[C:1](=O)C2=CC=C(NC(=N)N)C=C2)C=C1|C(N(C)C)(=O)COC(CC1=CC=C(OC(C2=CC=C(NC(N)=N)C=C2)=O)[CH:1]=C1)=O|C(=O)(OC1=CC=C(CC(OCC(=O)N(C)C)=O)C=C1)C1=CC=C(NC(N)=[NH:1])C=C1|C(=O)(OC1=CC=C(CC(OCC(=O)N(C)[CH3:1])=O)C=C1)C1=CC=C(NC(N)=N)C=C1|C(=O)(OC1=CC=C(CC(OCC(=O)N(C)C)=O)C=C1)C1=CC=C(N[C:1](N)=N)C=C1
CN(C)CCCN1c2ccccc2CCc2ccccc21,CNCCCN1c2ccccc2CCc2ccccc21|NCCCN1c2ccccc2CCc2ccccc21|c1ccc2c(c1)CCc1ccccc1N2|CN(C)CCCN1c2ccccc2CCc2cc(O)ccc21|C[N+](C)([O-])CCCN1c2ccccc2CCc2ccccc21,C(N1C2=C(C=C[CH:1]=[CH:2]2)CCC2=CC=CC=C12)CCN(C)C|CN(C)CCCN1C2=CC=CC=C2C[CH2:1]C2=CC=CC=C12|CN(C)CCCN1C2=CC=CC=C2CCC2=CC=[CH:1]C=C12|CN(C)CCCN1C2=CC=CC=C2CCC2=C[CH:1]=CC=C12|C(N1C2=C([CH:1]=[CH:2]C=C2)CCC2=CC=CC=C12)CCN(C)C|C1C2=C(C=CC=C2)N(CCCN(C)C)C2=C(C=CC=C2)[CH2:1]1|C(N(C)C)CCN1C2=C(C=CC=[CH:1]2)CCC2=CC=CC=C12|C[N:1](C)CCCN1C2=CC=CC=C2CCC2=CC=CC=C12|C[N:1](C)CCCN1C2=CC=CC=C2CCC2=CC=CC=C12|CN(C)CCCN1C2=CC=CC=C2CCC2=[CH:1]C=CC=C12|C(N1C2=C(C=CC=C2)C[CH2:1]C2=CC=CC=C12)CCN(C)C|C(N1C2=C(C=C[CH:1]=C2)CCC2=CC=CC=C12)CCN(C)C|C(N1C2=C(C=C[CH:1]=C2)CCC2=CC=CC=C12)CCN(C)C|C(N1C2=C(C=C[CH:1]=[CH:1]2)CCC2=CC=CC=C12)CCN(C)C|CN(C)CCCN1C2=CC=CC=C2C[CH2:1]C2=CC=CC=C12|C(N1C2=C(C=C[CH:1]=C2)CCC2=CC=CC=C12)CCN(C)C|C(N1C2=C(C=C[CH:1]=[CH:1]2)CCC2=CC=CC=C12)CCN(C)C
CN(C)c1ccc(O)c2c1C[C@H]1C[C@H]3[C@H](N(C)C)C(O)=C(C(N)=O)C(=O)[C@@]3(O)C(O)=C1C2=O,CN(C)c1cc(O)c(O)c2c1C[C@H]1C[C@H]3[C@H](N(C)C)C(O)=C(C(N)=O)C(=O)[C@@]3(O)C(O)=C1C2=O|CN[C@@H]1C(O)=C(C(N)=O)C(=O)[C@@]2(O)C(O)=C3C(=O)c4c(O)ccc(N(C)C)c4C[C@H]3C[C@@H]12|CNc1ccc(O)c2c1C[C@H]1C[C@H]3[C@H](N(C)C)C(O)=C(C(N)=O)C(=O)[C@@]3(O)C(O)=C1C2=O,CN(C)C1=CC=C([OH:1])C2=C1C[C@H]1C[C@H]3[C@H](N(C)C)C(O)=C(C(N)=O)C(=O)[C@@]3(O)C(O)=C1C2=O|CN(C)C1=C[CH:1]=C(O)C2=C1C[C@H]1C[C@H]3[C@H](N(C)C)C(O)=C(C(N)=O)C(=O)[C@@]3(O)C(O)=C1C2=O|CN(C)C1=CC=C([OH:1])C2=C1C[C@H]1C[C@H]3[C@H](N(C)C)C(O)=C(C(N)=O)C(=O)[C@@]3(O)C(O)=C1C2=O|C1(C(N)=O)=C(O)[C@@H](N(C)C)[C@@H]2C[C@H]3C(=C(O)[C@]2(O)C1=O)C(=O)C1=C(O)C=[CH:1]C(N(C)C)=C1C3|C1([C:1](N)=O)=C(O)[C@@H](N(C)C)[C@@H]2C[C@H]3C(=C(O)[C@]2(O)C1=O)C(=O)C1=C(O)C=CC(N(C)C)=C1C3
CN1CCc2cccc3c2[C@H]1Cc1ccc(O)c(O)c1-3,CN1CCc2cccc3c2[C@H]1Cc1ccc(OC2O[C@H](C(=O)O)[C@@H](O)[C@H](O)[C@H]2O)c(O)c1-3|Oc1ccc2c(c1O)-c1cccc3c1[C@@H](C2)NCC3|CN1CCc2cccc3c2[C@H]1CC1=C3C(=O)C(=O)C=C1|CN1CCc2cccc3c2[C@H]1Cc1ccc(O)c(OC2O[C@H](C(=O)O)[C@@H](O)[C@H](O)[C@H]2O)c1-3|COc1c(O)ccc2c1-c1cccc3c1[C@@H](C2)N(C)CC3|COc1ccc2c(c1O)-c1cccc3c1[C@@H](C2)N(C)CC3,CN1CCC2=CC=CC3=C2[C@H]1CC1=CC=C(O)C([OH:1])=C31|CN1CCC2=CC=CC3=C2[C@H]1CC1=CC=C([OH:1])C(O)=C31|CN1CCC2=CC=CC3=C2[C@H]1CC1=CC=C(O)C([OH:1])=C31|CN1CCC2=CC=CC3=C2[C@H]1CC1=CC=C([OH:1])C(O)=C31|CN1CCC2=CC=CC3=C2[C@H]1CC1=CC=C([OH:1])C(O)=C31|CN1CCC2=CC=CC3=C2[C@H]1CC1=CC=C(O)C([OH:1])=C31|C[N:1]1CCC2=CC=CC3=C2[C@H]1CC1=CC=C(O)C(O)=C31|C[N:1]1CCC2=CC=CC3=C2[C@H]1CC1=CC=C(O)C(O)=C31|C1CN(C)[C@@H]2CC3=C(C([OH:1])=C(O)C=C3)C3=C2C1=CC=C3|OC1=C([OH:1])C2=C(C=C1)C[C@@H]1C3=C(C=CC=C23)CCN1C|CN1C[CH2:1]C2=CC=CC3=C2[C@H]1CC1=CC=C(O)C(O)=C31|CN1CCC2=CC=CC3=C2[C@H]1CC1=CC=C([OH:1])C(O)=C31|[OH:1]C1=C(O)C2=C(C=C1)C[C@@H]1C3=C(C=CC=C23)CCN1C|CN1CCC2=CC=[CH:1]C3=C2[C@H]1CC1=CC=C(O)C(O)=C31|CN1CCC2=C[CH:1]=CC3=C2[C@H]1CC1=CC=C(O)C(O)=C31|CN1CCC2=CC=CC3=C2[C@H]1CC1=C[CH:1]=C(O)C(O)=C31|C1CN(C)[C@@H]2CC3=C(C([OH:1])=C(O)C=C3)C3=C2C1=CC=C3|C1CN([CH3:1])[C@@H]2CC3=CC=C(O)C(O)=C3C3=C2C1=CC=C3
CN1c2ccccc2C(=O)N2CCc3c([nH]c4ccccc34)C21,CN1c2ccccc2C(=O)N2CCc3c([nH]c4ccc(O)cc34)C21|CN1c2ccccc2C(=O)N2CC(O)c3c([nH]c4ccccc34)C21,CN1C2=CC=CC=C2C(=O)N2CCC3=C(NC4=C[CH:1]=CC=C34)C12|CN1C2=CC=CC=C2C(=O)N2CCC3=C(NC4=[CH:1]C=CC=C34)C12|CN1C2=CC=[CH:1]C=C2C(=O)N2CCC3=C(NC4=CC=CC=C34)C12|CN1C2=CC=CC=C2C(=O)N2CCC3=C(NC4=CC=[CH:1]C=C34)C12|CN1C2=[CH:1]C=CC=C2C(=O)N2CCC3=C(NC4=CC=CC=C34)C12|CN1C2=C[CH:1]=CC=C2C(=O)N2CCC3=C(NC4=CC=CC=C34)C12|[CH:1]1=[CH:2]C2=C(C=C1)C(=O)N1C(C3=C(C4=CC=CC=C4N3)CC1)N2C|O=C1C2=C(C=CC=C2)N(C)[CH:1]2C3=C(C4=CC=CC=C4N3)CCN12|C12=CC=CC=C1N(C)C1C3=C(C4=C(N3)C=C[CH:1]=[CH:2]4)CCN1C2=O|C12=CC=CC=C1N(C)C1C3=C(C4=C(N3)C=CC=C4)CCN1[C:1]2=O|CN1C2=CC=CC=C2C(=O)N2CCC3=C(NC4=CC=C[CH:1]=C34)C12|C12=CC=CC=C1N(C)C1C3=C(C4=C(N3)[CH:1]=[CH:2]C=C4)CCN1C2=O|CN1C2=CC=CC=C2C(=O)N2C[CH2:1]C3=C(NC4=CC=CC=C34)C12|C1=CC2=C([CH:1]=[CH:2]1)C(=O)N1C(C3=C(C4=CC=CC=C4N3)CC1)N2C
CNC(=O)c1ccccc1Sc1ccc2c(/C=C/c3ccccn3)n[nH]c2c1,CNC(=O)c1ccccc1Sc1ccc2c(C3OC3c3ccccn3)n[nH]c2c1|CNC(=O)c1ccccc1S(=O)c1ccc2c(/C=C/c3ccccn3)n[nH]c2c1|CNC(=O)c1ccccc1Sc1ccc2c(/C=C/c3cccc[n+]3[O-])n[nH]c2c1|O=C(NCO)c1ccccc1Sc1ccc2c(/C=C/c3ccccn3)n[nH]c2c1,CNC(=O)C1=CC=CC=C1[S:1]C1=CC=C2C(/C=C/C3=CC=CC=N3)=NNC2=C1|CNC(=O)C1=CC=CC=C1[S:1]C1=CC=C2C(/C=C/C3=CC=CC=N3)=NNC2=C1|CNC(=O)C1=CC=CC=C1[S:1]C1=CC=C2C(/C=C/C3=CC=CC=N3)=NNC2=C1|CNC(=O)C1=CC=CC=C1SC1=CC=C2C(/C=C/C3=CC=[CH:1]C=N3)=NNC2=C1|[CH3:1]NC(=O)C1=CC=CC=C1SC1=CC=C2C(/C=C/C3=CC=CC=N3)=NNC2=C1|CN[C:1](=O)C1=CC=CC=C1SC1=CC=C2C(/C=C/C3=CC=CC=N3)=NNC2=C1|C1=CC(C(=O)NC)=C(SC2=CC3=C(C(/C=C/C4=CC=CC=N4)=NN3)C=C2)[CH:1]=C1|CNC(=O)C1=CC=CC=C1SC1=CC=C2C(/C=C/C3=CC=CC=[N:1]3)=NNC2=C1|CNC(=O)C1=CC=CC=C1SC1=CC=C2C(/C=C/C3=CC=CC=[N:1]3)=NNC2=C1|C1=CC=C[C:1](SC2=CC=C3C(=C2)NN=C3/C=C/C2=NC=CC=C2)=C1C(=O)NC|CNC(=O)C1=CC=[CH:1]C=C1SC1=CC=C2C(/C=C/C3=CC=CC=N3)=NNC2=C1|C1=CC=CC(SC2=CC=C3C(=C2)NN=C3/C=C/C2=NC=CC=[CH:1]2)=C1C(=O)NC|CNC(=O)C1=C[CH:1]=CC=C1SC1=CC=C2C(/C=C/C3=CC=CC=N3)=NNC2=C1|C[NH:1]C(=O)C1=CC=CC=C1SC1=CC=C2C(/C=C/C3=CC=CC=N3)=NNC2=C1|C1=CC=CC(S[C:1]2=CC=C3C(=C2)NN=C3/C=C/C2=NC=CC=C2)=C1C(=O)NC|CNC(=O)C1=CC=CC=C1SC1=CC=C2C(/C=C/C3=CC=[CH:1]C=N3)=NNC2=C1|CNC(=O)C1=CC=CC=C1SC1=CC=C2C(/C=C/C3=CC=CC=N3)=NNC2=[CH:1]1
CNCC[C@@H](Oc1ccccc1C)c1ccccc1,CNCC[C@@H](Oc1ccccc1CO)c1ccccc1|Cc1ccccc1O[C@H](CCN)c1ccccc1|CNCC[C@@H](Oc1ccc(O)cc1C)c1ccccc1,CNCC[C@@H](OC1=CC=[CH:1]C=C1C)C1=CC=CC=C1|CNCC[C@@H](OC1=CC=CC=C1[CH3:1])C1=CC=CC=C1|[CH3:1]NCC[C@@H](OC1=CC=CC=C1C)C1=CC=CC=C1|CNCC[C@@H](OC1=CC=CC=C1C)C1=CC=[CH:1]C=C1|C(CNC)[C@H](C1=CC=CC=C1)OC1=C(C)[CH:1]=CC=C1|C[NH:1]CC[C@@H](OC1=CC=CC=C1C)C1=CC=CC=C1|C1=C([C@H](OC2=CC=CC=C2C)CC[NH:1]C)C=CC=C1|CNCC[C@@H](OC1=C[CH:1]=CC=C1C)C1=CC=CC=C1|CNCC[C@@H](OC1=CC=[CH:1]C=C1C)C1=CC=CC=C1|CC1=CC=CC=C1O[C@@H](C1=CC=CC=C1)CC[NH:1]C|C(CNC)[C@H](C1=CC=CC=C1)OC1=C([CH3:1])C=CC=C1|C1=C([C@H](OC2=CC=CC=C2C)CC[NH:1]C)C=CC=C1|C(CNC)[C@H](C1=CC=CC=C1)OC1=C([CH3:1])C=CC=C1|CNCC[C@@H](OC1=CC=[CH:1]C=C1C)C1=CC=CC=C1
CNCc1cc(-c2ccccc2F)n(S(=O)(=O)c2cccnc2)c1,O=C(O)c1cc(-c2ccccc2F)n(S(=O)(=O)c2cccnc2)c1|NCc1cc(-c2ccccc2F)n(S(=O)(=O)c2cccnc2)c1|C/[N+]([O-])=C/c1cc(-c2ccccc2F)n(S(=O)(=O)c2cccnc2)c1,CN[CH2:1]C1=CN(S(=O)(=O)C2=CC=CN=C2)C(C2=CC=CC=C2F)=C1|C[NH:1]CC1=CN(S(=O)(=O)C2=CC=CN=C2)C(C2=CC=CC=C2F)=C1|CN[CH2:1]C1=CN(S(=O)(=O)C2=CC=CN=C2)C(C2=CC=CC=C2F)=C1|CNCC1=CN(S(=O)(=O)C2=CC=C[N:1]=C2)C(C2=CC=CC=C2F)=C1|CNCC1=CN(S(=O)(=O)C2=CC=C[N:1]=C2)C(C2=CC=CC=C2F)=C1|C[NH:1]CC1=CN(S(=O)(=O)C2=CC=CN=C2)C(C2=CC=CC=C2F)=C1|[CH3:1]NCC1=CN(S(=O)(=O)C2=CC=CN=C2)C(C2=CC=CC=C2F)=C1|C[NH:1]CC1=CN(S(=O)(=O)C2=CC=CN=C2)C(C2=CC=CC=C2F)=C1|CNCC1=CN(S(=O)(=O)C2=CC=CN=C2)C(C2=CC=[CH:1]C=C2F)=C1|CN[CH2:1]C1=CN(S(=O)(=O)C2=CC=CN=C2)C(C2=CC=CC=C2F)=C1|C[NH:1]CC1=CN(S(=O)(=O)C2=CC=CN=C2)C(C2=CC=CC=C2F)=C1|C[NH:1]CC1=CN(S(=O)(=O)C2=CC=CN=C2)C(C2=CC=CC=C2F)=C1|CNCC1=CN(S(=O)(=O)C2=CC=CN=C2)C(C2=C[CH:1]=CC=C2F)=C1|CNCC1=CN(S(=O)(=O)C2=CC=[CH:1]N=C2)C(C2=CC=CC=C2F)=C1|C(C1=CN(S(=O)(=O)C2=CC=[CH:1]N=C2)C(C2=C(F)C=CC=C2)=C1)NC
CN[C@@H](C)[C@@H](O)c1ccccc1,C[C@H](N)[C@@H](O)c1ccccc1,CN[C@@H](C)[C@@H]([OH:1])C1=CC=CC=C1|C1=C([C@@H]([C@H](C)NC)[OH:1])C=CC=C1|C1=C([C@@H]([C@H](C)NC)[OH:1])C=CC=C1|CN[C@@H](C)[C@@H](O)C1=CC=[CH:1]C=C1|CN[C@@H](C)[C@@H](O)C1=CC=[CH:1]C=C1|CN[C@@H](C)[C@@H]([OH:1])C1=CC=CC=C1|C1=C([C@@H]([C@H](C)NC)[OH:1])C=CC=C1|[C@H](C1=CC=CC=C1)([C@H](C)[NH:1]C)O|C1=C([C@@H]([C@H](C)NC)[OH:1])C=CC=C1|[OH:1][C@H]([C@H](C)NC)C1=CC=CC=C1|[C@H](C1=CC=CC=C1)([C@H](C)[NH:1]C)O|[CH:1]1=CC=C([C@H](O)[C@H](C)NC)C=C1
CN[C@@H](C)[C@H](O)c1ccccc1,C[C@H](O)[C@H](O)c1ccccc1|C[C@@H](N)[C@@H](O)c1ccccc1,C1=C([C@H]([C@H](C)NC)[OH:1])C=CC=C1|CN[C@@H](C)[C@H]([OH:1])C1=CC=CC=C1|C1=C([C@H]([C@H](C)NC)[OH:1])C=CC=C1|CN[C@@H](C)[C@H](O)C1=CC=[CH:1]C=C1|CN[C@@H](C)[C@H](O)C1=CC=[CH:1]C=C1|C1=C([C@H]([C@H](C)NC)[OH:1])C=CC=C1|C1=C([C@H]([C@H](C)NC)[OH:1])C=CC=C1|[C@@H](C1=CC=CC=C1)([C@H](C)[NH:1]C)O|CN[C@@H](C)[C@H]([OH:1])C1=CC=CC=C1|[C@@H](C1=CC=CC=C1)([C@H](C)[NH:1]C)O|[OH:1][C@@H]([C@H](C)NC)C1=CC=CC=C1|CN[C@@H](C)[C@H]([OH:1])C1=CC=CC=C1|CN[C@@H](C)[C@H]([OH:1])C1=CC=CC=C1|CN[C@@H](C)[C@H](O)C1=CC=[CH:1]C=C1
COc1c(-c2ccc3cc(NS(C)(=O)=O)ccc3c2)cc(-n2ccc(=O)[nH]c2=O)cc1C(C)(C)C,COc1c(-c2ccc3cc(NS(C)(=O)=O)ccc3c2)cc(-n2ccc(=O)[nH]c2=O)cc1C(C)(C)CO,COC1=C(C2=CC=C3C=C(NS(C)(=O)=O)C=CC3=C2)C=C(N2C=CC(=O)NC2=O)C=C1C(C)(C)[CH3:1]|COC1=C(C2=CC=C3C=C(NS(C)(=O)=O)C=CC3=C2)C=C(N2[CH:1]=[CH:2]C(=O)NC2=O)C=C1C(C)(C)C|COC1=C(C2=CC=C3C=C(NS(C)(=O)=O)C=CC3=C2)C=C(N2[CH:1]=CC(=O)NC2=O)C=C1C(C)(C)C|C1(C2=C(OC)C(C(C)(C)C)=CC(N3C(=O)NC(=O)C=C3)=C2)=CC=C2C=C(NS(=O)(C)=O)C=[CH:1]C2=C1|C1(C2=C(OC)C(C(C)(C)C)=CC(N3C(=O)NC(=O)[CH:1]=C3)=C2)=CC=C2C=C(NS(=O)(C)=O)C=CC2=C1|CC(C)(C1=CC(N2C=CC(=O)NC2=[O:1])=CC(C2=CC3=C(C=C2)C=C(NS(=O)(C)=O)C=C3)=C1OC)C|COC1=C(C2=CC=C3[CH:1]=[C:2](NS(C)(=O)=O)C=CC3=C2)C=C(N2C=CC(=O)NC2=O)C=C1C(C)(C)C|COC1=C(C2=CC=C3C=[C:1](NS(C)(=O)=O)C=CC3=C2)C=C(N2C=CC(=O)NC2=O)C=C1C(C)(C)C|COC1=C(C2=CC=C3C=C(NS(C)(=O)=O)C=CC3=C2)C=C(N2[CH:1]=CC(=O)NC2=O)C=C1C(C)(C)C|C1=CC(=O)NC(=O)N1C1=CC(C2=CC3=C(C=C2)C=C(NS(=O)(=O)C)C=C3)=C(OC)C(C(C)(C)C)=[CH:1]1|COC1=C(C2=CC=C3C=C(NS(C)(=O)=O)C=CC3=C2)C=C(N2C=[CH:1]C(=O)NC2=O)C=C1C(C)(C)C|COC1=C(C2=CC=C3C=C(NS(C)(=O)=O)C=CC3=[CH:1]2)C=C(N2C=CC(=O)NC2=O)C=C1C(C)(C)C
COc1cc(Cc2cnc(N)nc2N)cc(OC)c1OC,COc1cc(Cc2c[n+]([O-])c(N)nc2N)cc(OC)c1OC|COc1cc(Cc2cnc(N)nc2N)cc(OC)c1O|COc1cc(Cc2cnc(N)[n+]([O-])c2N)cc(OC)c1OC|COc1cc(C(O)c2cnc(N)nc2N)cc(OC)c1OC|COc1cc(Cc2cnc(N)nc2N)cc(O)c1OC,COC1=CC(CC2=C[N:1]=C(N)N=C2N)=CC(OC)=C1OC|COC1=CC(CC2=C[N:1]=C(N)N=C2N)=CC(OC)=C1OC|COC1=CC(CC2=CN=C(N)[N:1]=C2N)=CC(OC)=C1OC|COC1=CC(CC2=CN=C(N)[N:1]=C2N)=CC(OC)=C1OC|COC1=CC(CC2=[CH:1]N=C(N)N=C2N)=CC(OC)=C1OC|COC1=CC(CC2=[CH:1]N=C(N)N=C2N)=CC(OC)=C1OC|COC1=CC([CH2:1]C2=CN=C(N)N=C2N)=CC(OC)=C1OC|COC1=CC(CC2=[CH:1]N=C(N)N=C2N)=CC(OC)=C1OC|COC1=CC(CC2=CN=[C:1](N)N=C2N)=CC(OC)=C1OC|COC1=CC(CC2=CN=C(N)N=C2N)=[CH:1]C(OC)=C1OC|COC1=CC(CC2=CN=C(N)N=[C:1]2N)=CC(OC)=C1OC|C(C1=C([NH2:1])N=C(N)N=C1)C1=CC(OC)=C(OC)C(OC)=C1|COC1=CC(CC2=CN=C([NH2:1])N=C2N)=CC(OC)=C1OC|C(C1=C(N)N=C(N)N=[CH:1]1)C1=CC(OC)=C(OC)C(OC)=C1|NC1=C(CC2=CC(OC)=C(OC)C(OC)=C2)[CH:1]=NC(N)=N1|C1=C(OC)C(OC)=C(OC)C=C1CC1=CN=C([NH2:1])N=C1N|[C:1]1(N)=NC(N)=NC=C1CC1=CC(OC)=C(OC)C(OC)=C1|COC1=CC(CC2=CN=C(N)N=[C:1]2N)=CC(OC)=C1OC|C(C1=C(N)N=C(N)[N:1]=C1)C1=CC(OC)=C(OC)C(OC)=C1|C(C1=C(N)N=C(N)[N:1]=C1)C1=CC(OC)=C(OC)C(OC)=C1|C1=C(OC)C(OC)=C(OC)C=C1CC1=C(N)N=C(N)[N:1]=C1|C1=C(OC)C(OC)=C(OC)C=C1CC1=C(N)N=C(N)[N:1]=C1
COc1cc2nccc(Oc3ccc(NC(=O)NC4CC4)c(Cl)c3)c2cc1C(N)=O,COc1cc2c(cc1C(N)=O)c(Oc1ccc(NC(=O)NC3CC3)c(Cl)c1)cc[n+]2[O-]|NC(=O)c1cc2c(Oc3ccc(NC(=O)NC4CC4)c(Cl)c3)ccnc2cc1O,COC1=CC2=NC=CC(OC3=CC=C(N[C:1](=O)NC4CC4)C(Cl)=C3)=C2C=C1C(N)=O|COC1=CC2=[N:1]C=CC(OC3=CC=C(NC(=O)NC4CC4)C(Cl)=C3)=C2C=C1C(N)=O|COC1=CC2=[N:1]C=CC(OC3=CC=C(NC(=O)NC4CC4)C(Cl)=C3)=C2C=C1C(N)=O|COC1=CC2=NC=CC(OC3=CC=C(NC(=O)N[CH:1]4CC4)C(Cl)=C3)=C2C=C1C(N)=O|COC1=CC2=NC=CC(OC3=CC=C(NC(=O)N[CH:1]4CC4)C(Cl)=C3)=C2C=C1C(N)=O|COC1=CC2=NC=CC(OC3=CC=C(NC(=O)NC4C[CH2:1]4)C(Cl)=C3)=C2C=C1C(N)=O|C1(C(N)=O)=CC2=C(N=[CH:1]C=C2OC2=CC(Cl)=C(NC(=O)NC3CC3)C=C2)C=C1OC|COC1=CC2=NC=CC(OC3=CC=C(NC(=O)NC4CC4)C(Cl)=[CH:1]3)=C2C=C1C(N)=O|COC1=CC2=NC=CC(OC3=CC=C(N[C:1](=O)NC4CC4)C(Cl)=C3)=C2C=C1C(N)=O|C1([C:1](N)=O)=CC2=C(N=CC=C2OC2=CC(Cl)=C(NC(=O)NC3CC3)C=C2)C=C1OC|C1(C(N)=O)=CC2=C(N=CC=C2OC2=CC(Cl)=C(NC(=O)NC3CC3)[CH:1]=C2)C=C1OC|COC1=CC2=NC=C[C:1](OC3=CC=C(NC(=O)NC4CC4)C(Cl)=C3)=C2C=C1C(N)=O|COC1=CC2=NC=[CH:1]C(OC3=CC=C(NC(=O)NC4CC4)C(Cl)=C3)=C2C=C1C(N)=O|COC1=CC2=N[CH:1]=CC(OC3=CC=C(NC(=O)NC4CC4)C(Cl)=C3)=C2C=C1C(N)=O|COC1=[CH:1]C2=NC=CC(OC3=CC=C(NC(=O)NC4CC4)C(Cl)=C3)=C2C=C1C(N)=O|COC1=CC2=NC=CC(OC3=CC=C(NC(=O)NC4CC4)C(Cl)=C3)=C2[CH:1]=C1C(N)=O|C1(C(N)=O)=CC2=C(N=CC=C2OC2=CC(Cl)=C(NC(=O)NC3CC3)C=[CH:1]2)C=C1OC|C1(C(N)=O)=CC2=C(N=CC=C2OC2=CC(Cl)=C(NC(=O)[NH:1]C3CC3)C=C2)C=C1OC
COc1ccc(CC(C)NCC(O)c2ccc(O)c(NC=O)c2)cc1,COc1ccc(CC(C)NCC(O)c2ccc(OS(=O)(=O)O)c(NC=O)c2)cc1|CC(Cc1ccc(O)cc1)NCC(O)c1ccc(O)c(NC=O)c1|COc1ccc(CC(C)NCC(O)c2ccc(O)c(N)c2)cc1|COc1ccc(CC(C)NCC(OC2O[C@H](C(=O)O)[C@@H](O)[C@H](O)[C@H]2O)c2ccc(O)c(NC=O)c2)cc1|COc1ccc(CC(C)NCC(O)c2ccc(OC3O[C@H](C(=O)O)[C@@H](O)[C@H](O)[C@H]3O)c(NC=O)c2)cc1,COC1=CC=C(CC(C)NCC(O)C2=CC=C([OH:1])C(NC=O)=C2)C=C1|COC1=CC=C(CC(C)N[CH2:1]C(O)C2=CC=C(O)C(NC=O)=C2)C=C1|COC1=CC=C(CC(C)NCC([OH:1])C2=CC=C(O)C(NC=O)=C2)C=C1|COC1=CC=C(CC(C)NCC(O)C2=CC=C(O)C(NC=O)=C2)C=[CH:1]1|COC1=CC=C(CC(C)NCC(O)C2=CC=C([OH:1])C(NC=O)=C2)C=C1|COC1=CC=C(CC(C)NCC(O)C2=CC=C([OH:1])C(NC=O)=C2)C=C1|COC1=CC=C(CC(C)NCC(O)C2=C[CH:1]=C(O)C(NC=O)=C2)C=C1|O=CNC1=CC(C(O)CNC(CC2=CC=C(OC)C=C2)[CH3:1])=CC=C1O|C1(CC(NCC(O)C2=C[C:1](NC=O)=C(O)C=C2)C)=CC=C(OC)C=C1|COC1=CC=C(C[CH:1](C)NCC(O)C2=CC=C(O)C(NC=O)=C2)C=C1|O=CNC1=CC(C([OH:1])CNC(CC2=CC=C(OC)C=C2)C)=CC=C1O|C1=C(OC)C=CC(CC(C)NCC(O)C2=CC(NC=O)=C(O)C=[CH:1]2)=C1
COc1ccc(S(=O)(=O)N2Cc3[nH]c4ccccc4c3CC2C(N)=O)cc1,NC(=O)C1Cc2c([nH]c3ccccc23)CN1S(=O)(=O)c1ccc(O)cc1|COc1ccc(S(=O)(=O)N2Cc3[nH]c4ccccc4c3CC2C(N)=O)cc1O|COc1ccc(S(=O)(=O)N2Cc3[nH]c4ccccc4c3C=C2C(N)=O)cc1,COC1=CC=C(S(=O)(=O)N2CC3=C(C4=C[CH:1]=CC=C4N3)CC2C(N)=O)C=C1|COC1=CC=C(S(=O)(=O)N2CC3=C(C4=CC=[CH:1]C=C4N3)CC2C(N)=O)C=C1|COC1=CC=C(S(=O)(=O)N2CC3=C(C4=CC=CC=C4N3)CC2C(N)=O)C=[CH:1]1|COC1=CC=C(S(=O)(=O)N2CC3=C(C4=CC=C[CH:1]=C4N3)CC2C(N)=O)C=C1|COC1=CC=C(S(=O)(=O)N2CC3=C(C4=CC=CC=C4N3)CC2[C:1](N)=O)C=C1|COC1=CC=C(S(=O)(=O)N2CC3=C(C4=[CH:1]C=CC=C4N3)CC2C(N)=O)C=C1|C12=C(C3=CC=CC=C3N1)CC(C(=O)N)N(S(C1=CC=C(OC)C=C1)(=O)=O)[CH2:1]2|COC1=CC=C(S(=O)(=O)N2CC3=C(C4=CC=CC=C4N3)[CH2:1]C2C(N)=O)C=C1|COC1=CC=C(S(=O)(=O)N2CC3=C(C4=CC=CC=C4N3)CC2C(N)=O)[CH:1]=C1|C12=C(NC3=C1C=CC=C3)CN(S(=O)(C1=CC=C(OC)C=C1)=O)C(C(=O)N)[CH2:1]2|C1(S(=O)(N2C(C(=O)N)CC3=C(NC4=C3C=CC=C4)[CH2:1]2)=O)=CC=C(OC)C=C1|C1(S(=O)(N2C(C(=O)N)C[C:1]3=[C:2](NC4=C3C=CC=C4)C2)=O)=CC=C(OC)C=C1
COc1ccc2ccc(=O)oc2c1CC=C(C)C,COc1ccc2c(c1CC=C(C)C)OC(O)C(CC(=O)O)=C2|CC(C)=CCc1c(O)ccc2ccc(=O)oc12|COc1ccc2ccc(=O)oc2c1C/C=C(\C)CO|C=C(C)/C=C/c1c(OC)ccc2ccc(=O)oc12|COc1ccc2cc(O)c(=O)oc2c1CC=C(C)C,COC1=CC=C2C=CC(=O)OC2=C1CC=C(C)[CH3:1]|COC1=CC=C2C=CC(=O)OC2=C1CC=C(C)[CH3:1]|COC1=CC=C2[CH:1]=CC(=O)OC2=C1CC=C(C)C|C1(C[CH:1]=[C:2](C)C)=C2C(=CC=C1OC)C=CC(=O)O2|COC1=CC=C2C=[CH:1]C(=O)OC2=C1CC=C(C)C|COC1=CC=C2C=C[C:1](=O)OC2=C1CC=C(C)C|COC1=C[CH:1]=C2C=CC(=O)OC2=C1CC=C(C)C|C(C1=C(OC)[CH:1]=CC2=C1OC(=O)C=C2)C=C(C)C|COC1=CC=C2C=CC(=O)OC2=C1C[CH:1]=C(C)C|C1(CC=C(C)C)=C2C(=CC=C1OC)[CH:1]=[CH:2]C(=O)O2|COC1=CC=C2C=CC(=O)OC2=C1CC=C(C)[CH3:1]|COC1=CC=C2C=[CH:1]C(=O)OC2=C1CC=C(C)C|C1([CH2:1]C=C(C)C)=C2C(=CC=C1OC)C=CC(=O)O2|COC1=CC=C2C=CC(=O)OC2=C1C[CH:1]=C(C)C
COc1ccccc1Oc1c(NS(=O)(=O)c2ccc(C(C)(C)C)cc2)nc(-c2ncccn2)nc1OCCO,COc1ccccc1Oc1c(NS(=O)(=O)c2ccc(C(C)(C)CO)cc2)nc(-c2ncccn2)nc1OCCO|CC(C)(C)c1ccc(S(=O)(=O)Nc2nc(-c3ncccn3)nc(OCCO)c2Oc2ccccc2O)cc1,COC1=CC=CC=C1OC1=C(OCCO)N=C(C2=NC=CC=N2)N=C1NS(=O)(=O)C1=CC=C(C(C)(C)[CH3:1])C=C1|COC1=CC=CC=C1OC1=C(OCCO)N=C(C2=NC=CC=N2)N=C1N[S:1](C1=CC=C(C(C)(C)C)C=C1)(=O)=O|COC1=C[CH:1]=CC=C1OC1=C(OCCO)N=C(C2=NC=CC=N2)N=C1NS(=O)(=O)C1=CC=C(C(C)(C)C)C=C1|COC1=CC=CC=C1OC1=C(OC[CH2:1]O)N=C(C2=NC=CC=N2)N=C1NS(=O)(=O)C1=CC=C(C(C)(C)C)C=C1|COC1=CC=CC=C1OC1=C(OCCO)N=C(C2=NC=C[CH:1]=N2)N=C1NS(=O)(=O)C1=CC=C(C(C)(C)C)C=C1|C1=CC=CC(OC2=C(OCCO)N=C(C3=NC=CC=N3)N=[C:1]2NS(=O)(=O)C2=CC=C(C(C)(C)C)C=C2)=C1OC|COC1=[CH:1]C=CC=C1OC1=C(OCCO)N=C(C2=NC=CC=N2)N=C1NS(=O)(=O)C1=CC=C(C(C)(C)C)C=C1|COC1=CC=[CH:1]C=C1OC1=C(OCCO)N=C(C2=NC=CC=N2)N=C1NS(=O)(=O)C1=CC=C(C(C)(C)C)C=C1|[N:1]1=C(C2=NC(NS(C3=CC=C(C(C)(C)C)C=C3)(=O)=O)=C(OC3=CC=CC=C3OC)C(OCCO)=N2)N=CC=C1|[N:1]1=C(C2=NC(NS(C3=CC=C(C(C)(C)C)C=C3)(=O)=O)=C(OC3=CC=CC=C3OC)C(OCCO)=N2)N=CC=C1|C1([C:1](C)(C)[CH3:2])=CC=C(S(=O)(=O)NC2=NC(C3=NC=CC=N3)=NC(OCCO)=C2OC2=C(OC)C=CC=C2)C=C1
CS(=O)(=O)CCNCc1ccc(-c2ccc3ncnc(Nc4ccc(OCc5cccc(F)c5)c(Cl)c4)c3c2)o1,NCc1ccc(-c2ccc3ncnc(Nc4ccc(OCc5cccc(F)c5)c(Cl)c4)c3c2)o1|CS(=O)(=O)CCNCc1ccc(-c2ccc3ncnc(Nc4ccc(O)c(Cl)c4)c3c2)o1|CS(=O)(=O)CCN(O)Cc1ccc(-c2ccc3ncnc(Nc4ccc(OCc5cccc(F)c5)c(Cl)c4)c3c2)o1,CS(=O)(=O)CCNCC1=CC=C(C2=CC=C3N=CN=C(NC4=CC=C(O[CH2:1]C5=CC=CC(F)=C5)C(Cl)=C4)C3=C2)O1|CS(=O)(=O)CCNCC1=CC=C(C2=CC=C3N=[CH:1]N=C(NC4=CC=C(OCC5=CC=CC(F)=C5)C(Cl)=C4)C3=C2)O1|CS(=O)(=O)CCN[CH2:1]C1=CC=C(C2=CC=C3N=CN=C(NC4=CC=C(OCC5=CC=CC(F)=C5)C(Cl)=C4)C3=C2)O1|CS(=O)(=O)C[CH2:1]NCC1=CC=C(C2=CC=C3N=CN=C(NC4=CC=C(OCC5=CC=CC(F)=C5)C(Cl)=C4)C3=C2)O1|ClC1=CC(NC2=NC=NC3=CC=C(C4=CC=C(CNCCS(=O)(=O)C)O4)C=C23)=CC=C1OCC1=CC(F)=C[CH:1]=[CH:2]1|CS(=O)(=O)C[CH2:1]NCC1=CC=C(C2=CC=C3N=CN=C(NC4=CC=C(OCC5=CC=CC(F)=C5)C(Cl)=C4)C3=C2)O1|CS(=O)(=O)CCN[CH2:1]C1=CC=C(C2=CC=C3N=CN=C(NC4=CC=C(OCC5=CC=CC(F)=C5)C(Cl)=C4)C3=C2)O1|CS(=O)(=O)CCNCC1=CC=C(C2=CC=C3[N:1]=CN=C(NC4=CC=C(OCC5=CC=CC(F)=C5)C(Cl)=C4)C3=C2)O1|CS(=O)(=O)CCNCC1=CC=C(C2=CC=C3[N:1]=CN=C(NC4=CC=C(OCC5=CC=CC(F)=C5)C(Cl)=C4)C3=C2)O1|C(C1=CC=C[C:1](F)=C1)OC1=C(Cl)C=C(NC2=NC=NC3=CC=C(C4=CC=C(CNCCS(C)(=O)=O)O4)C=C23)C=C1|ClC1=CC(NC2=NC=NC3=CC=C(C4=CC=C(CNCCS(=O)(=O)C)O4)C=C23)=CC=C1OCC1=CC(F)=CC=[CH:1]1|CS(=O)(=O)CCNCC1=CC=C(C2=CC=C3N=CN=C(NC4=CC=C(OCC5=CC=[CH:1]C(F)=C5)C(Cl)=C4)C3=C2)O1|CS(=O)(=O)CCNCC1=CC=C(C2=CC=C3N=[CH:1]N=C(NC4=CC=C(OCC5=CC=CC(F)=C5)C(Cl)=C4)C3=C2)O1|C1=C(O[CH2:1]C2=CC=CC(F)=C2)C(Cl)=CC(NC2=NC=NC3=CC=C(C4=CC=C(CNCCS(C)(=O)=O)O4)C=C23)=C1|[CH:1]1=C(OCC2=CC=CC(F)=C2)C(Cl)=CC(NC2=NC=NC3=CC=C(C4=CC=C(CNCCS(C)(=O)=O)O4)C=C23)=C1|ClC1=CC(NC2=NC=NC3=CC=C(C4=CC=C(CNCCS(=O)(=O)C)O4)C=C23)=CC=C1OCC1=C[C:1](F)=[CH:2]C=C1|C1=C(OCC2=CC=CC(F)=C2)C(Cl)=CC(NC2=NC=NC3=CC=C(C4=CC=C(C[NH:1]CCS(C)(=O)=O)O4)C=C23)=C1|C1=C(NC2=NC=NC3=CC=C(C4=CC=C(C[NH:1]CCS(=O)(=O)C)O4)C=C23)C=C(Cl)C(OCC2=CC=CC(F)=C2)=C1
C[C@@H](Oc1cc(-c2cnn(C3CCNCC3)c2)cnc1N)c1c(Cl)ccc(F)c1Cl,Nc1ncc(-c2cnn(C3CCNCC3)c2)cc1O,C[C@@H](OC1=CC(C2=CN(C3CCN[CH2:1]C3)N=C2)=CN=C1N)C1=C(Cl)C=CC(F)=C1Cl|C[C@@H](OC1=CC(C2=CN(C3CC[NH:1]CC3)N=C2)=CN=C1N)C1=C(Cl)C=CC(F)=C1Cl|C[C@@H](OC1=CC(C2=CN([CH:1]3CCNCC3)N=C2)=CN=C1N)C1=C(Cl)C=CC(F)=C1Cl|C1(O[C@@H](C2=C(Cl)C(F)=CC=C2Cl)C)=CC(C2=CN(C3CCNCC3)N=C2)=C[N:1]=C1N|C1(O[C@@H](C2=C(Cl)C(F)=CC=C2Cl)C)=CC(C2=CN(C3CCNCC3)N=C2)=C[N:1]=C1N|C1(F)=CC=C(Cl)C([C@@H]([CH3:1])OC2=CC(C3=CN(C4CCNCC4)N=C3)=CN=C2N)=C1Cl|C[C@@H](OC1=CC(C2=CN(C3CCN[CH2:1]C3)N=C2)=CN=C1N)C1=C(Cl)C=CC(F)=C1Cl|C[C@@H](OC1=CC(C2=CN(C3CC[NH:1]CC3)N=C2)=CN=C1N)C1=C(Cl)C=CC(F)=C1Cl|C[C@@H](OC1=CC(C2=CN(C3CC[NH:1]CC3)N=C2)=CN=C1N)C1=C(Cl)C=CC(F)=C1Cl|C[C@@H](OC1=CC(C2=CN(C3CCNC[CH2:1]3)N=C2)=CN=C1N)C1=C(Cl)C=CC(F)=C1Cl|C[C@@H](OC1=CC(C2=CN(C3CCNCC3)N=C2)=CN=C1N)C1=C(Cl)C=[CH:1]C(F)=C1Cl|C1(C2=CN=C(N)C(O[C@@H](C3=C(Cl)C=CC(F)=C3Cl)C)=C2)=CN(C2CC[NH:1]CC2)N=C1|C1(F)=CC=C(Cl)C([C@@H](C)OC2=CC(C3=CN(C4CCNCC4)N=C3)=CN=C2[NH2:1])=C1Cl|C[C@@H](OC1=CC(C2=CN(C3CCNCC3)N=[CH:1]2)=CN=C1N)C1=C(Cl)C=CC(F)=C1Cl|C1(C2=CN=C(N)C(O[C@@H](C3=C(Cl)[CH:1]=[CH:2]C(F)=C3Cl)C)=C2)=CN(C2CCNCC2)N=C1|C1(O[C@@H](C2=C(Cl)C(F)=CC=C2Cl)C)=CC(C2=CN(C3CCNCC3)N=C2)=[CH:1]N=C1N|N1(C2CCNCC2)C=C(C2=CC(O[C@@H](C3=C(Cl)C(F)=C[CH:1]=[C:2]3Cl)C)=C(N)N=C2)C=N1|C[C@@H](OC1=CC(C2=CN(C3CCNC[CH2:1]3)N=C2)=CN=C1N)C1=C(Cl)C=CC(F)=C1Cl|C[C@@H](OC1=CC(C2=CN(C3CCNCC3)N=C2)=CN=C1N)C1=C(Cl)[CH:1]=CC(F)=C1Cl
C[C@@H]1CC[C@H]2[C@@H](C)[C@H](OC(=O)CCC(=O)O)O[C@@H]3O[C@@]4(C)CC[C@@H]1[C@@]23OO4,C[C@H]1C2CC[C@H](C)[C@H]3CCC4(C)OO[C@]23[C@@H](O[C@H]1O)O4,OC(CCC(O[C@H]1[C@H](C)[C@@H]2CC[C@@H](C)[C@H]3[C@@]24OO[C@@](C)(O[C@H]4O1)CC3)=O)=[O:1]|[C@H:1]12[C@]34[C@@H](CC[C@@H](C)[C@@H]3CC[C@@](C)(OO4)O1)[C@@H](C)[C@H](OC(CCC(O)=O)=O)O2|[C@H:1]12[C@]34[C@@H](CC[C@@H](C)[C@@H]3CC[C@@](C)(OO4)O1)[C@@H](C)[C@H](OC(CCC(O)=O)=O)O2|[C@H]1(C)[C@H](OC(CCC(=O)O)=O)O[C@H]2[C@@]34OO[C@@](C)(O2)CC[C@H]3[C@H](C)[CH2:1]C[C@@H]14|O[C:1](CCC(O[C@H]1[C@H](C)[C@@H]2CC[C@@H](C)[C@H]3[C@@]24OO[C@@](C)(O[C@H]4O1)CC3)=O)=[O:2]
C[C@H](NC(C)(C)C)C(=O)c1cccc(Cl)c1,CC(C)(C)N[C@H](CO)C(=O)c1cccc(Cl)c1|C[C@H](NC(C)(C)C)C(=O)c1ccc(O)c(Cl)c1|C[C@@H](NC(C)(C)CO)C(=O)c1cccc(Cl)c1|C[C@@H](NC(C)(C)C)C(=O)c1cc(O)cc(Cl)c1|CC(NC(C)(C)CO)C(=O)c1cccc(Cl)c1|C[C@@H]1NC(C)(C)CO[C@]1(O)c1cccc(Cl)c1,C[C@H](NC(C)(C)[CH3:1])C(=O)C1=CC=CC(Cl)=C1|C[C@H](NC(C)(C)C)C(=O)C1=CC=[CH:1]C(Cl)=C1|C[C@H](NC(C)(C)C)C(=O)C1=C[CH:1]=CC(Cl)=C1|[CH3:1][C@H](NC(C)(C)C)C(=O)C1=CC=CC(Cl)=C1|C[C@H](NC(C)(C)C)C(=O)C1=[CH:1]C=CC(Cl)=C1|C1=C(Cl)C=C(C(=O)[C@H:1](C)NC(C)(C)C)C=C1|C[C@H](NC(C)(C)[CH3:1])C(=O)C1=CC=CC(Cl)=C1|C1=C(Cl)C=C(C(=O)[C@H:1](C)NC(C)(C)C)C=C1|C1=C(Cl)C=C(C(=O)[C@H:1](C)NC(C)(C)[CH3:1])C=C1|C1=CC=C(Cl)C=C1C([C@@H:1](NC(C)(C)C)C)=O|C1=C(Cl)C=C(C(=O)[C@H](C)NC(C)(C)C)[CH:1]=[CH:2]1|[CH:1]1=C(Cl)C=C(C(=O)[C@H](C)NC(C)(C)C)C=C1|C1=C(Cl)C=C(C(=O)[C@H:1](C)NC(C)(C)C)C=C1|[NH:1](C(C)(C)C)[C@@H](C)C(=O)C1=CC(Cl)=CC=C1
C[C@H]1CNCCCN1S(=O)(=O)c1cccc2cncc(F)c12,C[C@H]1C[N+]([O-])=CCCN1S(=O)(=O)c1cccc2cncc(F)c12|C[C@H]1CNC(=O)CCN1S(=O)(=O)c1cccc2cncc(F)c12,C[C@H]1CNCCCN1S(=O)(=O)C1=CC=CC2=C[N:1]=CC(F)=C12|C[C@H]1CNCCCN1S(=O)(=O)C1=CC=CC2=C[N:1]=CC(F)=C12|C[C@H]1CN[CH2:1]CCN1S(=O)(=O)C1=CC=CC2=CN=CC(F)=C12|C[C@H]1CNCCCN1S(=O)(=O)C1=CC=CC2=[CH:1]N=CC(F)=C12|C[C@H]1CN[CH2:1]CCN1S(=O)(=O)C1=CC=CC2=CN=CC(F)=C12|C[C@H]1[CH2:1]NCCCN1S(=O)(=O)C1=CC=CC2=CN=CC(F)=C12|C[C@H]1C[NH:1]CCCN1S(=O)(=O)C1=CC=CC2=CN=CC(F)=C12|C[C@H]1CNCC[CH2:1]N1S(=O)(=O)C1=CC=CC2=CN=CC(F)=C12|C[C@H:1]1CNCCCN1S(=O)(=O)C1=CC=CC2=CN=CC(F)=C12|O=S(N1[C@@H](C)CNCCC1)(C1=CC=CC2=C1C(F)=CN=[CH:1]2)=O|N1(S(=O)(C2=CC=CC3=CN=[CH:1]C(F)=C23)=O)CCCNC[C@@H]1C|C[C@H]1[CH2:1]NCCCN1S(=O)(=O)C1=CC=CC2=CN=CC(F)=C12|C[C@H]1CNCCCN1S(=O)(=O)C1=CC=[CH:1]C2=CN=CC(F)=C12|N1([S:1](=O)(C2=CC=CC3=CN=CC(F)=C23)=O)CCCNC[C@@H]1C|N1(S(=O)(C2=CC=CC3=CN=CC(F)=C23)=O)CCC[NH:1]C[C@@H]1C|C[C@H]1CNCC[CH2:1]N1S(=O)(=O)C1=CC=CC2=CN=CC(F)=C12|N1C[C@H](C)N(S(C2=CC=CC3=CN=CC(F)=C23)(=O)=O)C[CH2:1]C1|N1=CC2=C(C(S(=O)(N3CCCNC[C@@H]3[CH3:1])=O)=CC=C2)C(F)=C1|[CH3:1][C@H]1CNCCCN1S(=O)(=O)C1=CC=CC2=CN=CC(F)=C12
C[C@H]1COc2c(N3CCN(C)CC3)c(F)cc3c(=O)c(C(=O)O)cn1c23,C[C@H]1COc2c(N3CCNCC3)c(F)cc3c(=O)c(C(=O)O)cn1c23|C[C@H]1COc2c(N3CC[N+](C)([O-])CC3)c(F)cc3c(=O)c(C(=O)O)cn1c23,C[C@H]1COC2=C3C(=CC(F)=C2N2CC[N:1](C)CC2)C(=O)C(C(=O)O)=CN13|C[C@H]1COC2=C3C(=CC(F)=C2N2CC[N:1](C)CC2)C(=O)C(C(=O)O)=CN13|C1N(C2=C(F)C=C3C4=C2OC[C@H](C)N4C=C(C([OH:1])=O)C3=O)CCN(C)C1|C[C@H]1COC2=C3C(=CC(F)=C2N2CCN(C)[CH2:1]C2)C(=O)C(C(=O)O)=CN13|C1(N2CCN(C)CC2)=C(F)C=C2C(=O)C(C(O)=O)=CN3C2=C1OC[C@@H]3[CH3:1]|C[C@H]1COC2=C3C(=CC(F)=C2N2CCN(C)CC2)C(=O)C(C(=O)[OH:1])=CN13|C[C@H]1COC2=C3C(=CC(F)=C2N2CCN(C)C[CH2:1]2)C(=O)C(C(=O)O)=CN13|C[C@H]1COC2=C3C(=CC(F)=C2N2CCN(C)C[CH2:1]2)C(=O)C(C(=O)O)=CN13|C[C@H]1COC2=C3C(=CC(F)=C2N2CCN(C)[CH2:1]C2)C(=O)C(C(=O)O)=CN13|C1(N2CCN(C)CC2)=C(F)C=C2C(=O)C(C(O)=O)=[CH:1]N3C2=C1OC[C@@H]3C|O1C[C@H](C)N2C3=C(C(=O)C(C([OH:1])=O)=C2)C=C(F)C(N2CCN(C)CC2)=C13|C1=C(F)C(N2CCN(C)CC2)=C2C3=C1C(=O)C(C(O)=O)=CN3[C@@H](C)[CH2:1]O2|O1C[C@H](C)N2C3=C(C(=O)C(C([OH:1])=O)=C2)C=C(F)C(N2CCN(C)CC2)=C13|C1N(C2=C(F)C=C3C4=C2OC[C@H](C)N4C=C(C([OH:1])=O)C3=O)CCN(C)C1|C[C@H]1COC2=C3C(=CC(F)=C2N2CCN([CH3:1])CC2)C(=O)C(C(=O)O)=CN13|C[C@H]1COC2=C3C(=CC(F)=C2[N:1]2CCN(C)CC2)C(=O)C(C(=O)O)=CN13|C[C@H]1COC2=C3C(=CC(F)=C2[N:1]2CCN(C)CC2)C(=O)C(C(=O)O)=CN13|C[C@H]1COC2=C3C(=CC(F)=C2N2CC[N:1](C)CC2)C(=O)C(C(=O)O)=CN13|C[C@H]1COC2=C3C(=CC(F)=C2N2CC[N:1](C)CC2)C(=O)C(C(=O)O)=CN13
C[C@H]1C[C@H]2[C@@H]3CCC4=CC(=O)C=C[C@]4(C)[C@@]3(F)[C@@H](O)C[C@]2(C)[C@@]1(O)C(=O)COP(=O)(O)O,C[C@H]1C[C@H]2[C@@H]3CCC4=CC(=O)C=C[C@]4(C)[C@@]3(F)[C@@H](O)C[C@]2(C)[C@@]1(O)C(=O)CO,F[C@]12[C@@H](O)C[C@]3(C)[C@](C(=O)COP(O)(O)=O)(O)[C@@H](C)C[C@H]3[C@@H]1C[CH2:1]C1=CC(=O)C=C[C@]21C|C([C@]1(O)[C@@]2(C)C[C@H](O)[C@@]3(F)[C@H]([C@@H]2C[C@@H]1C)CCC1=CC(=O)C=C[C@]31C)(COP(O)([OH:1])=O)=O|[C@@]1(C(COP(=O)(O)O)=O)(O)[C@]2(C)[C@H]([C@H]3[C@@](F)([C@]4(C)C(=CC(=O)C=C4)CC3)[C@@H]([OH:1])C2)C[C@@H]1C|F[C@]12[C@@H](O)C[C@]3(C)[C@](C(=O)COP(O)(O)=O)(O)[C@@H](C)C[C@H]3[C@@H]1C[CH2:1]C1=CC(=O)C=C[C@]21C
C[C@]12C=CC(=O)C(Cl)=C1CC[C@H]1[C@H]2CC[C@]2(C)[C@@H]1CC[C@]2(C)O,C[C@]1(O)CC[C@@H]2[C@H]3CCC4=C(Cl)C(=O)C=C[C@]4(C)[C@@H]3[C@@H](O)C[C@]21C,C1=C[C@]2(C)[C@@H]3CC[C@@]4(C)[C@](O)([CH3:1])CC[C@@H]4[C@H]3CCC2=C(Cl)C1=O|C[C@]12C=CC(=O)C(Cl)=C1CC[C@H]1[C@H]2CC[C@]2(C)[C@@H]1C[CH2:1][C@]2(C)O|C1CC2=C(Cl)C(=O)C=C[C@]2(C)[C@@H]2CC[C@]3(C)[C@H](CC[C@@]3(O)[CH3:1])[C@@H]12|C[C@]12C=[CH:1]C(=O)C(Cl)=C1CC[C@H]1[C@H]2CC[C@]2(C)[C@@H]1CC[C@]2(C)O|ClC1=C2[CH2:1]C[C@H]3[C@@H](CC[C@@]4(C)[C@@](C)(O)CC[C@H]34)[C@@]2(C)C=CC1=O|C[C@]12C=CC(=O)C(Cl)=C1CC[C@H]1[C@H]2CC[C@]2(C)[C@@H]1C[CH2:1][C@]2(C)O|C[C@]12C=CC(=O)C(Cl)=C1[CH2:1]C[C@H]1[C@H]2CC[C@]2(C)[C@@H]1CC[C@]2(C)O|C[C@]12C=CC(=O)C(Cl)=C1CC[C@H]1[C@H]2CC[C@]2(C)[C@@H]1C[CH2:1][C@]2(C)O|C1C[C@@H]2[C@@H]3[C@@H]([CH2:1]C[C@@]2(C)[C@]1(O)C)[C@]1(C)C(=C(Cl)C(=O)C=C1)CC3|C[C@]12C=CC(=O)C(Cl)=C1CC[C@H]1[C@H]2CC[C@]2(C)[C@@H]1CC[C@]2(C)[OH:1]|C[C@]12C=CC(=O)C(Cl)=C1[CH2:1]C[C@H]1[C@H]2CC[C@]2(C)[C@@H]1CC[C@]2(C)O|C1[C@@H]2[C@H](CCC3=C(Cl)C(=O)C=C[C@]23C)[C@@H]2[C@](C)([C@@](C)(O)C[CH2:1]2)C1|C1C[C@@H]2[C@@H]3[C@@H](C[CH2:1][C@@]2(C)[C@]1(O)C)[C@]1(C)C(=C(Cl)C(=O)C=C1)CC3|ClC1=C2CC[C@H]3[C@@H](CC[C@@]4(C)[C@@](C)(O)C[CH2:1][C@H]34)[C@@]2(C)C=CC1=O
Cc1cc(N2CCN([C@H]3CN[C@H](C(=O)N4CCSC4)C3)CC2)n(-c2ccccc2)n1,Cc1cc(N2CCN([C@H]3CN[C@H](C(=O)N4CCS(=O)C4)C3)CC2)n(-c2ccccc2)n1|O=C([C@@H]1C[C@@H](N2CCN(c3cc(CO)nn3-c3ccccc3)CC2)CN1)N1CCSC1|Cc1cc(N2CCN([C@H]3CN[C@H](C(=O)O)C3)CC2)n(-c2ccccc2)n1,CC1=NN(C2=CC=CC=C2)C(N2CCN([C@H]3CN[C@H](C(=O)N4CC[S:1]C4)C3)CC2)=C1|[CH3:1]C1=NN(C2=CC=CC=C2)C(N2CCN([C@H]3CN[C@H](C(=O)N4CCSC4)C3)CC2)=C1|CC1=NN(C2=CC=[CH:1]C=C2)C(N2CCN([C@H]3CN[C@H](C(=O)N4CCSC4)C3)CC2)=C1|CC1=NN(C2=CC=CC=C2)C(N2CCN([C@H]3C[NH:1][C@H](C(=O)N4CCSC4)C3)CC2)=C1|CC1=NN(C2=CC=CC=C2)C(N2CCN([C@H:1]3CN[C@H](C(=O)N4CCSC4)C3)CC2)=C1|CC1=NN(C2=CC=CC=C2)C(N2CCN([C@H]3CN[C@H](C(=O)N4CCS[CH2:1]4)C3)CC2)=C1|CC1=NN(C2=CC=CC=C2)C(N2CCN([C@H]3CN[C@H](C(=O)N4CC[S:1]C4)C3)CC2)=C1|CC1=NN(C2=CC=CC=C2)C(N2CCN([C@H]3CN[C@H](C(=O)N4CC[S:1]C4)C3)CC2)=C1|C1(N2CCN([C@@H]3C[C@@H](C(=O)N4CSC[CH2:1]4)NC3)CC2)=CC(C)=NN1C1=CC=CC=C1|CC1=NN(C2=CC=CC=C2)C(N2CCN([C@H]3C[NH:1][C@H](C(=O)N4CCSC4)C3)CC2)=C1|C1=CC=C(N2C(N3CCN([C@H]4CN[C@H](C(=O)N5CCSC5)C4)CC3)=CC(C)=N2)C=[CH:1]1|C1=CC=C(N2C(N3CCN([C@H]4CN[C@H](C(=O)N5CC[S:1]C5)C4)CC3)=CC(C)=N2)C=C1|CC1=NN(C2=CC=CC=C2)C(N2CCN([C@H]3CN[C@H]([C:1](=O)N4CCSC4)C3)CC2)=C1|C1(N2CCN([C@@H]3C[C@@H](C(=O)N4CSC[CH2:1]4)NC3)CC2)=CC(C)=NN1C1=CC=CC=C1|CC1=NN(C2=CC=CC=C2)C(N2CCN([C@H]3CN[C@H](C(=O)N4CCS[CH2:1]4)C3)CC2)=C1|C1=CC=C(N2C(N3CCN([C@H]4CN[C@H](C(=O)N5CCSC5)C4)CC3)=CC(C)=N2)[CH:1]=C1|C1CN(C2=CC(C)=NN2C2=CC=CC=C2)CCN1[C@@H]1C[C@@H](C(=O)N2C[CH2:1]SC2)NC1|CC1=NN(C2=CC=CC=C2)C(N2CCN([C@H]3C[NH:1][C@H](C(=O)N4CCSC4)C3)CC2)=C1|[CH3:1]C1=NN(C2=CC=CC=C2)C(N2CCN([C@H]3CN[C@H](C(=O)N4CCSC4)C3)CC2)=C1|CC1=NN(C2=CC=CC=C2)C(N2CCN([C@H]3CN[C@H](C(=O)N4CC[S:1]C4)C3)CC2)=C1
Cc1cc2c(s1)Nc1ccccc1N=C2N1CCN(C)CC1,Cc1cc2c(s1)Nc1ccc(O)cc1N=C2N1CCN(C)CC1|Cc1cc2c(s1)Nc1ccccc1N=C2N1CCNCC1|CN1CCN(C2=Nc3ccccc3Nc3sc(CO)cc32)CC1|Cc1cc2c(s1)Nc1ccccc1N=C2N1CC[N+](C)([O-])CC1|Cc1cc2c(s1)N(C1OC(C(=O)O)C(O)C(O)C1O)c1ccccc1N=C2N1CCN(C)CC1,C12=CC=CC=C1N=C(N1CCN(C)CC1)C1=C(SC([CH3:1])=C1)N2|[CH3:1]C1=CC2=C(S1)NC1=CC=CC=C1N=C2N1CCN(C)CC1|CC1=CC2=C(S1)NC1=CC=CC=C1N=C2N1CC[N:1](C)CC1|CC1=CC2=C(S1)NC1=CC=CC=C1N=C2N1CC[N:1](C)CC1|CC1=CC2=C(S1)NC1=CC=CC=C1N=C2N1CC[N:1](C)CC1|CC1=CC2=C(S1)NC1=CC=CC=C1N=C2N1CC[N:1](C)CC1|C12=C(SC(C)=C1)NC1=C(C=CC=C1)N=C2N1CC[N:1](C)CC1|C12=C(SC(C)=C1)NC1=C(C=CC=C1)N=C2N1CC[N:1](C)CC1|CC1=CC2=C(S1)NC1=CC=CC=C1N=C2N1CC[N:1](C)CC1|CC1=CC2=C(S1)NC1=CC=CC=C1N=C2N1CC[N:1](C)CC1|CC1=CC2=C(S1)NC1=CC=CC=C1N=C2N1CC[N:1](C)CC1|CC1=CC2=C(S1)NC1=CC=CC=C1N=C2N1CC[N:1](C)CC1|C1CN(C2=NC3=C(C=[CH:1]C=C3)NC3=C2C=C(C)S3)CCN1C|C12=C(SC(C)=C1)NC1=C(C=C[CH:1]=C1)N=C2N1CCN(C)CC1|CC1=CC2=C(S1)NC1=C[CH:1]=CC=C1N=C2N1CCN(C)CC1|C12=C(SC(C)=C1)NC1=C(C=CC=C1)N=C2N1CC[N:1](C)CC1|C12=C(SC(C)=C1)NC1=C(C=CC=C1)N=C2N1CC[N:1](C)CC1|C12=C(SC(C)=C1)NC1=C(C=[CH:1]C=C1)N=C2N1CCN(C)CC1|C1CN(C2=NC3=C([CH:1]=CC=C3)NC3=C2C=C(C)S3)CCN1C|C12=C(SC(C)=C1)NC1=C(C=[CH:1]C=C1)N=C2N1CCN(C)CC1|C12=C(SC(C)=C1)NC1=C(C=C[CH:1]=C1)N=C2N1CCN(C)CC1|CC1=CC2=C(S1)NC1=CC=[CH:1]C=C1N=C2N1CCN(C)CC1
Cc1ccc(-n2nccn2)c(C(=O)N2CCN(c3nc4cc(Cl)ccc4o3)CCC2C)c1,CC1CCN(c2nc3cc(Cl)ccc3o2)CCN1C(=O)c1cc(CO)ccc1-n1nccn1|Cc1ccc(-n2nccn2)c(C(=O)N2CCN(c3nc4cc(Cl)ccc4o3)CCC2CO)c1|Cc1ccc(-n2nccn2)c(C(=O)N2CCN(c3nc4cc(Cl)c(O)cc4o3)CCC2C)c1,CC1=CC=C(N2N=CC=N2)C(C(=O)N2CCN(C3=NC4=CC(Cl)=[CH:1]C=C4O3)CCC2C)=C1|[CH3:1]C1=CC=C(N2N=CC=N2)C(C(=O)N2CCN(C3=NC4=CC(Cl)=CC=C4O3)CCC2C)=C1|Cl[C:1]1=CC2=C(OC(N3CCN(C(=O)C4=CC(C)=CC=C4N4N=CC=N4)C(C)CC3)=N2)C=C1|CC1=CC=C(N2N=CC=N2)C(C(=O)N2CCN(C3=NC4=[CH:1]C(Cl)=CC=C4O3)CCC2C)=C1|CC1=CC=C(N2N=CC=N2)C(C(=O)N2CCN(C3=NC4=CC(Cl)=CC=C4O3)[CH2:1]CC2C)=C1|CC1=CC=C(N2N=CC=N2)C([C:1](=O)N2CCN(C3=NC4=CC(Cl)=CC=C4O3)CCC2C)=C1|CC1=CC=C(N2N=CC=N2)C(C(=O)N2CCN(C3=NC4=CC(Cl)=C[CH:1]=C4O3)CCC2C)=C1|CC1=CC=C(N2N=CC=N2)C(C(=O)N2CCN(C3=NC4=CC(Cl)=CC=C4O3)C[CH2:1]C2C)=C1|CC1=CC=C(N2N=CC=N2)C(C(=O)N2CCN(C3=NC4=CC(Cl)=CC=C4O3)CCC2[CH3:1])=C1|C1=C(N2N=CC=N2)C(C(N2C(C)CCN(C3=NC4=C(O3)C=CC(Cl)=C4)[CH2:1]C2)=O)=CC(C)=C1|CC1=CC=C(N2N=CC=N2)C(C(=O)N2CCN(C3=NC4=CC(Cl)=CC=C4O3)CC[CH:1]2C)=C1|C1=C(N2N=CC=N2)C(C(N2C(C)CCN([C:1]3=NC4=C(O3)C=CC(Cl)=C4)CC2)=O)=CC(C)=C1|CC1=CC=C(N2N=CC=N2)C(C(=O)N2CCN(C3=NC4=CC(Cl)=CC=C4O3)CC[CH:1]2C)=C1|C1=C(N2N=CC=N2)C(C(N2C(C)CCN([C:1]3=NC4=C(O3)C=CC(Cl)=C4)CC2)=O)=CC(C)=C1|CC1=CC=C(N2N=CC=N2)C(C(=O)N2CCN(C3=NC4=CC(Cl)=CC=C4O3)[CH2:1]CC2C)=C1|N1(C2=NC3=CC(Cl)=CC=C3O2)CCN(C(=O)C2=CC(C)=CC=C2N2N=C[CH:1]=N2)C(C)CC1|ClC1=CC2=C(OC(N3CCN(C(=O)C4=CC(C)=CC=C4N4N=CC=N4)C(C)CC3)=N2)[CH:1]=[CH:2]1|[N:1]1(C2=NC3=CC(Cl)=CC=C3O2)CCN(C(=O)C2=CC(C)=CC=C2N2N=CC=N2)C(C)CC1|[N:1]1(C2=NC3=CC(Cl)=CC=C3O2)CCN(C(=O)C2=CC(C)=CC=C2N2N=CC=N2)C(C)CC1|N1(C2=NC3=CC(Cl)=CC=C3O2)[CH2:1]CN(C(=O)C2=CC(C)=CC=C2N2N=CC=N2)C(C)CC1
Cc1ccc(S(=O)(=O)Nc2ccc(C(=O)/C=C/c3ccc(O)cc3)cc2)cc1,Cc1ccc(S(=O)(=O)Nc2ccc(C(=O)/C=C/c3ccc(O)c(O)c3)cc2)cc1|O=C(/C=C/c1ccc(O)cc1)c1ccc(NS(=O)(=O)c2ccc(CO)cc2)cc1,CC1=CC=C(S(=O)(=O)NC2=CC=C(C(=O)/C=C/C3=CC=C([OH:1])C=C3)C=C2)C=C1|CC1=CC=C(S(=O)(=O)NC2=CC=C(C(=O)/C=C/C3=CC=C([OH:1])C=C3)C=C2)C=C1|[CH3:1]C1=CC=C(S(=O)(=O)NC2=CC=C(C(=O)/C=C/C3=CC=C(O)C=C3)C=C2)C=C1|CC1=CC=C(S(=O)(=O)NC2=CC=C(C(=O)/C=C/C3=CC=C([OH:1])C=C3)C=C2)C=C1|CC1=CC=C(S(=O)(=O)NC2=CC=C(C(=O)/C=C/C3=CC=C(O)[CH:1]=C3)C=C2)C=C1|CC1=CC=C(S(=O)(=O)NC2=CC=C(C(=O)/C=C/C3=CC=C([OH:1])C=C3)C=C2)C=C1|CC1=CC=C(S(=O)(=O)NC2=CC=C(C(=O)/C=C/C3=CC=C([OH:1])C=C3)C=C2)C=C1|S(=O)(=O)(C1=CC=C(C)C=C1)NC1=CC=C(C(/C=C/C2=CC=C(O)C=[CH:1]2)=O)C=C1|S(=O)(=O)(C1=CC=C(C)C=C1)NC1=CC=C(C(/C=C/C2=CC=C(O)C=C2)=O)C=[CH:1]1|C(=C/C1=CC=C(O)C=C1)\C(C1=CC=C(N[S:1](=O)(C2=CC=C(C)C=C2)=O)C=C1)=O|CC1=CC=C(S(=O)(=O)NC2=CC=C(C(=O)/C=C/C3=CC=C([OH:1])C=C3)C=C2)C=C1|CC1=CC=C(S(=O)(=O)NC2=CC=C(C(=O)/C=[CH:1]/C3=CC=C(O)C=C3)C=C2)C=C1|S(=O)(=O)(C1=CC=C(C)[CH:1]=C1)NC1=CC=C(C(/C=C/C2=CC=C(O)C=C2)=O)C=C1|C1=CC(C(=O)/C=C/C2=CC=C([OH:1])C=C2)=CC=C1NS(C1=CC=C(C)C=C1)(=O)=O|CC1=CC=C(S(=O)(=O)NC2=CC=C(C(=O)/C=C/C3=CC=C([OH:1])C=C3)C=C2)C=C1
Cc1cccc(C)c1OCC(=O)N[C@@H](Cc1ccccc1)[C@@H](O)C[C@H](Cc1ccccc1)NC(=O)[C@H](C(C)C)N1CCCNC1=O,Cc1cccc(C)c1OCC(=O)N[C@@H](Cc1ccccc1)[C@@H](O)C[C@H](Cc1ccccc1)NC(=O)[C@H](C(C)C)N1CCC(O)NC1=O|Cc1cccc(C)c1OCC(=O)N[C@@H](Cc1ccccc1)[C@@H](O)C[C@H](Cc1ccccc1)NC(=O)[C@H](C(C)C)N1C(=O)NCCC1O,CC1=CC=CC(C)=C1OCC(=O)N[C@@H](CC1=CC=CC=C1)[C@@H](O)C[C@H](CC1=CC=CC=C1)NC(=O)[C@H](C(C)C)N1CC[CH2:1]NC1=O|CC1=CC=CC(C)=C1OCC(=O)N[C@@H](CC1=CC=CC=C1)[C@@H](O)C[C@H](CC1=CC=CC=C1)NC(=O)[C@H](C(C)C)N1[CH2:1]CCNC1=O|CC1=CC=CC(C)=C1OCC(=O)N[C@@H](CC1=CC=CC=C1)[C@@H](O)C[C@H](CC1=CC=CC=C1)NC(=O)[C@H](C(C)C)N1[CH2:1]CCNC1=O|C1CNC(=O)N([C@@H](C(C)C)C(=O)N[C@@H](CC2=CC=CC=C2)C[C@@H]([C@H](CC2=CC=CC=C2)NC(COC2=C(C)C=CC=C2C)=O)[OH:1])C1|CC1=CC=CC([CH3:1])=C1OCC(=O)N[C@@H](CC1=CC=CC=C1)[C@@H](O)C[C@H](CC1=CC=CC=C1)NC(=O)[C@H](C(C)C)N1CCCNC1=O|CC1=CC=CC(C)=C1OC[C:1](=O)N[C@@H](CC1=CC=CC=C1)[C@@H](O)C[C@H](CC1=CC=CC=C1)NC(=O)[C@H](C(C)C)N1CCCNC1=O|CC1=CC=CC(C)=C1OCC(=O)N[C@@H](CC1=CC=CC=C1)[C@@H](O)C[C@H](CC1=CC=CC=C1)NC(=O)[C@H](C(C)[CH3:1])N1CCCNC1=O|C([C@@H](NC(=O)[C@@H](N1C(=O)NC[CH2:1]C1)C(C)C)CC1=CC=CC=C1)[C@@H]([C@@H](NC(COC1=C(C)C=CC=C1C)=O)CC1=CC=CC=C1)O|C([C@@H](N[C:1](=O)[C@@H](N1C(=O)NCCC1)C(C)C)CC1=CC=CC=C1)[C@@H]([C@@H](NC(COC1=C(C)C=CC=C1C)=O)CC1=CC=CC=C1)O|CC1=CC=CC(C)=C1OCC(=O)N[C@@H](CC1=CC=[CH:1]C=C1)[C@@H](O)C[C@H](CC1=CC=CC=C1)NC(=O)[C@H](C(C)C)N1CCCNC1=O|C1=CC=CC(C[C@@H]([C@@H](O)C[C@@H](NC([C@@H](N2[C:1](=O)NCCC2)C(C)C)=O)CC2=CC=CC=C2)NC(=O)COC2=C(C)C=CC=C2C)=C1|CC1=C[CH:1]=CC(C)=C1OCC(=O)N[C@@H](CC1=CC=CC=C1)[C@@H](O)C[C@H](CC1=CC=CC=C1)NC(=O)[C@H](C(C)C)N1CCCNC1=O|CC1=CC=[CH:1]C(C)=C1OCC(=O)N[C@@H](CC1=CC=CC=C1)[C@@H](O)C[C@H](CC1=CC=CC=C1)NC(=O)[C@H](C(C)C)N1CCCNC1=O|C([C@@H](NC(=O)[C@@H](N1C(=O)N[CH2:1]CC1)C(C)C)CC1=CC=CC=C1)[C@@H]([C@@H](NC(COC1=C(C)C=CC=C1C)=O)CC1=CC=CC=C1)O|CC1=CC=CC(C)=C1OCC(=O)N[C@@H](CC1=CC=CC=C1)[C@@H](O)C[C@H](CC1=CC=CC=C1)NC(=O)[C@H](C(C)C)N1CC[CH2:1]NC1=O|C1CNC(=O)N([C@@H](C(C)C)C(=O)N[C@@H](CC2=CC=CC=C2)C[C@@H]([C@H](CC2=CC=CC=C2)NC(COC2=C(C)C=CC=C2C)=O)[OH:1])C1|C([C@@H](NC(=O)[C@@H](N1C(=O)NCCC1)C(C)C)CC1=CC=[CH:1]C=C1)[C@@H]([C@@H](NC(COC1=C(C)C=CC=C1C)=O)CC1=CC=CC=C1)O|C1=CC=CC(C[C@@H]([C@@H](O)C[C@@H](NC([C@@H](N2[C:1](=O)NCCC2)C(C)C)=O)CC2=CC=CC=C2)NC(=O)COC2=C(C)C=CC=C2C)=C1
Clc1ccc(CCCOCCCN2CCCCC2)cc1,O=C(O)CCCCNCCCOCCCc1ccc(Cl)cc1|[O-][N+]1(CCCOCCCc2ccc(Cl)cc2)CCCCC1,ClC1=CC=C([CH2:1]CCOCCCN2CCCCC2)C=C1|ClC1=CC=C(CCCOCCC[N:1]2CCCCC2)C=C1|ClC1=CC=C(CCCOCCC[N:1]2CCCCC2)C=C1|ClC1=CC=C(CCCOCCCN2CCCC[CH2:1]2)C=C1|ClC1=CC=C(CCCOCCCN2CC[CH2:1]CC2)C=C1|ClC1=CC=C(CCCOCC[CH2:1]N2CCCCC2)C=C1|ClC1=CC=C(CC[CH2:1]OCCCN2CCCCC2)C=C1|ClC1=CC=C(CCCOCCCN2CCC[CH2:1]C2)C=C1|ClC1=CC=C(CCCOCCCN2CCCC[CH2:1]2)C=C1|ClC1=CC=C(C[CH2:1]COCCCN2CCCCC2)C=C1|ClC1=CC=C(CCCOCCCN2CCCCC2)C=[CH:1]1|ClC1=CC=C(CCCOCC[CH2:1]N2CCCCC2)C=C1|ClC1=CC=C(CCCOCCCN2CCCCC2)[CH:1]=C1|ClC1=CC=C(CCCO[CH2:1]CCN2CCCCC2)C=C1|ClC1=CC=C(CCCOCCCN2CCCC[CH2:1]2)C=C1|C1CCCCN1CC[CH2:1]OCCCC1=CC=C(Cl)C=C1
Clc1ccccc1CN1CCc2sccc2C1,O=C1C=C2CN(Cc3ccccc3Cl)CCC2S1|Clc1ccccc1CN1C=C2C=C[S+]=C2CC1|OC1CN(Cc2ccccc2Cl)Cc2ccsc21|O=S1C=CC2=C1CCN(Cc1ccccc1Cl)C2|Clc1ccccc1CN1C=Cc2sccc2C1|Clc1cc2c(s1)CCN(Cc1ccccc1Cl)C2|[O-][N+]1(Cc2ccccc2Cl)CCc2sccc2C1,ClC1=CC=CC=C1CN1CCC2=C(C=[CH:1]S2)C1|ClC1=CC=CC=C1CN1CCC2=C([CH:1]=[CH:2]S2)C1|ClC1=CC=CC=C1C[N:1]1CCC2=C(C=CS2)C1|ClC1=CC=CC=C1C[N:1]1CCC2=C(C=CS2)C1|ClC1=CC=CC=C1CN1CCC2=C([CH:1]=CS2)C1|ClC1=CC=CC=C1CN1CCC2=C(C=[CH:1]S2)C1|ClC1=CC=CC=C1CN1CCC2=C(C=C[S:1]2)C1|ClC1=CC=CC=C1CN1CC[C:1]2=[C:2](C=CS2)C1|C12=C(C=C[S:1]1)CN(CC1=CC=CC=C1Cl)CC2|C12=C(C=C[S:1]1)CN(CC1=CC=CC=C1Cl)CC2|ClC1=CC=CC=C1CN1C[CH2:1]C2=C(C=CS2)C1|C1=CC2=C(S1)CCN([CH2:1]C1=C(Cl)C=CC=C1)C2|C12=C(C=CS1)CN(CC1=CC=[CH:1]C=C1Cl)CC2|ClC1=CC=CC=C1CN1CCC2=C(C=[CH:1]S2)C1|C1=CC=CC(CN2[CH2:1]C3=C(SC=C3)CC2)=C1Cl|C12=C(C=CS1)[CH2:1]N(CC1=CC=CC=C1Cl)CC2|ClC1=CC=CC=C1CN1CCC2=C(C=[CH:1]S2)C1|C12=C(C=CS1)CN(CC1=CC=CC=C1Cl)[CH2:1]C2
Cn1c(=O)c2c(ncn2C)n(C)c1=O,Cn1c(=O)[nH]c2ncn(C)c2c1=O|Cn1c(=O)c2c([nH]c(=O)n2C)n(C)c1=O|Cn1cnc2c1c(=O)[nH]c(=O)n2C|Cn1c(=O)c2[nH]cnc2n(C)c1=O,CN1C(=O)C2=C(N=[CH:1]N2C)N(C)C1=O|CN1C(=O)C2=C(N=[CH:1]N2C)N(C)C1=O|CN1C(=O)C2=C(N=[CH:1]N2C)N(C)C1=O|CN1C(=O)C2=C(N=[CH:1]N2C)N(C)C1=O|CN1C(=O)C2=C(N=[CH:1]N2C)N(C)C1=O|CN1C(=O)C2=C(N=[CH:1]N2C)N(C)C1=O|[CH3:1]N1C(=O)C2=C(N=CN2C)N(C)C1=O|C1(=O)N(C)C(=O)N(C)C2=C1N([CH3:1])C=N2|C12=C(N=[CH:1]N1C)N(C)C(=O)N(C)C2=O|O=C1N(C)C2=C(C(=O)N1C)N(C)C=[N:1]2|O=C1N(C)C2=C(C(=O)N1C)N(C)C=[N:1]2|O=C1N([CH3:1])C2=C(C(=O)N1C)N(C)C=N2|O=C1N(C)C2=C(C(=O)N1C)N(C)[CH:1]=[N:2]2
Cn1nnc(-c2ccc(-c3ccc(N4C[C@H](CO)OC4=O)cc3F)cn2)n1,O=C1O[C@@H](CO)CN1c1ccc(-c2ccc(-c3nn[nH]n3)nc2)c(F)c1|Cn1nnc(-c2ccc(-c3ccc(N4C[C@H](C=S(=O)(O)O)OC4=O)cc3F)cn2)n1|Cn1nnc(-c2ccc(-c3ccc(NCC(=O)O)cc3F)cn2)n1|Cn1nnc(-c2ccc(-c3ccc(N4C[C@H](C(=O)O)OC4=O)cc3F)cn2)n1,CN1N=NC(C2=CC=C(C3=CC=C(N4C[C@H](C[OH:1])OC4=O)C=C3F)C=N2)=N1|CN1N=NC(C2=CC=C(C3=CC=C(N4C[C@H]([CH2:1][OH:2])OC4=O)C=C3F)C=N2)=N1|CN1N=NC(C2=CC=C(C3=CC=C(N4[CH2:1][C@H](CO)OC4=O)C=C3F)C=N2)=N1|C1(C2=NN(C)N=N2)=NC=C(C2=C(F)C=C(N3[CH2:1][C@H](CO)OC3=O)C=C2)C=C1|C1(C2=NN(C)N=N2)=NC=C(C2=C(F)C=C(N3C[C@H](CO)O[C:1]3=O)C=C2)C=C1|C1(C2=NN(C)N=N2)=NC=C(C2=C(F)C=C(N3C[C@H](CO)O[C:1]3=O)C=C2)C=C1|CN1N=NC(C2=CC=C(C3=CC=C(N4[CH2:1][C@H](CO)OC4=O)C=C3F)C=N2)=N1|CN1N=NC(C2=CC=C(C3=CC=C(N4[CH2:1][C@H](CO)OC4=O)C=C3F)C=N2)=N1|C1(C2=NN(C)N=N2)=NC=C(C2=C(F)C=C(N3C[C@H](CO)OC3=O)C=[CH:1]2)C=C1|C1(=O)N(C2=C[C:1](F)=C(C3=CC=C(C4=NN(C)N=N4)N=C3)C=C2)C[C@H](CO)O1|CN1N=NC(C2=CC=C(C3=CC=C(N4C[C@H]([CH2:1]O)OC4=O)C=C3F)C=N2)=N1|C1=C(N2C(=O)O[C@@H]([CH2:1]O)C2)C=C(F)C(C2=CN=C(C3=NN(C)N=N3)C=C2)=C1|C1(C2=NN(C)N=N2)=NC=C(C2=C(F)C=C(N3C[C@H](CO)OC3=O)C=C2)C=[CH:1]1|CN1N=NC(C2=CC=C(C3=CC=C(N4C[C@H]([CH2:1]O)OC4=O)C=C3F)C=N2)=N1|CN1N=NC(C2=CC=C(C3=CC=C(N4C[C@H]([CH2:1][OH:1])OC4=O)C=C3F)C=N2)=N1
NC(=O)c1cn(Cc2c(F)cccc2F)nn1,O=C(O)c1cn(Cc2c(F)cccc2F)nn1,N[C:1](=O)C1=CN(CC2=C(F)C=CC=C2F)N=N1|NC(=O)C1=CN([CH2:1]C2=C(F)C=CC=C2F)N=N1|C1=C[C:1](F)=C(CN2C=C(C(N)=O)N=N2)C(F)=C1|C1=CC(F)=C(CN2C=C(C(N)=O)N=N2)C(F)=[CH:1]1|NC(=O)[C:1]1=[CH:2]N(CC2=C(F)C=CC=C2F)N=N1|[CH:1]1=CC(F)=C(CN2C=C(C(N)=O)N=N2)C(F)=C1|[NH2:1]C(=O)C1=CN(CC2=C(F)C=CC=C2F)N=N1|NC(=O)C1=[CH:1]N(CC2=C(F)C=CC=C2F)N=N1|C1=CC(F)=C(CN2C=C(C(N)=O)N=[N:1]2)C(F)=C1|C(C1=C(F)C=CC=C1F)N1N=NC(C(=O)[NH2:1])=C1|[NH2:1]C(=O)C1=CN(CC2=C(F)C=CC=C2F)N=N1|C1=CC(F)=C(CN2C=C(C(N)=O)N=[N:1]2)C(F)=C1|C1=CC(F)=C(CN2C=C(C(N)=O)N=[N:1]2)C(F)=C1|C1(F)=C(CN2C=C(C(=O)N)N=N2)C(F)=C[CH:1]=[CH:2]1|[CH2:1](C1=C(F)C=CC=C1F)N1N=NC(C(=O)N)=C1|[NH2:1]C(=O)C1=CN(CC2=C(F)C=CC=C2F)N=N1|NC(=O)C1=[CH:1]N(CC2=C(F)C=CC=C2F)N=N1|NC(=O)C1=C[N:1](CC2=C(F)C=CC=C2F)N=N1|O=C(C1=[CH:1]N(CC2=C(F)C=CC=C2F)N=N1)N
NC(=O)c1nc(F)cnc1O,NC(=O)c1nc(F)c(O)nc1O,N[C:1](=O)C1=NC(F)=CN=C1O|NC(=O)C1=NC(F)=[CH:1]N=C1O|NC(=O)C1=NC(F)=CN=C1[OH:1]|NC(=O)C1=NC(F)=CN=C1[OH:1]|F[C:1]1=NC(C(N)=O)=C(O)N=C1|NC(=O)C1=NC(F)=[CH:1]N=C1O|C1(F)=NC([C:1](=O)N)=C(O)N=C1|NC(=O)C1=NC(F)=[CH:1]N=C1O|C1(F)=CN=C(O)C([C:1](=O)N)=N1|NC(=O)C1=NC(F)=CN=C1[OH:1]|[C:1]1(F)=NC(C(=O)N)=C(O)N=C1|O=C(C1=[C:1](O)N=CC(F)=N1)N|NC(=O)C1=NC(F)=[CH:1]N=C1O|C1(F)=NC(C(=O)N)=C(O)N=[CH:1]1|NC(C1=C(O)[N:1]=CC(F)=N1)=O|NC(C1=C(O)[N:1]=CC(F)=N1)=O|C1(F)=NC(C(=O)N)=C(O)[N:1]=C1|C1(F)=CN=[C:1](O)C(C(=O)N)=N1|[NH2:1]C(C1=C(O)N=CC(F)=N1)=O|C1(F)=C[N:1]=C(O)C(C(=O)N)=N1|NC(=O)C1=NC(F)=C[N:1]=C1O
NC(N)=Nc1nc(CSCCC(N)=NS(N)(=O)=O)cs1,NC(N)=Nc1nc(CS(=O)CCC(N)=NS(N)(=O)=O)cs1,NC(N)=NC1=NC(C[S:1]CCC(N)=NS(N)(=O)=O)=CS1|NC(N)=NC1=NC(C[S:1]CCC(N)=NS(N)(=O)=O)=CS1|NC(N)=NC1=NC(C[S:1]CCC(N)=NS(N)(=O)=O)=CS1|NC(N)=NC1=NC(CSCCC(N)=N[S:1](N)(=O)=O)=CS1|NC(N)=NC1=NC([CH2:1]SCCC(N)=NS(N)(=O)=O)=CS1|C(C[S:1]CC1=CSC(N=C(N)N)=N1)C(N)=NS(N)(=O)=O|NC(N)=NC1=NC(CS[CH2:1]CC(N)=NS(N)(=O)=O)=CS1|O=S(=O)(N)N=C([NH2:1])CCSCC1=CSC(N=C(N)N)=N1|NC(N)=NC1=NC(C[S:1]CCC(N)=NS(N)(=O)=O)=CS1|O=S(=O)(N)N=[C:1](N)CCSCC1=CSC(N=C(N)N)=N1|NC(N)=NC1=NC(CSC[CH2:1]C(N)=NS(N)(=O)=O)=CS1|N(=C(N)N)C1=NC(CSCCC(=NS(=O)(=O)[NH2:1])N)=CS1|O=S(=O)(N)N=C(N)CC[S:1]CC1=CSC(N=C(N)N)=N1|N[C:1](=NS(N)(=O)=O)CCSCC1=CSC(N=C(N)N)=N1|NC(N)=N[C:1]1=NC(CSCCC(N)=NS(N)(=O)=O)=CS1|N(S(N)(=O)=O)=C(CC[S:1]CC1=CSC(N=C(N)N)=N1)N|N(S(N)(=O)=O)=C(CC[S:1]CC1=CSC(N=C(N)N)=N1)N|O=S(=O)(N)N=C(N)CCSCC1=CSC(N=C(N)[NH2:1])=N1
N[C@@H](Cc1cc(O)c(O)cc1[18F])C(=O)O,NCCc1cc(O)c(O)cc1[18F],C1=C(O)C([OH:1])=CC(C[C@H](N)C(=O)O)=C1[18F]|[NH2:1][C@@H](CC1=CC(O)=C(O)C=C1[18F])C(=O)O|C1([OH:1])=CC(C[C@H](N)C(O)=O)=C([18F])C=C1O|C1(O)=CC(C[C@H](N)C(O)=O)=C([18F])C=C1[OH:1]|N[C@@H](CC1=CC(O)=C([OH:1])C=C1[18F])C(=O)O|[NH2:1][C@@H](CC1=CC(O)=C(O)C=C1[18F])C(=O)O|C1=C(O)C([OH:1])=CC(C[C@H](N)C(=O)O)=C1[18F]|C1(C[C@@H](C(O)=O)N)=CC(O)=C([OH:1])C=C1[18F]|C1([OH:1])=CC(C[C@H](N)C(O)=O)=C([18F])C=C1O
O=C(NOCCO)c1ccc2cncn2c1Nc1ccc(I)cc1F,O=c1[nH]n(-c2ccc(I)cc2F)c2c1ccc1cncn12|NC(=O)c1ccc2cncn2c1Nc1ccc(I)cc1F,O=[C:1](NOCCO)C1=C(NC2=CC=C(I)C=C2F)N2C(=CN=C2)C=C1|O=C(NOCCO)C1=C(NC2=CC=C(I)C=C2F)N2C(=CN=[CH:1]2)C=C1|C(O)CONC(C1=C(NC2=C(F)C=C(I)C=C2)N2C=NC=C2[CH:1]=C1)=O|O=C(NOCCO)C1=C(NC2=CC=C(I)C=C2F)N2C(=CN=C2)C=[CH:1]1|C(O)CONC(C1=C(NC2=[C:1](F)C=C(I)C=C2)N2C=NC=C2C=C1)=O|IC1=CC(F)=C(NC2=C(C(NOCCO)=O)C=CC3=[CH:1]N=CN23)C=C1|C(O)CONC(C1=C(NC2=C(F)C=C(I)C=C2)N2C=N[CH:1]=C2C=C1)=O|O=C(NO[CH2:1]CO)C1=C(NC2=CC=C(I)C=C2F)N2C(=CN=C2)C=C1|C(O)CONC(C1=C(NC2=C(F)C=C(I)C=[CH:1]2)N2C=NC=C2C=C1)=O|O=C(NOCCO)C1=C(NC2=CC=[C:1](I)C=C2F)N2C(=CN=C2)C=C1|O=C(NOCCO)C1=[C:1](NC2=CC=C(I)C=C2F)N2C(=CN=C2)C=C1|O=C(NOCCO)C1=C(NC2=CC=C(I)C=C2F)N2C(=CN=[CH:1]2)C=C1|C(O)CONC(C1=C(NC2=C(F)C=C(I)[CH:1]=C2)N2C=NC=C2C=C1)=O|C(O)CONC(C1=C(NC2=C(F)C=C(I)C=C2)N2C=NC=C2[CH:1]=[CH:2]1)=O|O=C(NOCCO)C1=C(NC2=CC=C(I)C=C2F)N2C(=CN=[CH:1]2)C=C1|O=C(NOCC[OH:1])C1=C(NC2=CC=C(I)C=C2F)N2C(=CN=C2)C=C1
O=C(N[C@H](CO)[C@H](O)c1ccc([N+](=O)[O-])cc1)C(Cl)Cl,O=C(CO)N[C@H](CO)[C@H](O)c1ccc([N+](=O)[O-])cc1|N[C@H](CO)[C@H](O)c1ccc([N+](=O)[O-])cc1|Nc1ccc([C@@H](O)[C@H](N)CO)cc1|O=C(O)C(=O)N[C@H](CO)[C@H](O)c1ccc([N+](=O)[O-])cc1|CC(=O)OC[C@@H](NC(=O)C(Cl)Cl)[C@H](O)c1ccc([N+](=O)[O-])cc1|O=C(N[C@H](COS(=O)(=O)O)[C@H](O)c1ccc([N+](=O)[O-])cc1)C(Cl)Cl|O=C(N[C@H](COC1O[C@H](C(=O)O)[C@@H](O)[C@H](O)[C@H]1O)[C@H](O)c1ccc([N+](=O)[O-])cc1)C(Cl)Cl,O=C(N[C@H](C[OH:1])[C@H](O)C1=CC=C([N+](=O)[O-])C=C1)C(Cl)Cl|[N+](=O)(C1=CC=C([C@H]([C@H](NC(C(Cl)Cl)=O)C[OH:1])O)C=C1)[O-]|C1=CC([C@H]([C@H](NC(=O)C(Cl)Cl)C[OH:1])O)=CC=C1[N+](=O)[O-]|O=C(N[C@H](C[OH:1])[C@H](O)C1=CC=C([N+](=O)[O-])C=C1)C(Cl)Cl|O=C(N[C@H](CO)[C@H]([OH:1])C1=CC=C([N+](=O)[O-])C=C1)C(Cl)Cl|[C@@H]([C@H](O)C1=CC=C([N+](=O)[O-])C=C1)(NC(C(Cl)Cl)=O)C[OH:1]|[C@@H](NC(C(Cl)Cl)=O)(C[OH:1])[C@H](O)C1=CC=C([N+]([O-])=O)C=C1|O=[C:1](N[C@H](CO)[C@H](O)C1=CC=C([N+](=O)[O-])C=C1)C(Cl)Cl|C1=CC([C@H]([C@H](NC(=O)C(Cl)Cl)C[OH:1])O)=CC=C1[N+](=O)[O-]|C1=C([C@@H](O)[C@@H](CO)NC(C(Cl)Cl)=O)C=[CH:1]C([N+]([O-])=O)=C1|O=C(N[C@H](CO)[C@H](O)C1=CC=C([N+:1](=O)[O-])C=C1)C(Cl)Cl|[C@@H]([C@H](O)C1=CC=C([N+](=O)[O-])C=C1)(NC(C(Cl)Cl)=O)C[OH:1]|O=C(N[C@H](C[OH:1])[C@H](O)C1=CC=C([N+](=O)[O-])C=C1)C(Cl)Cl|O=C(N[C@H](CO)[C@H](O)C1=CC=C([N+](=O)[O-])C=C1)[CH:1](Cl)Cl
O=C(O)CCC(=O)OC[C@@H](NC(=O)C(Cl)Cl)[C@H](O)c1ccc([N+](=O)[O-])cc1,O=C(N[C@H](CO)[C@H](O)c1ccc([N+](=O)[O-])cc1)C(Cl)Cl,C(OC[C@H]([C@@H](C1=CC=C([N+]([O-])=O)C=C1)O)NC(=O)C(Cl)Cl)(=O)CCC(=O)[OH:1]|C1=CC([N+]([O-])=O)=CC=C1[C@H]([C@H](NC(C(Cl)Cl)=O)COC(CCC(=O)[OH:1])=O)O|[N+]([O-])(C1=CC=C([C@H]([C@@H](COC(CCC(=O)O)=O)NC(C(Cl)Cl)=O)[OH:1])C=C1)=O|C1=CC([N+]([O-])=O)=CC=C1[C@H]([C@H](NC(C(Cl)Cl)=O)COC(CCC(=O)O)=O)[OH:1]|C(OC[C@H]([C@@H](C1=CC=C([N+]([O-])=O)C=C1)O)NC(=O)C(Cl)Cl)(=O)CCC(=O)[OH:1]|C1=CC([N+]([O-])=O)=CC=C1[C@H]([C@H](NC(C(Cl)Cl)=O)COC(CCC(=O)[OH:1])=O)O|O[C@H](C1=CC=C([N+:1]([O-])=O)C=C1)[C@H](NC(C(Cl)Cl)=O)COC(CCC(=O)O)=O|O=C(O)CCC(=O)OC[C@@H](NC(=O)C(Cl)Cl)[C@H]([OH:1])C1=CC=C([N+](=O)[O-])C=C1|[N+]([O-])(C1=CC=C([C@H]([C@@H](COC(CCC(=O)O)=O)NC(C(Cl)Cl)=O)[OH:1])C=C1)=O|C(OC[C@H]([C@@H](C1=CC=C([N+]([O-])=O)C=C1)O)NC(=O)C(Cl)Cl)(=O)CCC(=O)[OH:1]|C1=CC([N+]([O-])=O)=CC=C1[C@H]([C@H](NC(C(Cl)Cl)=O)COC(CCC(=O)[OH:1])=O)O
O=C(O)c1cc(O)c2c(c1)C(C1c3cc(C(=O)O)cc(O)c3C(=O)c3c(OC4OC(CO)C(O)C(O)C4O)cccc31)c1cccc(OC3OC(CO)C(O)C(O)C3O)c1C2=O,O=C(O)c1cc(O)c2c(c1)C(C1c3cccc(O)c3C(=O)c3c(O)cc(C(=O)O)cc31)c1cccc(O)c1C2=O,C1=CC=C2C(=C1OC1C(O)C(O)C(O)C(CO)O1)C(=O)C1=C(O)C=C(C(O)=O)C=C1C2C1C2=CC(C(=O)O)=CC(O)=C2C(=O)C2=C(O[CH:1]3OC(CO)C(O)C(O)C3O)C=CC=C12|O=C(O)C1=CC(O)=C2C(=C1)C(C1C3=CC(C(=O)O)=CC(O)=C3C(=O)C3=C(OC4OC(CO)C(O)C(O)C4O)C=CC=C13)C1=CC=CC(O[CH:1]3OC(CO)C(O)C(O)C3O)=C1C2=O|O=C(O)C1=CC(O)=C2C(=C1)C(C1C3=CC(C(=O)O)=CC(O)=C3C(=O)C3=C(O[CH:1]4OC(CO)C(O)C(O)C4O)C=CC=C13)C1=CC=CC(OC3OC(CO)C(O)C(O)C3O)=C1C2=O|C12=C(C=CC=C1OC1OC(CO)C(O)C(O)C1O)C(C1C3=C(C(O[CH:1]4OC(CO)C(O)C(O)C4O)=CC=C3)C(=O)C3=C(O)C=C(C(O)=O)C=C13)C1=C(C(O)=CC(C(=O)O)=C1)C2=O|C1=CC=C2C(=C1OC1C(O)C(O)C(O)C(CO)O1)C(=O)C1=C(O)C=C(C(O)=O)C=C1C2C1C2=CC(C(=O)O)=CC(O)=C2C(=O)C2=C(O[CH:1]3OC(CO)C(O)C(O)C3O)C=CC=C12|C1(C2C3=C([C:1](OC4C(O)C(O)C(O)C(CO)O4)=CC=C3)C(=O)C3=C(O)C=C(C(O)=O)C=C23)C2=C(C(OC3C(O)C(O)C(O)C(CO)O3)=CC=C2)C(=O)C2=C(O)C=C(C(O)=O)C=C12|O=C(O)C1=CC(O)=C2C(=C1)C(C1C3=CC(C(=O)O)=CC(O)=C3C(=O)C3=C(OC4OC(CO)C(O)C(O)C4O)C=CC=C13)C1=CC=CC(O[CH:1]3OC(CO)C(O)C(O)C3O)=C1C2=O|C1=CC=C2C(=C1O[CH:1]1OC(CO)C(O)C(O)C1O)C(=O)C1=C(C=C(C(O)=O)C=C1O)C2C1C2=CC(C(=O)O)=CC(O)=C2C(=O)C2=C(OC3C(O)C(O)C(O)C(CO)O3)C=CC=C12|C12=C(C=CC=C1OC1OC(CO)C(O)C(O)C1O)C(C1C3=C(C(O[CH:1]4OC(CO)C(O)C(O)C4O)=CC=C3)C(=O)C3=C(O)C=C(C(O)=O)C=C13)C1=C(C(O)=CC(C(=O)O)=C1)C2=O|C1(O)C(OC2=C3C(=CC=C2)C(C2C4=CC=CC([O:1]C5OC(CO)C(O)C(O)C5O)=C4C(=O)C4=C(O)C=C(C(O)=O)C=C24)C2=CC(C(=O)O)=CC(O)=C2C3=O)OC(CO)C(O)C1O|C1=CC=C2C(=C1O[CH:1]1OC(CO)C(O)C(O)C1O)C(=O)C1=C(C=C(C(O)=O)C=C1O)C2C1C2=CC(C(=O)O)=CC(O)=C2C(=O)C2=C(OC3C(O)C(O)C(O)C(CO)O3)C=CC=C12|C12=C(C=CC=C1OC1OC(CO)C(O)C(O)C1O)C(C1C3=C(C(O[CH:1]4OC(CO)C(O)C(O)C4O)=CC=C3)C(=O)C3=C(O)C=C(C(O)=O)C=C13)C1=C(C(O)=CC(C(=O)O)=C1)C2=O|C1(O)C(OC2=C3C(=CC=C2)C(C2C4=CC=CC([O:1]C5OC(CO)C(O)C(O)C5O)=C4C(=O)C4=C(O)C=C(C(O)=O)C=C24)C2=CC(C(=O)O)=CC(O)=C2C3=O)OC(CO)C(O)C1O
O=C1CN=C(c2ccccc2)c2cc(Cl)ccc2N1,O=C(O)[C@H]1OC(OC2CN=C(c3ccccc3)c3cc(Cl)ccc3N2)[C@H](O)[C@@H](O)[C@@H]1O|O=C1Nc2ccc(Cl)cc2C(c2ccccc2)=NC1O,O=C1[CH2:1]N=C(C2=CC=CC=C2)C2=CC(Cl)=CC=C2N1|O=C1CN=C(C2=CC=CC=C2)C2=CC(Cl)=[CH:1]C=C2N1|O=C1CN=[C:1](C2=CC=CC=C2)C2=CC(Cl)=CC=C2N1|O=C1CN=C(C2=CC=[CH:1]C=C2)C2=CC(Cl)=CC=C2N1|O=[C:1]1CN=C(C2=CC=CC=C2)C2=CC(Cl)=CC=C2N1|Cl[C:1]1=CC2=C(C=C1)NC(=O)CN=C2C1=CC=CC=C1|O=C1CN=C(C2=CC=CC=C2)C2=CC(Cl)=C[CH:1]=C2N1|N1=C(C2=CC=CC=C2)C2=C(C=CC(Cl)=C2)NC(=O)[CH2:1]1|O=C1CN=C(C2=CC=C[CH:1]=C2)C2=CC(Cl)=CC=C2N1|O=C1[CH2:1]N=C(C2=CC=CC=C2)C2=CC(Cl)=CC=C2N1|C1=C2C(=CC=C1Cl)NC(=O)[CH2:1]N=C2C1=CC=CC=C1|ClC1=[CH:1]C2=C(C=C1)NC(=O)CN=C2C1=CC=CC=C1|ClC1=CC2=C([CH:1]=[CH:2]1)NC(=O)CN=C2C1=CC=CC=C1|ClC1=CC2=C(C=C1)N[C:1](=O)CN=C2C1=CC=CC=C1|O=C1[CH2:1]N=C(C2=CC=CC=C2)C2=CC(Cl)=CC=C2N1|ClC1=CC2=C(C=C1)N[C:1](=O)CN=C2C1=CC=CC=C1|N1=C(C2=CC=CC=C2)C2=C(C=[CH:1]C(Cl)=C2)NC(=O)C1|C1=C(Cl)C=CC2=C1[C:1](C1=CC=CC=C1)=NCC(=O)N2|C1=C(Cl)C=CC2=C1[C:1](C1=CC=CC=C1)=NC[C:1](=O)N2|C1=C(Cl)C=C[C:1]2=C1C(C1=CC=CC=C1)=NCC(=O)N2
O=C1Nc2ccc(Cl)cc2C(c2ccccc2)=NC1O,O=C(O)[C@H]1O[C@@H](OC2N=C(c3ccccc3)c3cc(Cl)ccc3N=C2O)[C@H](O)[C@@H](O)[C@@H]1O,O=C1NC2=CC=C(Cl)C=C2C(C2=CC=CC=C2)=NC1[OH:1]|C1=CC=CC=C1[C:1]1=NC(O)C(=O)NC2=C1C=C(Cl)C=C2|O=C1NC2=CC=C(Cl)C=C2C(C2=CC=CC=C2)=NC1[OH:1]|O=C1NC2=CC=C(Cl)C=C2C(C2=CC=[CH:1]C=C2)=NC1O|O=C1NC2=CC=C(Cl)C=C2C(C2=CC=CC=C2)=NC1[OH:1]|C1=CC=CC=C1[C:1]1=NC(O)C(=O)NC2=C1C=C(Cl)C=C2|C1=CC=CC=C1C1=NC(O)[C:1](=O)NC2=C1C=C(Cl)C=C2|O=C1[NH:1]C2=CC=C(Cl)C=C2C(C2=CC=CC=C2)=NC1O|C1=CC=CC=C1[C:1]1=NC(O)C(=O)NC2=C1C=C(Cl)C=C2|O=C1NC2=CC=C(Cl)C=C2C(C2=C[CH:1]=CC=C2)=NC1O|O=C1[NH:1]C2=CC=C(Cl)C=C2C(C2=CC=CC=C2)=NC1O|O=C1NC2=CC=C(Cl)C=C2C(C2=CC=CC=C2)=[N:1]C1O|O=[C:1]1NC2=CC=C(Cl)C=C2C(C2=CC=CC=C2)=NC1O|O=C1NC2=CC=[C:1](Cl)C=C2C(C2=CC=CC=C2)=NC1O|O=C1NC2=[CH:1]C=C(Cl)C=C2C(C2=CC=CC=C2)=NC1O|C12=CC=C(Cl)C=C1C(C1=CC=CC=C1)=NC(O)C(=O)[NH:1]2
O=P1(NCCCl)OCCCN1CCCl,O=CCCl|NP1(=O)OCCCN1CCCl|O=P1(NCCCl)OCCC(O)N1CCCl|O=P1(NCCCl)NCCCO1,O=P1(NCCCl)OCC[CH2:1]N1CCCl|O=P1(NCCCl)OCCCN1[CH2:1]CCl|O=P1(NCCCl)OCC[CH2:1]N1CCCl|O=P1(NCCCl)OCC[CH2:1]N1CCCl|ClCCNP1(=O)N(CCCl)[CH2:1]CCO1|ClCCNP1(=O)N(CCCl)[CH2:1]CCO1|O=P1(NCCCl)O[CH2:1]CCN1CCCl|Cl[CH2:1]CNP1(=O)N(CCCl)CCCO1|O=P1(NCCCl)OC[CH2:1]CN1CCCl|O=P1(NCCCl)OCCC[N:1]1CCCl|O=P1(NCCCl)OCCC[N:1]1CCCl|C(CN[P:1]1(=O)OCCCN1CCCl)Cl|O=[P:1]1(NCCCl)OCCCN1CCCl|ClCCN1P(NCCCl)(=O)O[CH2:1]CC1
OCCOCCN1CCN(C(c2ccccc2)c2ccc(Cl)cc2)CC1,O=C(O)COCCN1CCN(C(c2ccccc2)c2ccc(Cl)cc2)CC1,OCCOC[CH2:1]N1CCN(C(C2=CC=CC=C2)C2=CC=C(Cl)C=C2)CC1|OCCOCCN1CCN([CH:1](C2=CC=CC=C2)C2=CC=C(Cl)C=C2)CC1|C1=CC=CC(C(N2CCN([CH2:1]COCCO)CC2)C2=CC=C(Cl)C=C2)=C1|O[CH2:1]COCCN1CCN(C(C2=CC=CC=C2)C2=CC=C(Cl)C=C2)CC1|OCCOCCN1CCN(C(C2=CC=[CH:1]C=C2)C2=CC=C(Cl)C=C2)CC1|OCCOCC[N:1]1CCN(C(C2=CC=CC=C2)C2=CC=C(Cl)C=C2)CC1|OCCOCC[N:1]1CCN(C(C2=CC=CC=C2)C2=CC=C(Cl)C=C2)CC1|C1=CC=C(C(C2=CC=C(Cl)[CH:1]=C2)N2CCN(CCOCCO)CC2)C=C1|C(N1CCN(C(C2=CC=C(Cl)C=C2)C2=CC=CC=C2)CC1)[CH2:1]OCCO|OCCOCCN1CCN(C(C2=CC=CC=C2)C2=CC=C(Cl)C=[CH:1]2)CC1|OCCOCCN1CCN(C(C2=CC=CC=C2)C2=CC=C(Cl)C=C2)[CH2:1]C1|OCCO[CH2:1]CN1CCN(C(C2=CC=CC=C2)C2=CC=C(Cl)C=C2)CC1|O(CCO)CCN1CCN(C(C2=CC=CC=C2)C2=CC=C(Cl)C=C2)C[CH2:1]1|OCCOCCN1CC[N:1](C(C2=CC=CC=C2)C2=CC=C(Cl)C=C2)CC1|OCCOCCN1CC[N:1](C(C2=CC=CC=C2)C2=CC=C(Cl)C=C2)CC1|OCCOCCN1CCN(C(C2=CC=CC=C2)C2=CC=C(Cl)C=C2)C[CH2:1]1|C1=[CH:1]C=C(C(C2=CC=C(Cl)C=C2)N2CCN(CCOCCO)CC2)C=C1
