,substrate,predict,truth,site_truth,pred_site
0,CC(C)(C)[C@H](NC(=O)C(F)(F)F)C(=O)N1CC2(C[C@H]1C(=O)N[C@H](C#N)C[C@@H]1CCNC1=O)SCCS2,CC(C)(C)[C@H](NC(=O)C(F)(F)F)C(=O)N1CC2(C[C@H]1C(=O)N[C@H](C#N)C[C@@H]1CCNC1=O)SCCS2=O|CC(C)(CO)[C@H](NC(=O)C(F)(F)F)C(=O)N1CC2(C[C@H]1C(=O)N[C@H](C#N)C[C@@H]1CCNC1=O)SCCS2|CC(C)(C)[C@H](N)C(=O)N1CC2(C[C@H]1C(=O)N[C@H](C#N)C[C@@H]1CCNC1=O)SCCS2|CC(C)(C)[C@H](NC(=O)C(F)(F)F)C(=O)N1CC2(C[C@H]1C(=O)N[C@H](C#N)C[C@@H]1CC(O)NC1=O)SCCS2|CC(C)(C)[C@H](NC(=O)C(F)(F)F)C(=O)N1CC2(C[C@H]1C(=O)N[C@@H](C[C@@H]1CCNC1=O)C(=O)O)SCCS2|CC(C)(C)[C@H](NC(=O)C(F)(F)F)C(=O)N1CC2(C[C@H]1C(=O)O)SCCS2|CC(C)(C)[C@H](NC(=O)C(F)(F)F)C(=O)N1CC(S)(SCC=O)C[C@H]1C(=O)N[C@H](C#N)C[C@@H]1CCNC1=O|CC(C)(C)[C@H](NC(=O)C(F)(F)F)C(=O)N1CC2(C[C@H]1C(=O)N[C@@H](C[C@@H]1CCNC1=O)C(N)=O)SCCS2|CC(C)(C)[C@H](NC(=O)C(F)(F)F)C(=O)N1CC2(C[C@H]1C(=O)N[C@H](C#N)C[C@@H]1CCNC1=O)SCC(O)S2|CC(C)(C)[C@H](NC(=O)C(F)(F)F)C(=O)N1CC2(C[C@H]1C(=O)N[C@H](C#N)C[C@H]1CC(O)NC1=O)SCCS2|CC(C)(C)[C@H](NC(=O)C(F)(F)F)C(=O)N1C[C@]2(C[C@H]1C(=O)N[C@H](C#N)C[C@@H]1CCNC1=O)SCCS2=O|CC(C)(C)[C@H](NC(=O)C(F)(F)F)C(=O)N1CC2(C[C@H]1C(=O)N[C@H](C#N)C[C@H]1CCNC1=O)SCCS2=O|CC(C)(C)[C@H](NC(=O)C(F)(F)F)C(=O)N1C[C@@]2(C[C@H]1C(=O)N[C@H](C#N)C[C@@H]1CCNC1=O)SCCS2=O|CC(C)(C)[C@H](NC(=O)C(F)(F)F)C(=O)N1CC2(C[C@H]1C(=O)N[C@H](C#N)C[C@@H]1C(=O)NCC1O)SCCS2|CC(C)(C)[C@H](NC(=O)C(F)(F)F)C(=O)N1CC2(C[C@H]1C(=O)N[C@H](C#N)CCC(=O)NCC=O)SCCS2|CC(C)(C)[C@H](NC(=O)C(F)(F)F)C(O)N1CC2(C[C@H]1C(=O)N[C@H](C#N)C[C@@H]1CCNC1=O)SCCS2|CC(C)(CO)[C@H](NC(=O)C(F)(F)F)C(=O)N1CC2(C[C@H]1C(=O)NC(C#N)C[C@@H]1CCNC1=O)SCCS2|CC(C)(C)[C@H](NC(=O)C(F)(F)F)C(=O)N1CC2(C[C@H]1C(=O)N[C@H](C#N)C[C@@H]1CCNC1=O)SCCS2|CC(C)(C)C(NC(=O)C(F)(F)F)C(=O)N1CC2(C[C@H]1C(=O)N[C@H](C#N)C[C@@H]1CCNC1=O)SCCS2=O|CC(C)(C)[C@H](NC(=O)C(F)(F)F)C(=O)N1CC2(C[C@H]1C(N)=O)SCCS2,CC(C)(C)[C@H](NC(=O)C(F)(F)F)C(=O)N1CC2(C[C@H]1C(=O)N[C@@H](C[C@@H]1CCNC1=O)C(=O)O)SCCS2,CC(C)(C)[C@H](NC(=O)C(F)(F)F)C(=O)N1CC2(C[C@H]1C(=O)N[C@@H](C[C@@H]1CCNC1=O)[C:1]#N)SCCS2,CC(C)(C)[C@H](NC(=O)C(F)(F)F)C(=O)N1CC2(C[C@H]1C(=O)N[C@H](C#N)C[C@@H]1CCNC1=O)SCC[S:1]2|CC(C)([C@H](NC(=O)C(F)(F)F)C(=O)N1CC2(C[C@H]1C(=O)N[C@H](C#N)C[C@@H]1CCNC1=O)SCCS2)[CH3:1]|CC(C)(C)[C@@H](C(=O)N1CC2(C[C@H]1C(=O)N[C@H](C#N)C[C@@H]1CCNC1=O)SCCS2)[NH:1]C(=O)C(F)(F)F|CC(C)(C)[C@H](NC(=O)C(F)(F)F)C(=O)N1CC2(C[C@H]1C(=O)N[C@H](C#N)C[C@@H]1C[CH2:1]NC1=O)SCCS2|CC(C)(C)[C@H](NC(=O)C(F)(F)F)C(=O)N1CC2(C[C@H]1C(=O)N[C@@H](C[C@@H]1CCNC1=O)[C:1]#N)SCCS2|CC(C)(C)[C@H](NC(=O)C(F)(F)F)C(=O)N1CC2(C[C@H]1[C:1](=O)N[C@H](C#N)C[C@@H]1CCNC1=[O:1])SCCS2|CC(C)(C)[C@H](NC(=O)C(F)(F)F)C(=O)N1CC2(C[C@H]1C(=O)N[C@H](C#N)C[C@@H]1CCNC1=O)SC[CH2:1][S:1]2|CC(C)(C)[C@H](NC(=O)C(F)(F)F)C(=O)N1CC2(C[C@H]1C(=O)N[C@@H](C[C@@H]1CCNC1=O)[C:1]#[N:1])SCCS2|CC(C)(C)[C@H](NC(=O)C(F)(F)F)C(=O)N1CC2(C[C@H]1C(=O)N[C@H](C#N)C[C@@H]1CCNC1=O)SC[CH2:1]S2|CC(C)(C)[C@H](NC(=O)C(F)(F)F)C(=O)N1CC2(C[C@H]1C(=O)N[C@H](C#N)C[C@@H]1C[CH2:1]NC1=O)SCCS2|CC(C)(C)[C@H](NC(=O)C(F)(F)F)C(=O)N1CC2(C[C@H]1C(=O)N[C@H](C#N)C[C@@H]1CCNC1=O)SCC[S:1]2|CC(C)(C)[C@H](NC(=O)C(F)(F)F)C(=O)N1CC2(C[C@H]1C(=O)N[C@H](C#N)C[C@@H]1CCNC1=O)SCC[S:1]2|CC(C)(C)[C@H](NC(=O)C(F)(F)F)C(=O)N1CC2(C[C@H]1C(=O)N[C@H](C#N)C[C@@H]1CCNC1=O)SCC[S:1]2|CC(C)(C)[C@H](NC(=O)C(F)(F)F)C(=O)N1CC2(C[C@H]1C(=O)N[C@H](C#N)C[C@H]1C(=O)NC[CH2:1]1)SCCS2|CC(C)(C)[C@H](NC(=O)C(F)(F)F)C(=O)N1CC2(C[C@H]1C(=O)N[C@H](C#N)C[C@H:1]1C(=O)NC[CH2:1]1)SCCS2|CC(C)(C)[C@H](NC(=O)C(F)(F)F)[C:1](N1CC2(C[C@H]1C(=O)N[C@H](C#N)C[C@@H]1CCNC1=O)SCCS2)=[O:1]|CC(C)([C@H](NC(=O)C(F)(F)F)C(=O)N1CC2(C[C@H]1C(=O)N[C@H](C#N)C[C@@H]1CCNC1=O)SCCS2)[CH3:1]|CC(C)(C)[C@H](NC(=O)C(F)(F)F)C(=O)N1CC2(C[C@H]1C(=O)N[C@H](C#N)C[C@@H]1CCNC1=O)SCCS2|CC(C)(C)[C@H](NC(=O)C(F)(F)F)C(=O)N1CC2(C[C@H]1C(=O)N[C@H](C#N)C[C@@H]1CCNC1=O)SCC[S:1]2|CC(C)(C)[C@H](NC(=O)C(F)(F)F)C(=O)N1CC2(C[C@H]1C(=O)[NH:1][C@H](C#N)C[C@@H]1CCNC1=O)SCCS2
1,CC[C@@H](C(=O)Nc1ccc(C(N)=O)c(F)c1)n1cc(OC)c(-c2cc(Cl)ccc2-n2cc(C(F)(F)F)nn2)cc1=O,CC[C@@H](C(=O)NC1=CC=C(C(=O)O)C(F)=C1)N1C=C(OC)C(C2=CC(Cl)=CC=C2N2C=C(C(F)(F)F)N=N2)=CC1=O|CC[C@@H](C(=O)O)N1C=C(OC)C(C2=CC(Cl)=CC=C2N2C=C(C(F)(F)F)N=N2)=CC1=O|CC[C@@H](C(=O)NC1=CC=C(C(N)=O)C(O)=C1)N1C=C(OC)C(C2=CC(Cl)=CC=C2N2C=C(C(F)(F)F)N=N2)=CC1=O|COC1=CN([C@@H](CCO)C(=O)NC2=CC=C(C(N)=O)C(F)=C2)C(=O)C=C1C1=CC(Cl)=CC=C1N1C=C(C(F)(F)F)N=N1|CC[C@@H](C(=O)NC1=CC=C(C(N)=O)C(F)=C1)N1C=C(O)C(C2=CC(Cl)=CC=C2N2C=C(C(F)(F)F)N=N2)=CC1=O|COC1=CN([C@H](C(=O)NC2=CC=C(C(N)=O)C(F)=C2)C(C)O)C(=O)C=C1C1=CC(Cl)=CC=C1N1C=C(C(F)(F)F)N=N1|CC[C@@H](C(=O)NC1=CC(O)=C(C(N)=O)C(F)=C1)N1C=C(OC)C(C2=CC(Cl)=CC=C2N2C=C(C(F)(F)F)N=N2)=CC1=O|COC1=CNC(=O)C=C1C1=CC(Cl)=CC=C1N1C=C(C(F)(F)F)N=N1|CC[C@@H](C(N)=O)N1C=C(OC)C(C2=CC(Cl)=CC=C2N2C=C(C(F)(F)F)N=N2)=CC1=O|CC[C@@H](C(=O)NC1=CC(F)=C(C(N)=O)C=C1O)N1C=C(OC)C(C2=CC(Cl)=CC=C2N2C=C(C(F)(F)F)N=N2)=CC1=O|COC1=CN([C@H](C(=O)NC2=CC=C(C(N)=O)C(F)=C2)[C@@H](C)O)C(=O)C=C1C1=CC(Cl)=CC=C1N1C=C(C(F)(F)F)N=N1|CC[C@@H](C(=O)NC1=CC=C(C(N)=O)C=C1)N1C=C(OC)C(C2=CC(Cl)=CC=C2N2C=C(C(F)(F)F)N=N2)=CC1=O|CC[C@@H](C(=O)NC1=CC=C(C(N)=O)C(F)=C1O)N1C=C(OC)C(C2=CC(Cl)=CC=C2N2C=C(C(F)(F)F)N=N2)=CC1=O|COC1=CN([C@H](C(=O)NC2=CC=C(C(N)=O)C(F)=C2)[C@H](C)O)C(=O)C=C1C1=CC(Cl)=CC=C1N1C=C(C(F)(F)F)N=N1|CC[C@@H](C(=O)NC1=CC=C(C(N)=O)C(F)=C1)N1C(O)=C(OC)C(C2=CC(Cl)=CC=C2N2C=C(C(F)(F)F)N=N2)=CC1=O|CC[C@@H](C(=O)NC1=CC(F)=C(C(N)=O)C2OC12)N1C=C(OC)C(C2=CC(Cl)=CC=C2N2C=C(C(F)(F)F)N=N2)=CC1=O|COC1=CN(CC(=O)NC2=CC=C(C(N)=O)C(F)=C2)C(=O)C=C1C1=CC(Cl)=CC=C1N1C=C(C(F)(F)F)N=N1|CC[C@@](O)(C(=O)NC1=CC=C(C(N)=O)C(F)=C1)N1C=C(OC)C(C2=CC(Cl)=CC=C2N2C=C(C(F)(F)F)N=N2)=CC1=O|CC[C@@H](C(=O)NC1=CC=C(C(N)=O)C(F)=C1)N1C=C(OC)C(C2=CC(Cl)=CC=C2N2C=C(C(F)(F)F)[N+]([O-])=N2)=CC1=O|CC[C@@H](C(=O)NC1=CC=C(C(N)=O)C(F)=C1)N1C=C(OC)C(C2=CC(Cl)=CC=C2N2N=NC(C(F)(F)F)=C2O)=CC1=O,CC[C@@H](C(=O)O)n1cc(OC)c(-c2cc(Cl)ccc2-n2cc(C(F)(F)F)nn2)cc1=O,CC[C@H](n1cc(OC)c(-c2cc(Cl)ccc2-n2cc(C(F)(F)F)nn2)cc1=O)[C:1](=O)Nc1ccc(C(N)=[O:1])c(F)c1,CC[C@@H](C(=O)Nc1ccc(C(N)=O)c(F)c1)n1cc(OC)c(-c2cc(Cl)ccc2-n2cc(C(F)(F)F)nn2)cc1=O|CC[C@H](n1cc(OC)c(-c2cc(Cl)ccc2-n2cc(C(F)(F)F)nn2)cc1=O)[C:1](=O)Nc1ccc(C(N)=[O:1])c(F)c1|CC[C@@H](C(=O)Nc1ccc(C(N)=O)c(F)c1)n1cc(OC)c(-c2cc(Cl)ccc2-n2cc(C(F)(F)F)nn2)cc1=O|COc1cn([C@@H](C[CH3:1])C(=O)Nc2ccc(C(N)=O)c(F)c2)c(=O)cc1-c1cc(Cl)ccc1-n1cc(C(F)(F)F)nn1|CC[C@@H](C(=O)Nc1ccc(C(N)=O)c(F)c1)n1cc([O:1]C)c(-c2cc(Cl)ccc2-n2cc(C(F)(F)F)nn2)cc1=O|COc1cn([C@H](C(=O)Nc2ccc(C(N)=O)c(F)c2)[CH2:1]C)c(=O)cc1-c1cc(Cl)ccc1-n1cc(C(F)(F)F)nn1|CC[C@@H](C(=O)Nc1cc(F)c(C(N)=O)[cH:1]c1)n1cc(OC)c(-c2cc(Cl)ccc2-n2cc(C(F)(F)F)nn2)cc1=O|CC[C@@H](C(=O)Nc1ccc(C(N)=O)c(F)c1)[n:1]1cc(OC)c(-c2cc(Cl)ccc2-n2cc(C(F)(F)F)nn2)cc1=O|CC[C@@H](C(=O)[NH:1]c1ccc(C(N)=O)c(F)c1)n1cc(OC)c(-c2cc(Cl)ccc2-n2cc(C(F)(F)F)nn2)cc1=O|CC[C@@H](C(=O)Nc1cc(F)c(C(N)=O)c[cH:1]1)n1cc(OC)c(-c2cc(Cl)ccc2-n2cc(C(F)(F)F)nn2)cc1=O|COc1cn([C@H](C(=O)Nc2ccc(C(N)=O)c(F)c2)[CH2:1]C)c(=O)cc1-c1cc(Cl)ccc1-n1cc(C(F)(F)F)nn1|CC[C@@H](C(=O)Nc1ccc(C(N)=O)[c:1](F)c1)n1cc(OC)c(-c2cc(Cl)ccc2-n2cc(C(F)(F)F)nn2)cc1=O|CC[C@@H](C(=O)Nc1ccc(C(N)=O)c(F)[cH:1]1)n1cc(OC)c(-c2cc(Cl)ccc2-n2cc(C(F)(F)F)nn2)cc1=O|COc1cn([C@H](C(=O)Nc2ccc(C(N)=O)c(F)c2)[CH2:1]C)c(=O)cc1-c1cc(Cl)ccc1-n1cc(C(F)(F)F)nn1|CC[C@@H](C(=O)Nc1ccc(C(N)=O)c(F)c1)n1c(=O)cc(-c2cc(Cl)ccc2-n2cc(C(F)(F)F)nn2)c(OC)[cH:1]1|CC[C@@H](C(=O)N[c:1]1[cH:1][cH:1][c:1](C(N)=O)[c:1](F)[cH:1]1)n1cc(OC)c(-c2cc(Cl)ccc2-n2cc(C(F)(F)F)nn2)cc1=O|CC[C@@H:1](C(=O)Nc1ccc(C(N)=O)c(F)c1)n1cc(OC)c(-c2cc(Cl)ccc2-n2cc(C(F)(F)F)nn2)cc1=O|CC[C@@H:1](C(=O)Nc1ccc(C(N)=O)c(F)c1)n1cc(OC)c(-c2cc(Cl)ccc2-n2cc(C(F)(F)F)nn2)cc1=O|CC[C@@H](C(=O)Nc1ccc(C(N)=O)c(F)c1)n1cc(OC)c(-c2cc(Cl)ccc2-n2cc(C(F)(F)F)[n:1]n2)cc1=O|CC[C@@H](C(=O)Nc1ccc(C(N)=O)c(F)c1)n1cc(OC)c(-c2cc(Cl)ccc2-n2nnc(C(F)(F)F)[cH:1]2)cc1=O
2,CCCCCc1cc(O)c2c(c1)OC(C)(C)C1CCC(C)CC21,CCCCCC1=CC(O)=C2C(=C1)OC(C)(C)C1CCC(CO)CC21|CCCCCC1=CC(O)=C2C(=C1)OC(C)(C)C1CCC(C)(O)CC21|CC(O)CCCC1=CC(O)=C2C(=C1)OC(C)(C)C1CCC(C)CC21|CCCCCC1=CC(OC2O[C@H](C(=O)O)[C@@H](O)[C@H](O)[C@H]2O)=C2C(=C1)OC(C)(C)C1CCC(C)CC21|CCCCCC1=CC(O)=C2C(=C1)OC(C)(C)C1CC(O)C(C)CC21|CC1CCC2C(C1)C1=C(O)C=C(CCCCCO)C=C1OC2(C)C|CCCC(O)CC1=CC(O)=C2C(=C1)OC(C)(C)C1CCC(C)CC21|CCC(O)CCC1=CC(O)=C2C(=C1)OC(C)(C)C1CCC(C)CC21|CCCCC(O)C1=CC(O)=C2C(=C1)OC(C)(C)C1CCC(C)CC21|CCCCCC1=CC(O)=C2C(=C1)OC(C)(C)[C@@H]1CCC(C)(O)C[C@@H]21|CCCCCC1=CC(O)=C2C(=C1)OC(C)(C)C1CCC(C)C(O)C21|CCCCCC1=CC2=C(C(OS(=O)(=O)O)=C1)C1CC(C)CCC1C(C)(C)O2|CCCCCC1=CC(O)=C2C(=C1)OC(C)(C)[C@@H]1C[C@@H](O)[C@H](C)C[C@@H]21|CCCCCC1=CC(O)=C2C(=C1)OC(C)(C)C1C(O)CC(C)CC21|CCCCCC1=CC(O)=C2C(=C1)OC(C)(C)[C@@H]1CCC(C)(O)C[C@H]21|CCCCCC1=CC(OC2OC(C(=O)O)C(O)C(O)C2O)=C2C(=C1)OC(C)(C)C1CCC(C)CC21|CCCCCC1=CC(O)=C2C(=C1)OC(C)(CO)C1CCC(C)CC21|CCCCCC1=CC(O)=C2C(=C1)OC(C)(C)[C@@H]1CC[C@@](C)(O)C[C@@H]21|CCCCCC1=CC(O)=C2C(=C1)OC(C)(C)[C@H]1CCC(C)(O)C[C@@H]21|CCCCCC1=CC(OC2OC(C(=O)O)[C@@H](O)[C@H](O)[C@H]2O)=C2C(=C1)OC(C)(C)C1CCC(C)CC21,CCCCCc1cc(O)c2c(c1)OC(C)(C)C1CCC(CO)CC21,CCCCCc1cc(O)c2c(c1)OC(C)(C)C1CCC([CH3:1])CC21,CCCCCc1cc(O)c2c(c1)OC(C)(C)C1CCC([CH3:1])CC21|CCCCCc1cc(O)c2c(c1)OC(C)(C)C1CC[CH:1](C)CC21|CC1CCC2C(C1)c1c(O)cc(CCC[CH2:1]C)cc1OC2(C)C|CCCCCc1cc2c([c:1]([OH:1])c1)C1CC(C)CCC1C(C)(C)O2|CCCCCc1cc(O)c2c(c1)OC(C)(C)C1C[CH2:1]C(C)CC21|CC1CCC2C(C1)c1c(O)cc(CCCC[CH3:1])cc1OC2(C)C|CCC[CH2:1]Cc1cc(O)c2c(c1)OC(C)(C)C1CCC(C)CC21|CC[CH2:1]CCc1cc(O)c2c(c1)OC(C)(C)C1CCC(C)CC21|CCCC[CH2:1]c1cc(O)c2c(c1)OC(C)(C)C1CCC(C)CC21|CCCCCc1cc(O)c2c(c1)OC(C)(C)C1CC[CH:1](C)CC21|CCCCCc1cc(O)c2c(c1)OC(C)(C)C1CCC(C)[CH2:1]C21|CCCCCc1cc2c(c([OH:1])c1)C1CC(C)CCC1C(C)(C)O2|CCCCCc1cc(O)c2c(c1)OC(C)(C)C1C[CH2:1]C(C)CC21|CCCCCc1cc(O)c2c(c1)OC(C)(C)C1C2CC(C)C[CH2:1]1|CCCCCc1cc(O)c2c(c1)OC(C)(C)C1CC[CH:1](C)CC21|CCCCCc1cc2c([c:1]([OH:1])c1)C1CC(C)CCC1C(C)(C)O2|CCCCCc1cc(O)c2c(c1)OC(C)([CH3:1])C1CCC(C)CC21|CCCCCc1cc(O)c2c(c1)OC(C)(C)C1CC[CH:1](C)CC21|CCCCCc1cc(O)c2c(c1)OC(C)(C)C1CC[CH:1](C)CC21|CCCCCc1cc2c(c([OH:1])c1)C1CC(C)CCC1C(C)(C)O2
3,CC(=O)Nc1ccc(C)c(C(=O)N[C@H](C)c2cccc3ccccc23)c1,CC1=CC=C(N)C=C1C(=O)N[C@H](C)C1=CC=CC2=CC=CC=C12|C[C@@H](N)C1=CC=CC2=CC=CC=C12|CC(=O)NC1=CC=C(C)C(C(=O)N[C@H](C)C2=CC=C(O)C3=CC=CC=C23)=C1|CC(=O)NC1=CC=C(C)C(/C(=N/[C@H](C)C2=CC=CC3=CC=CC=C23)OC2O[C@H](C(=O)O)[C@@H](O)[C@H](O)[C@H]2O)=C1|CC(=O)NC1=CC=C(C)C(C(N)=O)=C1|CC1=CC=C(N)C=C1C(=O)NC(C)C1=CC=CC2=CC=CC=C12|CC(=O)NC1=CC=C(CO)C(C(=O)N[C@H](C)C2=CC=CC3=CC=CC=C23)=C1|CC(=O)NC1=CC=C(C)C(C(=O)N[C@H](C)C2=CC=CC3=C2C=CC2OC32)=C1|CC(=O)NC1=CC=C(C)C(/C(=N\[C@H](C)C2=CC=CC3=CC=CC=C23)OC2O[C@H](C(=O)O)[C@@H](O)[C@H](O)[C@H]2O)=C1|CC(=O)NC1=CC(C(=O)N[C@H](C)C2=CC=CC3=CC=CC=C23)=C(C)C=C1O|CC(=O)NC1=CC=C(C)C(C(=O)N[C@H](C)C2=CC3OC3C3=CC=CC=C23)=C1|CC(=O)NC1=CC=C(C)C(C(=O)N[C@@H](CO)C2=CC=CC3=CC=CC=C23)=C1|CC(N)C1=CC=CC2=CC=CC=C12|CC1=CC=C(NC(=O)CO)C=C1C(=O)N[C@H](C)C1=CC=CC2=CC=CC=C12|CC1=CC=C(N)C=C1C(=O)N[C@@H](C)C1=CC=CC2=CC=CC=C12|CC(=O)NC1=CC(O)=C(C)C(C(=O)N[C@H](C)C2=CC=CC3=CC=CC=C23)=C1|CC(=O)NC1=CC=C(C)C(C(=O)N[C@H](C)C2=CC=CC3=C2C2OC2C=C3)=C1|CC(=O)N(O)C1=CC=C(C)C(C(=O)N[C@H](C)C2=CC=CC3=CC=CC=C23)=C1|CC(=O)NC1=CC(C(=O)NC(C)C2=CC=CC3=CC=CC=C23)=C(C)C=C1O|CC(=O)NC1=CC=C(C)C(C(=O)N[C@H](CO)C2=CC=CC3=CC=CC=C23)=C1,Cc1ccc(N)cc1C(=O)N[C@H](C)c1cccc2ccccc12,CC(=O)[NH:1]c1ccc(C)c(C(=O)N[C@H](C)c2cccc3ccccc23)c1,CC(=O)[NH:1]c1ccc(C)c(C(=O)N[C@H](C)c2cccc3ccccc23)c1|Cc1ccc([NH:1][C:1](C)=O)cc1C(=O)N[C@H](C)[c:1]1cccc2ccccc21|CC(=O)Nc1ccc(C)c(C(=O)N[C@H](C)c2cc[cH:1]c3ccccc23)c1|CC(=O)Nc1ccc(C)c([C:1](=[O:1])[NH:1][C@H](C)c2cccc3ccccc23)c1|CC(=O)Nc1ccc(C)c(C(=O)[NH:1][C@H](C)c2cccc3ccccc23)c1|CC(=O)[NH:1]c1ccc(C)c(C(=O)N[C@H](C)c2cccc3ccccc23)c1|CC(=O)Nc1ccc([CH3:1])c(C(=O)N[C@H](C)c2cccc3ccccc23)c1|CC(=O)Nc1ccc(C)c(C(=O)N[C@H](C)c2ccc[c:1]3[cH:1][cH:1][cH:1][cH:1][c:1]23)c1|CC(=O)Nc1ccc(C)c([C:1](=[O:1])[NH:1][C@H](C)c2cccc3ccccc23)c1|CC(=O)Nc1cc(C(=O)N[C@H](C)c2cccc3ccccc23)c(C)c[cH:1]1|CC(=O)Nc1ccc(C)c(C(=O)N[C@H](C)[c:1]2[cH:1][cH:1][cH:1][c:1]3cccc[c:1]23)c1|CC(=O)Nc1ccc(C)c(C(=O)N[C@@H](c2cccc3ccccc23)[CH3:1])c1|Cc1ccc([NH:1][C:1](C)=O)cc1C(=O)N[C@H](C)[c:1]1cccc2ccccc21|Cc1ccc(NC(=O)[CH3:1])cc1C(=O)N[C@H](C)c1cccc2ccccc12|CC(=O)[NH:1]c1ccc(C)c(C(=O)N[C@H](C)c2cccc3ccccc23)c1|CC(=O)Nc1cc(C(=O)N[C@H](C)c2cccc3ccccc23)c(C)[cH:1]c1|CC(=O)Nc1ccc(C)c(C(=O)N[C@H](C)c2ccc[c:1]3[cH:1][cH:1][cH:1][cH:1][c:1]23)c1|CC(=O)[NH:1]c1ccc(C)c(C(=O)N[C@H](C)c2cccc3ccccc23)c1|CC(=O)Nc1cc(C(=O)N[C@H](C)c2cccc3ccccc23)c(C)c[cH:1]1|CC(=O)Nc1ccc(C)c(C(=O)N[C@@H](c2cccc3ccccc23)[CH3:1])c1
4,Cc1ccc(N)cc1C(=O)N[C@H](C)c1cccc2ccccc12,CC(=O)NC1=CC=C(C)C(C(=O)N[C@H](C)C2=CC=CC3=CC=CC=C23)=C1|CC1=CC(O)=C(N)C=C1C(=O)N[C@H](C)C1=CC=CC2=CC=CC=C12|CC1=CC=C(O)C=C1C(=O)N[C@H](C)C1=CC=CC2=CC=CC=C12|CC1=CC=C(N)C=C1C(=O)N[C@H](C)C1=CC=C(O)C2=CC=CC=C12|CC(=O)C1=CC=CC2=CC=CC=C12|CC1=CC=C(NO)C=C1C(=O)N[C@H](C)C1=CC=CC2=CC=CC=C12|CC1=CC=C(N)C=C1C(=O)N[C@H](C)C1=CC=CC2=C1C1OC1C=C2|C[C@@H](NC(=O)C1=CC(N)=CC=C1CO)C1=CC=CC2=CC=CC=C12|C[C@@H](N)C1=CC=CC2=CC=CC=C12|CC1=C(O)C=C(N)C=C1C(=O)N[C@H](C)C1=CC=CC2=CC=CC=C12|CC1=CC=C(N)C=C1C(=O)N[C@H](C)C1=CC=CC2=CC=C(O)C=C12|CC1=CC=C(N)C=C1C(=O)N[C@@H](CO)C1=CC=CC2=CC=CC=C12|CC1=CC=C(N)C=C1C(=O)N[C@H](C)C1=CC=CC2=CC(O)=CC=C12|CC1=CC=C(N)C=C1C(=O)N[C@H](C)C1=CC2OC2C2=CC=CC=C12|CC1=CC=C(N)C(O)=C1C(=O)N[C@H](C)C1=CC=CC2=CC=CC=C12|C=C1C=CC(=N)C=C1C(=O)N[C@H](C)C1=CC=CC2=CC=CC=C12|CC1=CC=C(N)C=C1C(=O)N[C@H](C)C1=C(O)C=CC2=CC=CC=C12|CC1=CC=C(N)C=C1C(=O)N[C@H](C)C1=CC=CC2=C(O)C=CC=C12|CC1=CC=C(N)C=C1C(=O)N[C@H](C)C1=CC=CC2=C1C=CC1OC21|CC1=CC=C(N)C=C1C(=O)NCC1=CC=CC2=CC=CC=C12,Cc1cc(O)c(N)cc1C(=O)N[C@H](C)c1cccc2ccccc12,Cc1c[cH:1]c(N)cc1C(=O)N[C@H](C)c1cccc2ccccc12,Cc1ccc([NH2:1])cc1C(=O)N[C@H](C)c1cccc2ccccc12|Cc1c[cH:1]c(N)cc1C(=O)N[C@H](C)c1cccc2ccccc12|Cc1ccc(N)cc1C(=O)N[C@H](C)c1cccc2ccccc12|Cc1ccc(N)cc1C(=O)N[C@H](C)c1cc[cH:1]c2ccccc12|N[c:1]1cc[c:1]([CH3:1])c([C:1](=O)N[C@@H](c2cc[cH:1][c:1]3cc[cH:1]cc23)[CH3:1])c1|Cc1ccc([NH2:1])cc1C(=O)N[C@H](C)c1cccc2ccccc12|Cc1ccc(N)cc1C(=O)N[C@H](C)c1ccc[c:1]2[cH:1][cH:1][cH:1][cH:1][c:1]12|C[C@@H](NC(=O)c1cc(N)ccc1[CH3:1])c1cccc2ccccc12|Cc1ccc([NH2:1])cc1C(=O)N[C@H:1](C)c1cccc2ccccc12|Cc1c(C(=O)N[C@H](C)c2cccc3ccccc23)cc(N)c[cH:1]1|Cc1ccc(N)cc1C(=O)N[C@H](C)c1cccc2cc[cH:1]cc12|Cc1ccc(N)cc1C(=O)N[C@@H](c1cccc2ccccc12)[CH3:1]|Cc1ccc(N)cc1C(=O)N[C@H](C)c1cccc2c[cH:1]ccc12|Cc1ccc(N)cc1C(=O)N[C@H](C)[c:1]1[cH:1][cH:1][cH:1][c:1]2cccc[c:1]12|Cc1ccc(N)[cH:1]c1C(=O)N[C@H](C)c1cccc2ccccc12|C[C@@H](NC(=O)[c:1]1[cH:1][c:1]([NH2:1])[cH:1][cH:1][c:1]1[CH3:1])c1cccc2ccccc12|Cc1ccc(N)cc1C(=O)N[C@H](C)c1c2ccccc2cc[cH:1]1|Cc1ccc(N)cc1C(=O)N[C@H](C)c1cccc2c1ccc[cH:1]2|Cc1ccc(N)cc1C(=O)N[C@H](C)c1ccc[c:1]2[cH:1][cH:1][cH:1][cH:1][c:1]12|Cc1ccc(N)cc1C(=O)N[C@H:1](C)c1cccc2ccccc12
5,Cn1cc(Nc2nccc(N3C[C@@H]4CC[C@H](C3)N4C(=O)[C@@H]3CC3(F)F)n2)cn1,O=C([C@@H]1CC1(F)F)N1[C@H]2CC[C@@H]1CN(C1=CC=NC(NC3=CNN=C3)=N1)C2|CN1C=C(NC2=NC=CC(N3C[C@@H]4CC[C@H](C3)N4C(=O)[C@@H]3CC3(F)F)=N2)C=[N+]1C1O[C@H](C(=O)O)[C@@H](O)[C@H](O)[C@H]1O|CN1C=C(NC2=NC=C(O)C(N3C[C@@H]4CC[C@H](C3)N4C(=O)[C@@H]3CC3(F)F)=N2)C=N1|CN1C=C(NC2=NC=CC(N3C[C@@H]4CC[C@H](C3)N4)=N2)C=N1|NC1=NC=CC(N2C[C@@H]3CC[C@H](C2)N3C(=O)[C@@H]2CC2(F)F)=N1|CN1C=C(NC2=NC=CC(N3C[C@@H]4CC[C@H](C3)N4C(=O)[C@@H]3C(O)C3(F)F)=N2)C=N1|CN1C=C(NC2=NC=CC(NC[C@@H]3CC[C@H](C=O)N3C(=O)[C@@H]3CC3(F)F)=N2)C=N1|CN1C=C(NC2=NC=CC(NC[C@H]3CC[C@@H](C=O)N3C(=O)[C@@H]3CC3(F)F)=N2)C=N1|CN1C=C(NC2=NC=CC(N3C[C@@H]4CC[C@H](C3)N4C(=O)CC(F)(F)CO)=N2)C=N1|CN1C=C(NC2=NC=CC(N3C[C@@H]4CC[C@H](C3)N4C(=O)[C@@H]3CC3(F)F)=N2)C=N1|CN1C=C(NC2=NC=CC(N3C[C@@H]4CC(O)[C@@H](C3)N4C(=O)[C@@H]3CC3(F)F)=N2)C=N1|CN1C=C(NC2=NC=CC(N3C[C@@H]4CC[C@H](C3)[N+]4([O-])C(=O)[C@@H]3CC3(F)F)=N2)C=N1|CN1C=C(NC2=NC(O)=CC(N3C[C@@H]4CC[C@H](C3)N4C(=O)[C@@H]3CC3(F)F)=N2)C=N1|CN1C=C(NC2=NC=CC(N3C[C@@H]4CC[C@H](C3)N4C(=O)CC(F)(F)C=O)=N2)C=N1|CN1C=C(NC2=NC=CC(N3C[C@@H]4CC[C@H](C3)N4C(=O)[C@@H]3CC3(F)F)=N2)C(O)=N1|CN1C=C(NC2=NC=CC(N3C[C@@H]4CC[C@H](C3)N4C(=O)[C@@H]3[C@@H](O)C3(F)F)=N2)C=N1|O=C([C@@H]1CC1(F)F)N1[C@H]2CC[C@@H]1CN(C1=CC=NC(O)=N1)C2|CN1C=C(NC2=NC=CC(N3C[C@H]4C(O)C[C@H](C3)N4C(=O)[C@@H]3CC3(F)F)=N2)C=N1|CN1C=C(NC2=NC=CC(N3C[C@H]4CC[C@@H](C3O)N4C(=O)[C@@H]3CC3(F)F)=N2)C=N1|CN1C=C(NC2=NC=CC(N3C[C@@H]4CC[C@H](C3O)N4C(=O)[C@@H]3CC3(F)F)=N2)C=N1,Nc1nccc(N2C[C@H]3CC[C@@H](C2)N3C(=O)[C@@H]2CC2(F)F)n1,Cn1cc([NH:1]c2nccc(N3C[C@@H]4CC[C@H](C3)N4C(=O)[C@@H]3CC3(F)F)n2)cn1,C[n:1]1cc(Nc2nccc(N3C[C@@H]4CC[C@H](C3)N4C(=O)[C@@H]3CC3(F)F)n2)cn1|Cn1cc(Nc2nccc(N3C[C@@H]4CC[C@H](C3)N4C(=O)[C@@H]3CC3(F)F)n2)c[n:1]1|Cn1cc(Nc2nc[cH:1]c(N3C[C@@H]4CC[C@H](C3)N4C(=O)[C@@H]3CC3(F)F)n2)cn1|Cn1cc(Nc2nccc(N3C[C@@H]4CC[C@H](C3)[N:1]4C(=O)[C@@H]3CC3(F)F)n2)cn1|Cn1cc([NH:1]c2nccc(N3C[C@@H]4CC[C@H](C3)N4C(=O)[C@@H]3CC3(F)F)n2)cn1|Cn1cc(Nc2nccc(N3C[C@@H]4CC[C@H](C3)N4C(=O)[C@H]3C(F)(F)[CH2:1]3)n2)cn1|Cn1cc(Nc2nccc([N:1]3C[C@@H]4CC[C@@H](N4C(=O)[C@@H]4CC4(F)F)[CH2:1]3)n2)cn1|Cn1cc(Nc2nccc([N:1]3C[C@H]4CC[C@H](N4C(=O)[C@@H]4CC4(F)F)[CH2:1]3)n2)cn1|Cn1cc(Nc2nccc(N3C[C@@H]4CC[C@H](C3)N4C(=O)[C@H:1]3C(F)(F)[CH2:1]3)n2)cn1|Cn1cc(Nc2nccc(N3C[C@@H]4CC[C@H](C3)N4C(=O)[C@@H]3CC3(F)F)n2)cn1|Cn1cc(Nc2nccc(N3C[C@@H]4C[CH2:1][C@H](C3)N4C(=O)[C@@H]3CC3(F)F)n2)cn1|Cn1cc(Nc2nccc(N3C[C@@H]4CC[C@H](C3)[N:1]4C(=O)[C@@H]3CC3(F)F)n2)cn1|Cn1cc(Nc2nc(N3C[C@@H]4CC[C@H](C3)N4C(=O)[C@@H]3CC3(F)F)c[cH:1]n2)cn1|Cn1cc(Nc2nccc(N3C[C@@H]4CC[C@H](C3)N4C(=O)[C@H:1]3C(F)(F)[CH2:1]3)n2)cn1|Cn1cc(Nc2nccc(N3C[C@@H]4CC[C@H](C3)N4C(=O)[C@@H]3CC3(F)F)n2)[cH:1]n1|Cn1cc(Nc2nccc(N3C[C@@H]4CC[C@H](C3)N4C(=O)[C@H]3C(F)(F)[CH2:1]3)n2)cn1|Cn1cc(Nc2nccc(N3C[C@@H]4CC[C@H](C3)N4C(=O)[C@@H]3CC3(F)F)n2)cn1|Cn1cc(Nc2nccc(N3C[C@@H]4C[CH2:1][C@H](C3)N4C(=O)[C@@H]3CC3(F)F)n2)cn1|Cn1cc(Nc2nccc(N3C[C@@H]4CC[C@@H](N4C(=O)[C@@H]4CC4(F)F)[CH2:1]3)n2)cn1|Cn1cc(Nc2nccc(N3C[C@@H]4CC[C@@H](N4C(=O)[C@@H]4CC4(F)F)[CH2:1]3)n2)cn1
6,C=CC(=O)Nc1cc(Nc2ncc(C(=O)OC(C)C)c(-c3cn(C)c4ccccc34)n2)c(OC)cc1N(C)CCN(C)C,C=CC(=O)NC1=CC(NC2=NC=C(C(=O)OC(C)C)C(C3=CNC4=CC=CC=C34)=N2)=C(OC)C=C1N(C)CCN(C)C|C=CC(=O)NC1=CC(O)=C(OC)C=C1N(C)CCN(C)C|C=CC(=O)NC1=CC(NC2=NC=C(C(=O)OC(C)C)C(C3=CN(C)C4=CC=CC=C34)=N2)=C(OC)C=C1N(C)CCNC|C=CC(=O)NC1=CC(NC2=NC=C(C(=O)O)C(C3=CN(C)C4=CC=CC=C34)=N2)=C(OC)C=C1N(C)CCN(C)C|COC1=CC(N(C)CCN(C)C)=C(N)C=C1NC1=NC=C(C(=O)OC(C)C)C(C2=CN(C)C3=CC=CC=C23)=N1|C=CC(=O)NC1=CC(NC2=NC=C(C(=O)OC(C)C)C(C3=CN(C)C4=CC=CC=C34)=N2)=C(OC)C=C1NC|C=CC(=O)NC1=CC(NC2=NC=C(C(=O)OC(C)C)C(C3=CN(C)C4=CC=CC=C34)=N2)=C(OC)C=C1NCCN(C)C|C=CC(=O)NC1=CC(NC2=NC=C(C(=O)OC(C)C)C(C3=CN(C)C4=CC=CC=C34)=N2)=C(OC)C=C1N(C)CC[N+](C)(C)[O-]|C=CC(=O)NC1=CC(NC2=NC=C(C(=O)OC(C)CO)C(C3=CN(C)C4=CC=CC=C34)=N2)=C(OC)C=C1N(C)CCN(C)C|CC(C)OC(=O)C1=CN=C(N)N=C1C1=CN(C)C2=CC=CC=C12|C=CC(=O)NC1=CC(NC2=NC=C(C(=O)OC(C)C)C(C3=CN(C)C4=CC=CC=C34)=N2)=C(O)C=C1N(C)CCN(C)C|C=CC(=O)NC1=CC(NC2=NC=C(C(=O)OC(C)C)C(C3=CN(C)C4=CC=CC=C34)=N2)=C(OC)C=C1N(C)CC=O|C=CC(=O)NC1=CC(NC2=NC=C(C(=O)OC(C)C)C(C3=CN(C)C4=CC=CC=C34)=N2)=C(OC)C=C1O|C=CC(=O)NC1=CC(NC2=NC=C(C(=O)OC(C)C)C(C3=CN(C)C4=CC=CC=C34)=N2)=C(OC)C=C1N(C)CCO|C=CC(=O)NC1=CC(NC2=NC=C(C(=O)OC(C)C)C(C3=CN(C)C4=CC=CC=C34)=N2)=C(OC)C=C1N(C)C(O)CN(C)C|C=CC(=O)NC1=CC(N)=C(OC)C=C1N(C)CCN(C)C|C=CC(=O)NC1=CC(NC2=NC=C(C(=O)OC(C)C)C(C3=CN(C)C4=CC=CC=C34)=N2)=C(OC)C=C1N(CO)CCN(C)C|C=CC(=O)NC1=CC(NC2=NC=C(C(=O)OC(C)C)C(C3=CN(C)C4=CC=CC=C34)=N2)=C(OC)C=C1N(C)CC(O)N(C)C|C=CC(=O)NC1=CC(NC2=NC=C(C(=O)OC(C)C)C(C3=CN=C4C=CC=CC34)=N2)=C(OC)C=C1N(C)CCN(C)C|COC1=CC(N(C)CCN(C)C)=C(NC=O)C=C1NC1=NC=C(C(=O)OC(C)C)C(C2=CN(C)C3=CC=CC=C23)=N1,C=CC(=O)Nc1cc(Nc2ncc(C(=O)OC(C)C)c(-c3cn(C)c4ccccc34)n2)c(OC)cc1N(C)CCNC,C=CC(=O)Nc1cc(Nc2ncc(C(=O)OC(C)C)c(-c3cn(C)c4ccccc34)n2)c(OC)cc1N(C)CC[N:1](C)C,C=CC(=O)Nc1cc(Nc2ncc(C(=O)OC(C)C)c(-c3c[n:1](C)c4ccccc34)n2)c(OC)cc1N(C)CCN(C)C|C=CC(=O)Nc1c[c:1](Nc2ncc(C(=O)[O:1]C(C)C)c(-c3cn(C)c4ccccc34)n2)c(OC)cc1N(C)CCN(C)C|C=CC(=O)Nc1cc(Nc2ncc(C(=O)OC(C)C)c(-c3cn(C)c4ccccc34)n2)c(OC)cc1N(C)CC[N:1](C)C|C=CC(=O)Nc1cc(Nc2ncc(C(=O)[O:1]C(C)C)c(-c3cn(C)c4ccccc34)n2)c(OC)cc1N(C)CCN(C)C|C=CC(=O)[NH:1]c1cc(Nc2ncc(C(=O)OC(C)C)c(-c3cn(C)c4ccccc34)n2)c(OC)cc1N(C)CCN(C)C|C=CC(=O)Nc1cc(Nc2ncc(C(=O)OC(C)C)c(-c3cn(C)c4ccccc34)n2)c(OC)cc1[N:1](C)CCN(C)C|C=CC(=O)Nc1cc(Nc2ncc(C(=O)OC(C)C)c(-c3cn(C)c4ccccc34)n2)c(OC)cc1[N:1](C)CCN(C)C|C=CC(=O)Nc1cc(Nc2ncc(C(=O)OC(C)C)c(-c3cn(C)c4ccccc34)n2)c(OC)cc1N(C)CC[N:1](C)C|C=CC(=O)Nc1cc(Nc2ncc(C(=O)OC(C)[CH3:1])c(-c3cn(C)c4ccccc34)n2)c(OC)cc1N(C)CCN(C)C|C=CC(=O)Nc1cc([NH:1]c2ncc(C(=O)OC(C)C)c(-c3cn(C)c4ccccc34)n2)c(OC)cc1N(C)CCN(C)C|C=CC(=O)Nc1cc(Nc2ncc(C(=O)OC(C)C)c(-c3cn(C)c4ccccc34)n2)c([O:1]C)cc1N(C)CCN(C)C|C=CC(=O)Nc1cc(Nc2ncc(C(=O)OC(C)C)c(-c3cn(C)c4ccccc34)n2)c(OC)cc1N(C)C[CH2:1]N(C)C|C=CC(=O)Nc1cc(Nc2ncc(C(=O)OC(C)C)c(-c3cn(C)c4ccccc34)n2)c(OC)cc1N(C)CCN(C)C|C=CC(=O)Nc1cc(Nc2ncc(C(=O)OC(C)C)c(-c3cn(C)c4ccccc34)n2)c(OC)cc1N(C)CCN(C)C|C=CC(=O)Nc1cc(Nc2ncc(C(=O)OC(C)C)c(-c3cn(C)c4ccccc34)n2)c(OC)cc1N(C)[CH2:1]CN(C)C|C=CC(=O)Nc1cc([NH:1]c2ncc(C(=O)OC(C)C)c(-c3cn(C)c4ccccc34)n2)c(OC)cc1N(C)CCN(C)C|C=CC(=O)Nc1cc(Nc2ncc(C(=O)OC(C)C)c(-c3cn(C)c4ccccc34)n2)c(OC)cc1N(CCN(C)C)[CH3:1]|C=CC(=O)Nc1cc(Nc2ncc(C(=O)OC(C)C)c(-c3cn(C)c4ccccc34)n2)c(OC)cc1N(C)C[CH2:1]N(C)C|C=CC(=O)Nc1cc(Nc2ncc(C(=O)OC(C)C)c(-[c:1]3[cH:1][n:1](C)[c:1]4[cH:1][cH:1][cH:1][cH:1][c:1]34)n2)c(OC)cc1N(C)CCN(C)C|C=C[C:1](=O)Nc1cc(Nc2ncc(C(=O)OC(C)C)c(-c3cn(C)c4ccccc34)n2)c(OC)cc1N(C)CCN(C)C
7,Cc1ccc([C@@H]2O[C@H](CO)[C@@H](O)[C@H](O)[C@H]2O)cc1Cc1ccc(-c2ccc(F)cc2)s1,OCC1=CC=C([C@@H]2O[C@H](CO)[C@@H](O)[C@H](O)[C@H]2O)C=C1CC1=CC=C(C2=CC=C(F)C=C2)S1|CC1=CC=C([C@@H]2O[C@H](CO)[C@@H](O)[C@H](O)[C@H]2O)C=C1C(O)C1=CC=C(C2=CC=C(F)C=C2)S1|CC1=C(O)C=C([C@@H]2O[C@H](CO)[C@@H](O)[C@H](O)[C@H]2O)C=C1CC1=CC=C(C2=CC=C(F)C=C2)S1|CC1=CC=CC=C1CC1=CC=C(C2=CC=C(F)C=C2)S1|CC1=CC(O)=C([C@@H]2O[C@H](CO)[C@@H](O)[C@H](O)[C@H]2O)C=C1CC1=CC=C(C2=CC=C(F)C=C2)S1|CC1=CC=C([C@@H]2OC(C=O)[C@@H](O)[C@H](O)[C@H]2O)C=C1CC1=CC=C(C2=CC=C(F)C=C2)S1|CC1=CC=C([C@@H]2O[C@H](CO)[C@@H](O)[C@H](O)[C@H]2O)C=C1CC1=CC=C(C2=CC=C(F)C=C2)S1=O|CC1=CC=C([C@@H]2O[C@H](CO)[C@@H](O)[C@H](O)[C@H]2O)C=C1CC1=C(O)C=C(C2=CC=C(F)C=C2)S1|CC1=CC=C([C@@H]2O[C@H](CO)[C@@H](O)[C@H](O)[C@H]2O)C(O)=C1CC1=CC=C(C2=CC=C(F)C=C2)S1|CC1=CC=C([C@@H]2O[C@H](C(=O)O)[C@@H](O)[C@H](O)[C@H]2O)C=C1CC1=CC=C(C2=CC=C(F)C=C2)S1|CC1=CC=C([C@@H]2O[C@H](C=O)[C@@H](O)[C@H](O)[C@H]2O)C=C1CC1=CC=C(C2=CC=C(F)C=C2)S1|OCC1=CC=C(C2O[C@H](CO)[C@@H](O)[C@H](O)[C@H]2O)C=C1CC1=CC=C(C2=CC=C(F)C=C2)S1|CC1=CC=C([C@@H]2O[C@H](CO)[C@@H](O)[C@H](O)[C@H]2O)C=C1CC1=CC(O)=C(C2=CC=C(F)C=C2)S1|CC1=CC=C([C@@H]2OC(C(=O)O)[C@@H](O)[C@H](O)[C@H]2O)C=C1CC1=CC=C(C2=CC=C(F)C=C2)S1|CC1=C(CC2=CC=C(C3=CC=C(F)C=C3)S2)C=C([C@@H]2O[C@H](CO)[C@@H](O)[C@H](O)[C@H]2O)C2OC12|CC1=CC=C([C@@H]2O[C@H](CO)[C@@H](O)[C@H](OC3OC(C(=O)O)C(O)C(O)C3O)[C@H]2O)C=C1CC1=CC=C(C2=CC=C(F)C=C2)S1|OCC1=CC=C([C@@H]2O[C@H](CO)[C@@H](O)[C@@H](O)[C@H]2O)C=C1CC1=CC=C(C2=CC=C(F)C=C2)S1|OCC1=CC=C([C@@H]2O[C@H](CO)[C@@H](O)[C@H](O)C2O)C=C1CC1=CC=C(C2=CC=C(F)C=C2)S1|OCC1=CC=C(C2OC(CO)C(O)C(O)[C@H]2O)C=C1CC1=CC=C(C2=CC=C(F)C=C2)S1|CC1=C(O)C=C(C2O[C@H](CO)[C@@H](O)[C@H](O)[C@H]2O)C=C1CC1=CC=C(C2=CC=C(F)C=C2)S1,Cc1ccc([C@@H]2O[C@H](CO)[C@@H](O)[C@H](OC3O[C@H](C(=O)O)[C@@H](O)[C@H](O)[C@H]3O)[C@H]2O)cc1Cc1ccc(-c2ccc(F)cc2)s1,Cc1ccc([C@@H]2O[C@H](CO)[C@@H](O)[C@H:1]([OH:1])[C@H]2O)cc1Cc1ccc(-c2ccc(F)cc2)s1,OC[C@H]1O[C@@H](c2ccc([CH3:1])c(Cc3ccc(-c4ccc(F)cc4)s3)c2)[C@H](O)[C@@H](O)[C@@H]1O|Cc1ccc([C@@H]2O[C@H](CO)[C@@H](O)[C@H](O)[C@H]2O)cc1[CH2:1]c1ccc(-c2ccc(F)cc2)s1|Cc1c(Cc2ccc(-c3ccc(F)cc3)s2)cc([C@@H]2O[C@H](CO)[C@@H](O)[C@H](O)[C@H]2O)c[cH:1]1|Cc1cc[c:1]([C@@H]2O[C@H](CO)[C@@H](O)[C@H](O)[C@H]2O)cc1Cc1ccc(-c2ccc(F)cc2)s1|Cc1c[cH:1]c([C@@H]2O[C@H](CO)[C@@H](O)[C@H](O)[C@H]2O)cc1Cc1ccc(-c2ccc(F)cc2)s1|Cc1ccc([C@@H]2O[C@H]([CH2:1][OH:1])[C@@H](O)[C@H](O)[C@H]2O)cc1Cc1ccc(-c2ccc(F)cc2)s1|Cc1ccc([C@@H]2O[C@H](CO)[C@@H](O)[C@H](O)[C@H]2O)cc1C[c:1]1[cH:1][cH:1][c:1](-c2ccc(F)cc2)[s:1]1|Cc1ccc([C@@H]2O[C@H](CO)[C@@H](O)[C@H](O)[C@H]2O)cc1Cc1sc(-c2ccc(F)cc2)c[cH:1]1|Cc1ccc([C@@H]2O[C@H](CO)[C@@H](O)[C@H](O)[C@H]2O)[cH:1]c1Cc1ccc(-c2ccc(F)cc2)s1|Cc1ccc([C@@H]2O[C@H]([CH2:1]O)[C@@H](O)[C@H](O)[C@H]2O)cc1Cc1ccc(-c2ccc(F)cc2)s1|Cc1ccc([C@@H]2O[C@H]([CH2:1][OH:1])[C@@H](O)[C@H](O)[C@H]2O)cc1Cc1ccc(-c2ccc(F)cc2)s1|OC[C@H]1O[C@@H](c2ccc([CH3:1])c(Cc3ccc(-c4ccc(F)cc4)s3)c2)[C@H](O)[C@@H](O)[C@@H]1O|Cc1ccc([C@@H]2O[C@H](CO)[C@@H](O)[C@H](O)[C@H]2O)cc1Cc1c[cH:1]c(-c2ccc(F)cc2)s1|Cc1ccc([C@@H]2O[C@H]([CH2:1]O)[C@@H](O)[C@H](O)[C@H]2O)cc1Cc1ccc(-c2ccc(F)cc2)s1|C[c:1]1[cH:1][cH:1][c:1]([C@@H]2O[C@H](CO)[C@@H](O)[C@H](O)[C@H]2O)[cH:1][c:1]1Cc1ccc(-c2ccc(F)cc2)s1|Cc1ccc([C@@H]2O[C@H](CO)[C@@H](O)[C@H:1]([OH:1])[C@H]2O)cc1Cc1ccc(-c2ccc(F)cc2)s1|OC[C@H]1O[C@@H](c2ccc([CH3:1])c(Cc3ccc(-c4ccc(F)cc4)s3)c2)[C@H](O)[C@@H](O)[C@@H]1O|OC[C@H]1O[C@@H](c2ccc([CH3:1])c(Cc3ccc(-c4ccc(F)cc4)s3)c2)[C@H](O)[C@@H](O)[C@@H]1O|OC[C@H]1O[C@@H](c2ccc([CH3:1])c(Cc3ccc(-c4ccc(F)cc4)s3)c2)[C@H](O)[C@@H](O)[C@@H]1O|Cc1c(Cc2ccc(-c3ccc(F)cc3)s2)cc([C@@H]2O[C@H](CO)[C@@H](O)[C@H](O)[C@H]2O)c[cH:1]1
8,O=C(Nc1ccc(OC(F)(F)F)cc1)c1sccc1NCc1ccnc2ccccc12,NC1=C(C(=O)NC2=CC=C(OC(F)(F)F)C=C2)SC=C1|O=C(NC1=CC=C(O)C=C1)C1=C(NCC2=CC=NC3=CC=CC=C23)C=CS1|O=C(NC1=CC=C(OC(F)(F)F)C=C1)C1=C(NCC2=CC=[N+]([O-])C3=CC=CC=C23)C=CS1|O=C(NC1=CC=C(OC(F)(F)F)C=C1)C1=C(NCC2=CC(O)=NC3=CC=CC=C23)C=CS1|O=C(NC1=CC=C(OC(F)(F)F)C=C1)C1=C(NCC2=CC(=O)NC3=CC=CC=C23)C=CS1|O=C(NC1=CC=C(OC(F)(F)F)C(O)=C1)C1=C(NCC2=CC=NC3=CC=CC=C23)C=CS1|O=C(NC1=CC=C(OC(F)(F)F)C=C1)C1=C(NCC2=CC=NC3=CC=CC=C23)C=C(O)S1|O=C(NC1=CC=C(OC(F)(F)F)C=C1O)C1=C(NCC2=CC=NC3=CC=CC=C23)C=CS1|O=C(NC1=CC=C(OC(F)(F)F)C=C1)C1=C(NCC2=CC=NC3=CC=C(O)C=C23)C=CS1|O=C(NC1=CC=C(OC(F)(F)F)C=C1)C1=C(NCC2=CC=NC3=CC=CC=C23)C(O)=CS1|O=C(NC1=CC=C(OC(F)(F)F)C=C1)C1=C(NCC2=CC=NC3=CC=CC=C23)C=CS1=O|O=C(NC1=CC=C(OC(F)(F)F)C=C1)C1=C(NCC2=C3C=CC=CC3=NC3OC23)C=CS1|O=C(NC1=CC=C(OC(F)(F)F)C=C1)C1=C(NCC2=CC=NC3=CC=CC=C23)C2OC2S1|O=C(O)C1=C(NCC2=CC=NC3=CC=CC=C23)C=CS1|O=C(NC1=CC=C(OC(F)(F)F)C=C1)C1=C(NCC2=C(O)C=NC3=CC=CC=C23)C=CS1|O=C(NC1=CC=C(OC(F)(F)F)C=C1)C1=C(NCC2=CC=NC3=C2C=CC2OC32)C=CS1|O=C(NC1=CC=C(OC(F)(F)F)C=C1)C1=C(NCC2=CC=NC3=CC(O)=CC=C23)C=CS1|O=C(NC1=CC=C(OC(F)(F)F)C=C1)C1=C(NC(O)C2=CC=NC3=CC=CC=C23)C=CS1|O=C1CC(NCC2=CC=NC3=CC=CC=C23)=C(C(=O)NC2=CC=C(OC(F)(F)F)C=C2)S1|O=C(NC1=CC=C(OC(F)(F)F)C=C1)C1=C(NCC2=CC=NC3=CC=CC(O)=C23)C=CS1,O=C(Nc1ccc(OC(F)(F)F)cc1)c1sccc1NCc1cc(=O)[nH]c2ccccc12,O=C(Nc1ccc(OC(F)(F)F)cc1)c1sccc1NCc1c[cH:1]nc2ccccc12,O=C(Nc1ccc(OC(F)(F)F)cc1)c1sccc1[NH:1]Cc1ccnc2ccccc12|O=C(Nc1ccc([O:1]C(F)(F)F)cc1)c1sccc1NCc1ccnc2ccccc12|O=C(Nc1ccc(OC(F)(F)F)cc1)c1sccc1NCc1cc[n:1]c2ccccc12|O=C(Nc1ccc(OC(F)(F)F)cc1)c1sccc1NCc1c[cH:1]nc2ccccc12|O=C(Nc1ccc(OC(F)(F)F)cc1)c1sccc1NCc1c[cH:1]nc2ccccc12|O=C(Nc1ccc(OC(F)(F)F)[cH:1]c1)c1sccc1NCc1ccnc2ccccc12|O=C(Nc1ccc(OC(F)(F)F)cc1)c1s[cH:1]cc1NCc1ccnc2ccccc12|O=C(Nc1ccc(OC(F)(F)F)c[cH:1]1)c1sccc1NCc1ccnc2ccccc12|O=C(Nc1ccc(OC(F)(F)F)cc1)c1sccc1NCc1ccnc2cc[cH:1]cc12|O=C(Nc1ccc(OC(F)(F)F)cc1)c1sc[cH:1]c1NCc1ccnc2ccccc12|O=C(Nc1ccc(OC(F)(F)F)cc1)[c:1]1[s:1][cH:1][cH:1][c:1]1NCc1ccnc2ccccc12|O=C(Nc1ccc(OC(F)(F)F)cc1)c1sccc1NC[c:1]1[cH:1][cH:1][n:1][c:1]2cccc[c:1]12|O=C(Nc1ccc(OC(F)(F)F)cc1)[c:1]1[s:1][cH:1][cH:1][c:1]1NCc1ccnc2ccccc12|O=[C:1](Nc1ccc([O:1]C(F)(F)F)cc1)c1sccc1NCc1ccnc2ccccc12|O=C(Nc1ccc(OC(F)(F)F)cc1)c1sccc1NCc1c2ccccc2nc[cH:1]1|O=C(Nc1ccc(OC(F)(F)F)cc1)c1sccc1NCc1ccn[c:1]2[cH:1][cH:1][cH:1][cH:1][c:1]12|O=C(Nc1ccc(OC(F)(F)F)cc1)c1sccc1NCc1ccnc2c[cH:1]ccc12|O=C(Nc1ccc(OC(F)(F)F)cc1)c1sccc1N[CH2:1]c1ccnc2ccccc12|O=C(Nc1ccc(OC(F)(F)F)cc1)[c:1]1[s:1][cH:1][cH:1][c:1]1NCc1ccnc2ccccc12|O=C(Nc1ccc(OC(F)(F)F)cc1)c1sccc1NCc1ccnc2ccc[cH:1]c12
9,NC1(C(=O)N[C@@H](CCO)c2ccc(Cl)cc2)CCN(c2ncnc3[nH]ccc23)CC1,NC1(C(=O)N[C@@H](CCO)C2=CC=C(Cl)C=C2)CCN(C2=NC=NC3=C2CC(=O)N3)CC1|NC1(C(=O)N[C@@H](CCOC2O[C@H](C(=O)O)[C@@H](O)[C@H](O)[C@H]2O)C2=CC=C(Cl)C=C2)CCN(C2=NC=NC3=C2C=CN3)CC1|NC1(C(=O)N[C@@H](CC=O)C2=CC=C(Cl)C=C2)CCN(C2=NC=NC3=C2C=CN3)CC1|NC1(C(=O)N[C@@H](CCOC2OC(C(=O)O)[C@@H](O)[C@H](O)[C@H]2O)C2=CC=C(Cl)C=C2)CCN(C2=NC=NC3=C2C=CN3)CC1|NC1(C(=O)N[C@@H](CCO)C2=CC=C(Cl)C=C2)CCN(C2=NC=NC3=C2C2OC2N3)CC1|NC1(C(=O)N[C@@H](CCO)C2=CC=C(Cl)C=C2)CCN(C2=NC=NC3=C2C=C(O)N3)CC1|NC1(C(=O)N[C@@H](CCO)C2=CC=C(Cl)C=C2O)CCN(C2=NC=NC3=C2C=CN3)CC1|NC1(C(=O)N[C@@H](CCOS(=O)(=O)O)C2=CC=C(Cl)C=C2)CCN(C2=NC=NC3=C2C=CN3)CC1|CC(=O)NC1(C(=O)N[C@@H](CCO)C2=CC=C(Cl)C=C2)CCN(C2=NC=NC3=C2C=CN3)CC1|NC1(C(=O)N[C@@H](CCO)C2=CC=C(Cl)C=C2)CCN(C2=NC(O)=NC3=C2C=CN3)CC1|NC(=O)C1(N)CCN(C2=NC=NC3=C2C=CN3)CC1|NC1(C(=O)N[C@@H](CCOP(=O)(O)O)C2=CC=C(Cl)C=C2)CCN(C2=NC=NC3=C2C=CN3)CC1|NC1(C(=O)N[C@@H](CCO)C2=CC=C(Cl)C=C2)CCN(C2=NC=NC3=C2C(O)=CN3)CC1|NC1(C(=O)N[C@@H](CCO)C2=CC=C(Cl)C=C2)CCN(C2=NC=NC3=C2C=CN3)C(O)C1|NC1(C(=O)N[C@H](CCO)C2=CC=C(Cl)C=C2)CCN(C2=NC=NC3=C2CC(=O)N3)CC1|NC1(C(=O)N[C@@H](CCO)C2=CC=C(Cl)C=C2)CCN(C2=NC=NC3=C2C=CN3C2OC(C(=O)O)[C@@H](O)[C@H](O)[C@H]2O)CC1|NC1(C(=O)N[C@@H](CCO)C2=CC=C(Cl)C=C2)CCN(C2=NC=NC3=C2C=CN3C2O[C@H](C(=O)O)[C@@H](O)[C@H](O)[C@H]2O)CC1|NC1(C(=O)N[C@@H](C2=CC=C(Cl)C=C2)C(O)CO)CCN(C2=NC=NC3=C2C=CN3)CC1|NC1(C(=O)NC(CCO)C2=CC=C(Cl)C=C2)CCN(C2=NC=NC3=C2CC(=O)N3)CC1|NC1(C(=O)N[C@@H](CCO)C2=CC=C(Cl)C=C2)CCN(C2=NC=NC3=C2C=CN3)CC1O,NC1(C(=O)N[C@@H](CCOC2O[C@H](C(=O)O)[C@@H](O)[C@H](O)[C@H]2O)c2ccc(Cl)cc2)CCN(c2ncnc3[nH]ccc23)CC1,NC1(C(=O)N[C@@H](CC[OH:1])c2ccc(Cl)cc2)CCN(c2ncnc3[nH]ccc23)CC1,NC1(C(=O)N[C@@H](CCO)c2ccc(Cl)cc2)CCN(c2ncn[c:1]3[nH:1][cH:1][cH:1][c:1]23)CC1|NC1(C(=O)N[C@@H](CC[OH:1])c2ccc(Cl)cc2)CCN(c2ncnc3[nH]ccc23)CC1|NC1(C(=O)N[C@@H](C[CH2:1][OH:1])c2ccc(Cl)cc2)CCN(c2ncnc3[nH]ccc23)CC1|NC1(C(=O)N[C@@H](CC[OH:1])c2ccc(Cl)cc2)CCN(c2ncnc3[nH]ccc23)CC1|NC1(C(=O)N[C@@H](CCO)c2ccc(Cl)cc2)CCN(c2ncn[c:1]3[nH:1][cH:1][cH:1][c:1]23)CC1|NC1(C(=O)N[C@@H](CCO)c2ccc(Cl)cc2)CCN(c2ncnc3[nH][cH:1]cc23)CC1|NC1(C(=O)N[C@@H](CCO)c2ccc(Cl)c[cH:1]2)CCN(c2ncnc3[nH]ccc23)CC1|NC1(C(=O)N[C@@H](CC[OH:1])c2ccc(Cl)cc2)CCN(c2ncnc3[nH]ccc23)CC1|O=C(N[C@@H](CCO)c1ccc(Cl)cc1)C1([NH2:1])CCN(c2ncnc3[nH]ccc23)CC1|NC1(C(=O)N[C@@H](CCO)c2ccc(Cl)cc2)CCN(c2n[cH:1]nc3[nH]ccc23)CC1|NC1(C(=O)[NH:1][C@@H](CCO)c2ccc(Cl)cc2)CCN(c2ncnc3[nH]ccc23)CC1|NC1(C(=O)N[C@@H](CC[OH:1])c2ccc(Cl)cc2)CCN(c2ncnc3[nH]ccc23)CC1|NC1(C(=O)N[C@@H](CCO)c2ccc(Cl)cc2)CCN(c2ncnc3[nH]c[cH:1]c23)CC1|NC1(C(=O)N[C@@H](CCO)c2ccc(Cl)cc2)CCN(c2ncnc3[nH]ccc23)[CH2:1]C1|NC1(C(=O)N[C@@H](CCO)c2ccc(Cl)cc2)CCN(c2ncn[c:1]3[nH:1][cH:1][cH:1][c:1]23)CC1|NC1(C(=O)N[C@@H](CCO)c2ccc(Cl)cc2)CCN(c2ncnc3c2cc[nH:1]3)CC1|NC1(C(=O)N[C@@H](CCO)c2ccc(Cl)cc2)CCN(c2ncnc3c2cc[nH:1]3)CC1|NC1(C(=O)N[C@H](c2ccc(Cl)cc2)[CH2:1]CO)CCN(c2ncnc3[nH]ccc23)CC1|NC1(C(=O)N[C@@H](CCO)c2ccc(Cl)cc2)CCN(c2ncn[c:1]3[nH:1][cH:1][cH:1][c:1]23)CC1|NC1(C(=O)N[C@@H](CCO)c2ccc(Cl)cc2)CCN(c2ncnc3[nH]ccc23)C[CH2:1]1
10,CCOc1ccc(NC(=S)N(CCO)Cc2cc3cc(C)cc(C)c3[nH]c2=O)cc1,CC1=CC(C)=C2NC(=O)C(CN(CCO)C(=S)NC3=CC=C(O)C=C3)=CC2=C1|CCOC1=CC=C(NC(=S)NCC2=CC3=CC(C)=CC(C)=C3NC2=O)C=C1|CCOC1=CC=C(NC(=S)N(CCO)CC2=CC3=CC(CO)=CC(C)=C3NC2=O)C=C1|CCOC1=CC=C(NC(=O)N(CCO)CC2=CC3=CC(C)=CC(C)=C3NC2=O)C=C1|CCOC1=CC=C(NC(=S)N(CC=O)CC2=CC3=CC(C)=CC(C)=C3NC2=O)C=C1|CCOC1=CC=C(/N=C(/SO)N(CCO)CC2=CC3=CC(C)=CC(C)=C3NC2=O)C=C1|CCOC1=CC=C(NC(=S)N(CCOC2O[C@H](C(=O)O)[C@@H](O)[C@H](O)[C@H]2O)CC2=CC3=CC(C)=CC(C)=C3NC2=O)C=C1|CCOC1=CC=C(NC(=S)N(CCO)CC2=CC3=CC(C)=CC(C)=C3NC2=O)C=C1O|CCOC1=CC=C(NC(=S)NCCO)C=C1|CC1=CC(C)=C2NC(=O)C(CNCCO)=CC2=C1|CCOC1=CC=C(NC(=S)N(CCO)CC2=CC3=CC(C)=CC(CO)=C3NC2=O)C=C1|CCOC1=CC=C(NC(=S)N(CCO)CC2=CC3=CC(C)=CC(C)=C3NC2=O)C(O)=C1|CCOC1=CC=C(NC(=S)N(CCOS(=O)(=O)O)CC2=CC3=CC(C)=CC(C)=C3NC2=O)C=C1|CCOC1=CC=C(/N=C(\SO)N(CCO)CC2=CC3=CC(C)=CC(C)=C3NC2=O)C=C1|CCOC1=CC=C(NC(S)=NCC2=CC3=CC(C)=CC(C)=C3NC2=O)C=C1|CCOC1=CC=C(NC(=S)N(CCO)CC2=CC3=CC(C)=CC(C)=C3N=C2OC2O[C@H](C(=O)O)[C@@H](O)[C@H](O)[C@H]2O)C=C1|CC1=CC(C)=C2NC(=O)C(CN(CCO)C(=O)S)=CC2=C1|CC1=CC(C)=C2NC(=O)C(CN(CCO)C(=S)NC3=CC=C(OCCO)C=C3)=CC2=C1|CCOC1=CC=C(N=C(SO)N(CCO)CC2=CC3=CC(C)=CC(C)=C3NC2=O)C=C1|CCOC1=CC=C(NC(=S)N(CCO)CC2=CC3=CC(C)=C(O)C(C)=C3NC2=O)C=C1,Cc1cc(C)c2[nH]c(=O)c(CN3CCOC3=N)cc2c1,CCOc1ccc([NH:1][C:1](=S)N(CC[OH:1])Cc2cc3cc(C)cc(C)c3[nH]c2=O)cc1,CC[O:1]c1ccc(NC(=S)N(CCO)Cc2cc3cc(C)cc(C)c3[nH]c2=O)cc1|CCOc1ccc(NC(=S)[N:1](CCO)Cc2cc3cc(C)cc(C)c3[nH]c2=O)cc1|CCOc1ccc(NC(=S)N(CCO)Cc2cc3cc([CH3:1])cc(C)c3[nH]c2=O)cc1|CCOc1ccc(NC(=S)N(CCO)Cc2cc3cc(C)cc(C)c3[nH]c2=O)cc1|CCOc1ccc(NC(=S)N(Cc2cc3cc(C)cc(C)c3[nH]c2=O)C[CH2:1][OH:1])cc1|CCOc1ccc([NH:1][C:1](N(CCO)Cc2cc3cc(C)cc(C)c3[nH]c2=O)=[S:1])cc1|CCOc1ccc(NC(=S)N(CC[OH:1])Cc2cc3cc(C)cc(C)c3[nH]c2=O)cc1|CCOc1ccc(NC(=S)N(CCO)Cc2cc3cc(C)cc(C)c3[nH]c2=O)c[cH:1]1|CCOc1ccc(NC(=S)[N:1](CCO)Cc2cc3cc(C)cc(C)c3[nH]c2=O)cc1|CCOc1ccc(NC(=S)[N:1](CCO)Cc2cc3cc(C)cc(C)c3[nH]c2=O)cc1|CCOc1ccc(NC(=S)N(CCO)Cc2cc3cc(C)cc([CH3:1])c3[nH]c2=O)cc1|CCOc1ccc(NC(=S)N(CCO)Cc2cc3cc(C)cc(C)c3[nH]c2=O)[cH:1]c1|CCOc1ccc(NC(=S)N(CC[OH:1])Cc2cc3cc(C)cc(C)c3[nH]c2=O)cc1|CCOc1ccc([NH:1][C:1](N(CCO)Cc2cc3cc(C)cc(C)c3[nH]c2=O)=[S:1])cc1|CCOc1ccc(N[C:1](=[S:1])[N:1](CCO)Cc2cc3cc(C)cc(C)c3[nH]c2=O)cc1|CCOc1ccc(NC(=S)N(CCO)Cc2cc3cc(C)cc(C)c3[nH][c:1]2=[O:1])cc1|CC[O:1]c1ccc(N[C:1](N(CCO)Cc2cc3cc(C)cc(C)c3[nH]c2=O)=[S:1])cc1|Cc1cc(C)c2[nH]c(=O)c(CN(CCO)C(=S)Nc3ccc(OC[CH3:1])cc3)cc2c1|CCOc1ccc([NH:1][C:1](N(CCO)Cc2cc3cc(C)cc(C)c3[nH]c2=O)=[S:1])cc1|CCOc1ccc(NC(=S)N(CCO)Cc2cc3cc(C)[cH:1]c(C)c3[nH]c2=O)cc1
11,COc1ccc2c(Oc3ccc(C4(C(=O)NO)CCOCC4)cc3)ccnc2n1,COC1=CC=C2C(OC3=CC=C(C4(C(N)=O)CCOCC4)C=C3)=CC=NC2=N1|O=C(NO)C1(C2=CC=C(OC3=CC=NC4=NC(O)=CC=C34)C=C2)CCOCC1|COC1=CC=C2C(OC3=CC=C(C4(C(=O)O)CCOCC4)C=C3)=CC=NC2=N1|COC1=CC=C2C(OC3=CC=C(C4(C(=O)N=O)CCOCC4)C=C3)=CC=NC2=N1|COC1=CC=C2C(OC3=CC=C(C(CC=O)(CCO)C(=O)NO)C=C3)=CC=NC2=N1|COC1=CC=C2C(OC3=CC=C(C4(C(=O)NO)CCOCC4O)C=C3)=CC=NC2=N1|COC1=CC=C2C(OC3=CC=C(C4(C(=O)NO)CCOCC4)C=C3)=CC=[N+]([O-])C2=N1|COC1=CC=C2C(OC3=CC=C(C4(C(=O)NOC5OC(C(=O)O)C(O)C(O)C5O)CCOCC4)C=C3)=CC=NC2=N1|COC1=NC2=NC=CC(OC3=CC=C(C4(C(=O)NO)CCOCC4)C=C3)=C2C=C1O|COC1=CC=C2C(OC3=CC=C(C4(C(=O)NO)CCOCC4)C=C3)=CC(O)=NC2=N1|CO|COC1=CC=C2C(OC3=CC=C(C(CCOCC=O)C(=O)NO)C=C3)=CC=NC2=N1|COC1=CC=C2C(OC3=CC=C(C4(C(=O)NO)CCOCC4)C=C3)=CC=NC2=[N+]1[O-]|COC1=CC=C2C(OC3=CC=C(C4(C(=O)NO)CCOC(O)C4)C=C3)=CC=NC2=N1|COC1=CC=C2C(OC3=CC=C(C4(C(=O)NO)CCOCC4)C=C3O)=CC=NC2=N1|COC1=CC=C2C(OC3=CC=C(C4(C(N)=O)CCOCC4O)C=C3)=CC=NC2=N1|COC1=CC=C2C(OC3=CC=C(C4(C(=O)NOC(C)=O)CCOCC4)C=C3)=CC=NC2=N1|COC1=CC=C2C(OC3=CC=C(C4(C(=O)NO)CCOCC4)C=C3)=C(O)C=NC2=N1|COC1=CC=C2C(OC3=CC=C(C4(CNO)CCOCC4)C=C3)=CC=NC2=N1|COC1=CC=C2C(OC3=CC=C(C4(C(=O)NO)C=COCC4)C=C3)=CC=NC2=N1,COc1ccc2c(Oc3ccc(C4(C(=O)NOC5O[C@H](C(=O)O)[C@@H](O)[C@H](O)[C@H]5O)CCOCC4)cc3)ccnc2n1,COc1ccc2c(Oc3ccc(C4(C(=O)N[OH:1])CCOCC4)cc3)ccnc2n1,COc1ccc2c(Oc3ccc(C4(C(=O)[NH:1]O)CCOCC4)cc3)ccnc2n1|C[O:1]c1ccc2c(Oc3ccc(C4(C(=O)NO)CCOCC4)cc3)ccnc2n1|COc1ccc2c(Oc3ccc(C4([C:1](=O)N[OH:1])CCOCC4)cc3)ccnc2n1|COc1ccc2c(Oc3ccc(C4(C(=O)[NH:1][OH:1])CCOCC4)cc3)ccnc2n1|COc1ccc2c(Oc3ccc(C4(C(=O)NO)CC[O:1][CH2:1]C4)cc3)ccnc2n1|COc1ccc2c(Oc3ccc(C4(C(=O)NO)CCOC[CH2:1]4)cc3)ccnc2n1|COc1ccc2c(Oc3ccc(C4(C(=O)NO)CCOCC4)cc3)cc[n:1]c2n1|COc1ccc2c(Oc3ccc(C4(C(=O)N[OH:1])CCOCC4)cc3)ccnc2n1|COc1nc2nccc(Oc3ccc(C4(C(=O)NO)CCOCC4)cc3)c2c[cH:1]1|COc1ccc2c(Oc3ccc(C4(C(=O)NO)CCOCC4)cc3)c[cH:1]nc2n1|C[O:1]c1ccc2c(Oc3ccc(C4(C(=O)NO)CCOCC4)cc3)ccnc2n1|COc1ccc2c(Oc3ccc([C:1]4(C(=O)NO)CCOC[CH2:1]4)cc3)ccnc2n1|COc1ccc2c(Oc3ccc(C4(C(=O)NO)CCOCC4)cc3)ccnc2[n:1]1|COc1ccc2c(Oc3ccc(C4(C(=O)NO)CCO[CH2:1]C4)cc3)ccnc2n1|COc1ccc2c(Oc3ccc(C4(C(=O)NO)CCOCC4)c[cH:1]3)ccnc2n1|COc1ccc2c(Oc3ccc(C4(C(=O)[NH:1][OH:1])CCOC[CH2:1]4)cc3)ccnc2n1|COc1ccc2c(Oc3ccc(C4(C(=O)N[OH:1])CCOCC4)cc3)ccnc2n1|COc1ccc2c(Oc3ccc(C4(C(=O)NO)CCOCC4)cc3)[cH:1]cnc2n1|COc1ccc2c(Oc3ccc(C4([C:1](=O)NO)CCOCC4)cc3)ccnc2n1|COc1ccc2c(Oc3ccc(C4(C(=O)NO)CCO[CH2:1][CH2:1]4)cc3)ccnc2n1
12,C/C=C/C#CC#CC(O)C(/C=C/CCCO)OC1OC(COC2OC(CO)C(O)C(O)C2O)C(O)C(O)C1O,C/C=C/C#CC#CC(O)C(/C=C/CCCO)OC1OC(CO)C(O)C(O)C1O|C/C=C/C#CC#CC(O)C(CC(=O)N[C@@H](CSC=CC(N)C(=O)O)C(=O)NCC(=O)O)OC1OC(COC2OC(CO)C(O)C(O)C2O)C(O)C(O)C1O|C/C=C/C#CC#CC(O)C(/C=C/CCC=O)OC1OC(COC2OC(CO)C(O)C(O)C2O)C(O)C(O)C1O|C/C=C/C#CC#CC(O)C(CCCCCO)OC1OC(COC2OC(CO)C(O)C(O)C2O)C(O)C(O)C1O|OCC1OC(OCC2OC(O)C(O)C(O)C2O)C(O)C(O)C1O|C/C=C\C#CC#CC(O)C(CC(=O)N[C@@H](CSC=CC(N)C(=O)O)C(=O)NCC(=O)O)OC1OC(COC2OC(CO)C(O)C(O)C2O)C(O)C(O)C1O|OC[C@H]1O[C@H](OC[C@H]2O[C@H](O)[C@@H](O)[C@@H](O)[C@@H]2O)[C@H](O)[C@@H](O)[C@@H]1O|C/C=C/C#CC#CC(O)C(/C=C/CCC=O)OC1OC(COC2O[C@H](CO)[C@@H](O)[C@H](O)[C@@H]2O)C(O)C(O)C1O|C/C=C/C#CC#CC(O)C(CSC[C@H](NC(C)=O)C(=O)NCC(=O)O)OC1OC(COC2OC(CO)C(O)C(O)C2O)C(O)C(O)C1O|C/C=C/C#CC#CC(O)C(=CSC[C@H](NC(=O)CCC(N)C(=O)O)C(=O)NCC(=O)O)OC1OC(COC2OC(CO)C(O)C(O)C2O)C(O)C(O)C1O|C/C=C/C#CC#CC(O)C(O)/C=C/CCCO|CCCC#CC#CC(O)C(/C=C/CCCO)OC1OC(COC2OC(CO)C(O)C(O)C2O)C(O)C(O)C1O|C/C=C/C#CC#CC(O)C(CCCCCO)OC1OC(COC2O[C@H](CO)[C@@H](O)[C@H](O)[C@H]2O)C(O)C(O)C1O|OC[C@H]1O[C@@H](OC[C@H]2O[C@H](O)[C@@H](O)[C@@H](O)[C@@H]2O)[C@@H](O)[C@@H](O)[C@@H]1O|C/C=C/C#CC#CC(O)C(/C=C/CCC=O)OC1OC(COC2O[C@H](CO)[C@@H](O)[C@H](O)[C@H]2O)C(O)C(O)C1O|C/C=C/C#CC#CC(OC1O[C@H](C(=O)O)[C@@H](O)[C@H](O)[C@H]1O)C(/C=C/CCCO)OC1OC(COC2OC(CO)C(O)C(O)C2O)C(O)C(O)C1O|OC[C@H]1O[C@H](OC[C@H]2O[C@H](O)[C@@H](O)[C@@H](O)[C@@H]2O)[C@@H](O)[C@@H](O)[C@@H]1O|C/C=C/C#CC#C[C@H](O)C(/C=C/CCC=O)O[C@H]1O[C@H](CO[C@H]2O[C@H](CO)[C@@H](O)[C@H](O)[C@@H]2O)[C@@H](O)[C@H](O)[C@@H]1O|C/C=C/C#CC#CC(O)COC1OC(COC2OC(CO)C(O)C(O)C2O)C(O)C(O)C1O|C/C=C/C#CC#CC(O)C(CSC[C@H](NC(C)=O)C(=O)O)O[C@H]1O[C@@H](CO[C@H]2O[C@H](CO)[C@@H](O)[C@@H](O)[C@H]2O)[C@H](O)[C@H](O)[C@H]1O,C/C=C/C#CC#CC(O)C(/C=C/CCCO)OC1OC(CO)C(O)C(O)C1O,C/C=C/C#CC#CC(O)C(/C=C/CCCO)OC1OC(C[O:1]C2OC(CO)C(O)C(O)C2O)C(O)C(O)C1O,C/C=C/C#CC#CC(O)C(/C=C/CCCO)OC1OC(C[O:1]C2OC(CO)C(O)C(O)C2O)C(O)C(O)C1O|C/C=C/C#CC#CC(O)[CH:1](OC1OC(COC2OC(CO)C(O)C(O)C2O)C(O)C(O)C1O)/[CH:1]=[CH:1]/[CH2:1][CH2:1][CH2:1][OH:1]|C/C=C/C#CC#CC(O)C(/C=C/CC[CH2:1][OH:1])OC1OC(COC2OC(CO)C(O)C(O)C2O)C(O)C(O)C1O|C/C=C/C#CC#CC(O)[CH:1](OC1OC(COC2OC(CO)C(O)C(O)C2O)C(O)C(O)C1O)/[CH:1]=[CH:1]/[CH2:1][CH2:1]CO|C/C=C/C#CC#CC(O)C(/C=C/CCCO)[O:1]C1OC(COC2OC(CO)C(O)C(O)C2O)C(O)C(O)C1O|C/C=C/C#CC#CC(O)[CH:1](OC1OC(COC2OC(CO)C(O)C(O)C2O)C(O)C(O)C1O)/[CH:1]=[CH:1]/[CH2:1][CH2:1][CH2:1][OH:1]|C/C=C/C#CC#CC(O)C(/C=C/CCCO)[O:1]C1OC(COC2OC(CO)C(O)C(O)C2O)C(O)C(O)C1O|C/C=C/C#CC#CC(O)C(/C=C/CC[CH2:1][OH:1])OC1OC(COC2OC(CO)C(O)C(O)C2O)C(O)C(O)C1O|C/C=C/C#CC#CC(O)C(OC1OC(COC2OC(CO)C(O)C(O)C2O)C(O)C(O)C1O)/[CH:1]=[CH:1]/[CH2:1][CH2:1][CH2:1][OH:1]|C/C=C/C#CC#CC(O)[CH:1](OC1OC(COC2OC(CO)C(O)C(O)C2O)C(O)C(O)C1O)/[CH:1]=[CH:1]/C[CH2:1][CH2:1]O|C/C=C/C#CC#CC(O)[CH:1](/C=C/CCCO)OC1OC(COC2OC(CO)C(O)C(O)C2[OH:1])C(O)C(O)C1O|C/[CH:1]=[CH:1]/C#CC#CC(O)C(/C=C/CCCO)OC1OC(COC2OC(CO)C(O)C(O)C2O)C(O)C(O)C1O|C/C=C/C#CC#CC(O)[CH:1](OC1OC(COC2OC(CO)C(O)C(O)C2O)C(O)C(O)C1O)/[CH:1]=[CH:1]/[CH2:1][CH2:1]CO|C/C=C/C#CC#CC(O)C(/C=C/CCCO)[O:1]C1OC(COC2OC(CO)C(O)C(O)C2O)C(O)C(O)C1O|C/C=C/C#CC#CC(O)C(/C=C/CC[CH2:1][OH:1])OC1OC(COC2OC(CO)C(O)C(O)C2O)C(O)C(O)C1O|C/C=C/C#CC#CC(C(/C=C/CCCO)OC1OC(COC2OC(CO)C(O)C(O)C2O)C(O)C(O)C1O)[OH:1]|C/C=C/C#CC#CC(O)C(/C=C/CCCO)[O:1]C1OC(COC2OC(CO)C(O)C(O)C2O)C(O)C(O)C1O|C/C=C/C#CC#CC(O)C(/C=C/CC[CH2:1][OH:1])OC1OC(COC2OC(CO)C(O)C(O)C2O)C(O)C(O)C1O|C/C=C/C#CC#CC(O)[CH:1](/C=C/CCCO)OC1OC(COC2OC(CO)C(O)C(O)C2O)C(O)C(O)C1O|C/C=C/C#CC#CC(O)C(OC1OC(COC2OC(CO)C(O)C(O)C2O)C(O)C(O)C1O)/[CH:1]=[CH:1]/[CH2:1][CH2:1][CH2:1]O
13,Cc1ncc(S(=O)(=O)N2CCC(c3cn4ncnc4cc3Cl)CC2)s1,O=S(=O)(C1=CN=C(CO)S1)N1CCC(C2=CN3N=CN=C3C=C2Cl)CC1|CC1=NC=C(S(=O)(=O)N2CCC(C3=CN4N=C(O)N=C4C=C3Cl)CC2)S1|CC1=NC=C(S(=O)(=O)NCCC(CC=O)C2=CN3N=CN=C3C=C2Cl)S1|CC1=NC=C(S(=O)(=O)N2CCC(C3=CN4N=CN=C4C=C3Cl)CC2O)S1|CC1=[N+]([O-])C=C(S(=O)(=O)N2CCC(C3=CN4N=CN=C4C=C3Cl)CC2)S1|CC1=NC=C(S(=O)(=O)N2CCC(C3=CN4N=CN=C4C=C3Cl)C(O)C2)S1|CC1=NC=C(S(=O)(=O)N2CCC(C3=CN4NC(=O)N=C4C=C3Cl)CC2)S1|ClC1=CC2=NC=NN2C=C1C1CCNCC1|CC1=NC=C(S(=O)(=O)N2CCC(C3=CN4N=CN=C4C=C3Cl)CC2)S1|CC1=NC=C(S(=O)(=O)N2CCC(C3=CN4N=CN=C4C(O)=C3Cl)CC2)S1|CC1=NC(O)=C(S(=O)(=O)N2CCC(C3=CN4N=CN=C4C=C3Cl)CC2)S1|CC(=O)NC=C(S)S(=O)(=O)N1CCC(C2=CN3N=CN=C3C=C2Cl)CC1|CC1=NC=C(S(=O)(=O)N2CCC(O)(C3=CN4N=CN=C4C=C3Cl)CC2)S1|CC1=NC=C(S(=O)(=O)N(CC=O)CCCC2=CN3N=CN=C3C=C2Cl)S1|CC1=NC=C(S(=O)(=O)N2CCC(C3=CN4C(=NC=[N+]4[O-])C=C3Cl)CC2)S1|CC1=NC(=O)C(S(=O)(=O)N2CCC(C3=CN4N=CN=C4C=C3Cl)CC2)S1|CC1=NC=C(S(=O)(=O)[N+]2([O-])CCC(C3=CN4N=CN=C4C=C3Cl)CC2)S1|CC1=NC=C(S(=O)(=O)N2CCC(C3=CN4N=C[N+]([O-])=C4C=C3Cl)CC2)S1|CC1=NC=C(S(=O)(=O)N2CCC(C3=CN4N=CN=C4C=C3Cl)CC2)S1=O|CC1=NC=C(S(=O)(=O)N2CCC(C3C(=O)N4N=CN=C4C=C3Cl)CC2)S1,O=S(=O)(c1cnc(CO)s1)N1CCC(c2cn3ncnc3cc2Cl)CC1,O=S(=O)(c1cnc([CH3:1])s1)N1CCC(c2cn3ncnc3cc2Cl)CC1,O=S(=O)(c1cnc([CH3:1])s1)N1CCC(c2cn3ncnc3cc2Cl)CC1|Cc1ncc(S(=O)(=O)N2CCC(c3cn4n[cH:1]nc4cc3Cl)CC2)s1|Cc1ncc(S(=O)(=O)[N:1]2CCC(c3cn4ncnc4cc3Cl)C[CH2:1]2)s1|Cc1ncc(S(=O)(=O)N2CCC(c3cn4ncnc4cc3Cl)C[CH2:1]2)s1|Cc1sc(S(=O)(=O)N2CCC(c3cn4ncnc4cc3Cl)CC2)c[n:1]1|Cc1ncc(S(=O)(=O)N2CCC(c3cn4ncnc4cc3Cl)[CH2:1]C2)s1|Cc1ncc(S(=O)(=O)N2CCC(c3cn4n[cH:1]nc4cc3Cl)CC2)s1|Cc1ncc(S(=O)(=O)[N:1]2CCC(c3cn4ncnc4cc3Cl)CC2)s1|Cc1ncc(S(=O)(=O)N2CCC(c3cn4ncnc4cc3Cl)CC2)s1|Cc1ncc(S(=O)(=O)N2CCC(c3cn4ncnc4[cH:1]c3Cl)CC2)s1|Cc1n[cH:1]c(S(=O)(=O)N2CCC(c3cn4ncnc4cc3Cl)CC2)s1|C[c:1]1[n:1][cH:1][c:1](S(=O)(=O)N2CCC(c3cn4ncnc4cc3Cl)CC2)[s:1]1|Cc1ncc(S(=O)(=O)N2CC[CH:1](c3cn4ncnc4cc3Cl)CC2)s1|Cc1ncc(S(=O)(=O)N2CC[CH:1](c3cn4ncnc4cc3Cl)[CH2:1]C2)s1|Cc1ncc(S(=O)(=O)N2CCC(c3cn4c(cc3Cl)nc[n:1]4)CC2)s1|C[c:1]1[n:1][cH:1][c:1](S(=O)(=O)N2CCC(c3cn4ncnc4cc3Cl)CC2)[s:1]1|Cc1ncc(S(=O)(=O)[N:1]2CCC(c3cn4ncnc4cc3Cl)CC2)s1|Cc1ncc(S(=O)(=O)N2CCC(c3cn4nc[n:1]c4cc3Cl)CC2)s1|C[c:1]1[n:1][cH:1][c:1](S(=O)(=O)N2CCC(c3cn4ncnc4cc3Cl)CC2)[s:1]1|Cc1ncc(S(=O)(=O)N2CCC([c:1]3[cH:1][n:1]4ncn[c:1]4[cH:1][c:1]3Cl)CC2)s1
14,COc1ccc(CCCCOC2OC(CO)[C@@H](O)[C@H](O)[C@H]2O)cc1,OCC1OC(OCCCCC2=CC=C(O)C=C2)[C@H](O)[C@@H](O)[C@@H]1O|COC1=CC=C(CCCCOC2OC(COP(=O)(O)O)[C@@H](O)[C@H](O)[C@H]2O)C=C1|COC1=CC=C(CCCCO)C=C1|COC1=CC=C(C(O)CCCOC2OC(CO)[C@@H](O)[C@H](O)[C@H]2O)C=C1|COC1=CC=C(CCCCOC2OC(CO)[C@@H](O)[C@H](O)[C@H]2O)C=C1O|OC[C@H]1O[C@@H](OCCCCC2=CC=C(O)C=C2)[C@H](O)[C@@H](O)[C@@H]1O|COC1=CC=C(CCCCO[C@@H]2O[C@H](COP(=O)(O)O)[C@@H](O)[C@H](O)[C@H]2O)C=C1|COC1=CC=C(CCCCOC2OC(CO)[C@@H](O)[C@H](O)[C@H]2O)C(O)=C1|OC[C@H]1O[C@H](OCCCCC2=CC=C(O)C=C2)[C@H](O)[C@@H](O)[C@@H]1O|OC[C@H]1OC(OCCCCC2=CC=C(O)C=C2)[C@H](O)[C@@H](O)[C@@H]1O|COC1=CC=C(CCCCOC2OC(C=O)[C@@H](O)[C@H](O)[C@H]2O)C=C1|OC[C@@H]1O[C@@H](OCCCCC2=CC=C(O)C=C2)[C@H](O)[C@@H](O)[C@@H]1O|COC1=CC=C(CCCC=O)C=C1|COC1=CC=C(CCCCOC2O[C@H](COP(=O)(O)O)[C@@H](O)[C@H](O)[C@H]2O)C=C1|COC1=CC=C(CCCCOC2O[C@@H](COP(=O)(O)O)[C@@H](O)[C@H](O)[C@H]2O)C=C1|COC1=CC=C(CCCCOC2OC(COS(=O)(=O)O)[C@@H](O)[C@H](O)[C@H]2O)C=C1|OCC1OC(OCCCCC2=CC=C(O)C=C2)[C@@H](O)[C@@H](O)[C@@H]1O|OC[C@@H]1OC(OCCCCC2=CC=C(O)C=C2)[C@H](O)[C@@H](O)[C@@H]1O|OC[C@@H]1O[C@H](OCCCCC2=CC=C(O)C=C2)[C@H](O)[C@@H](O)[C@@H]1O|COC1=CC=C(CCCCO[C@@H]2O[C@@H](COP(=O)(O)O)[C@@H](O)[C@H](O)[C@H]2O)C=C1,OCC1OC(OCCCCc2ccc(O)cc2)[C@H](O)[C@@H](O)[C@@H]1O,C[O:1]c1ccc(CCCCOC2OC(CO)[C@@H](O)[C@H](O)[C@H]2O)cc1,C[O:1]c1ccc(CCCCOC2OC(CO)[C@@H](O)[C@H](O)[C@H]2O)cc1|COc1ccc(CCCCOC2OC(C[OH:1])[C@@H](O)[C@H](O)[C@H]2O)cc1|COc1ccc(CCCC[O:1]C2OC(CO)[C@@H](O)[C@H](O)[C@H]2O)cc1|COc1ccc([CH2:1]CCCOC2OC(CO)[C@@H](O)[C@H](O)[C@H]2O)cc1|COc1ccc(CCCCOC2OC(CO)[C@@H](O)[C@H](O)[C@H]2O)c[cH:1]1|C[O:1]c1ccc(CCCCOC2OC(CO)[C@@H](O)[C@H](O)[C@H]2O)cc1|COc1ccc(CCCCOC2OC(C[OH:1])[C@@H](O)[C@H](O)[C@H]2O)cc1|COc1ccc(CCCCOC2OC(CO)[C@@H](O)[C@H](O)[C@H]2O)[cH:1]c1|C[O:1]c1ccc(CCCCOC2OC(CO)[C@@H](O)[C@H](O)[C@H]2O)cc1|C[O:1]c1ccc(CCCCOC2OC(CO)[C@@H](O)[C@H](O)[C@H]2O)cc1|COc1ccc(CCCCOC2OC([CH2:1][OH:1])[C@@H](O)[C@H](O)[C@H]2O)cc1|C[O:1]c1ccc(CCCCOC2OC(CO)[C@@H](O)[C@H](O)[C@H]2O)cc1|COc1ccc(CCC[CH2:1][O:1]C2OC(CO)[C@@H](O)[C@H](O)[C@H]2O)cc1|COc1ccc(CCCCOC2OC(C[OH:1])[C@@H](O)[C@H](O)[C@H]2O)cc1|COc1ccc(CCCCOC2OC(C[OH:1])[C@@H](O)[C@H](O)[C@H]2O)cc1|COc1ccc(CCCCOC2OC(C[OH:1])[C@@H](O)[C@H](O)[C@H]2O)cc1|C[O:1]c1ccc(CCCCOC2OC(CO)[C@@H](O)[C@H](O)[C@H]2O)cc1|C[O:1]c1ccc(CCCCOC2OC(CO)[C@@H](O)[C@H](O)[C@H]2O)cc1|C[O:1]c1ccc(CCCCOC2OC(CO)[C@@H](O)[C@H](O)[C@H]2O)cc1|COc1ccc(CCCCOC2OC(C[OH:1])[C@@H](O)[C@H](O)[C@H]2O)cc1
15,O=C(O)C1OC(Oc2cc3oc(-c4ccc(O)cc4)cc(=O)c3c(O)c2O)C(O)C(O)C1O,O=C1C=C(C2=CC=C(O)C=C2)OC2=CC(O)=C(O)C(O)=C12|O=C(O)[C@H]1O[C@H](OC2=CC3=C(C(=O)C=C(C4=CC=C(OS(=O)(=O)O)C=C4)O3)C(O)=C2O)[C@H](O)[C@H](O)[C@H]1O|O=C(O)[C@H]1O[C@@H](OC2=CC3=C(C(=O)C=C(C4=CC=C(OS(=O)(=O)O)C=C4)O3)C(O)=C2O)[C@H](O)[C@@H](O)[C@@H]1O|O=C(O)[C@H]1OC(OC2=C(O)C(O[C@@H]3O[C@H](C(=O)O)[C@@H](O)[C@H](O)[C@H]3O)=CC3=C2C(=O)C=C(C2=CC=C(O)C=C2)O3)[C@H](O)[C@@H](O)[C@@H]1O|COC1=C(O[C@@H]2O[C@H](C(=O)O)[C@H](O)[C@H](O)[C@H]2O)C=C2OC(C3=CC=C(O)C=C3)=CC(=O)C2=C1O|COC1=C(O)C(O[C@H]2O[C@H](C(=O)O)[C@@H](O)[C@@H](O)[C@H]2O)=CC2=C1C(=O)C=C(C1=CC=C(O)C=C1)O2|O=C(O)[C@H]1OC(OC2=CC=C(C3=CC(=O)C4=C(O)C(O)=C(O[C@@H]5O[C@@H](C(=O)O)C(O)[C@@H](O)[C@H]5O)C=C4O3)C=C2)[C@H](O)[C@@H](O)[C@@H]1O|O=C(O)C1O[C@H](OC2=CC3=C(C(=O)C=C(C4=CC=C(OS(=O)(=O)O)C=C4)O3)C(O)=C2O)[C@H](O)[C@H](O)[C@H]1O|O=C(O)[C@H]1O[C@H](OC2=CC3=C(C(=O)C=C(C4=CC=C(OS(=O)(=O)O)C=C4)O3)C(O)=C2O)[C@H](O)[C@H](O)[C@@H]1O|O=C(O)[C@H]1O[C@@H](OC2=CC3=C(C(=O)C=C(C4=CC=C(O)C=C4)O3)C(O)=C2OS(=O)(=O)O)[C@H](O)[C@@H](O)[C@@H]1O|O=C(O)[C@H]1O[C@@H](OC2=CC3=C(C(=O)C=C(C4=CC=C(O)C=C4)O3)C(O)=C2O)[C@H](OC2O[C@H](CO)[C@@H](O)[C@H](O)[C@H]2O)[C@H](O)[C@@H]1O|COC1=C(O)C(O[C@@H]2O[C@H](C(=O)O)[C@H](O)[C@H](O)[C@H]2O)=CC2=C1C(=O)C=C(C1=CC=C(O)C=C1)O2|COC1=C(O)C(O[C@H]2O[C@H](C(=O)O)[C@@H](O)[C@H](O)[C@H]2O)=CC2=C1C(=O)C=C(C1=CC=C(O)C=C1)O2|O=C(O)[C@H]1OC(OC2=C(O)C(O[C@@H]3O[C@@H](C(=O)O)[C@H](O)[C@@H](O)[C@H]3O)=CC3=C2C(=O)C=C(C2=CC=C(O)C=C2)O3)[C@H](O)[C@@H](O)[C@@H]1O|O=C(O)[C@H]1OC(OC2=CC3=C(C(=O)C=C(C4=CC=C(OS(=O)(=O)O)C=C4)O3)C(O)=C2O)[C@H](O)[C@H](O)[C@H]1O|O=C(O)[C@H]1O[C@@H](OC2=CC3=C(C(=O)C=C(C4=CC=C(O)C=C4)O3)C(O)=C2O)[C@H](OC2O[C@H](CO)[C@@H](O)[C@H](O)[C@H]2O)[C@@H](O)[C@@H]1O|O=C(O)[C@H]1OC(OC2=C(O)C3=C(C=C2O[C@@H]2O[C@H](C(=O)O)[C@@H](O)[C@H](O)[C@H]2O)OC(C2=CC=C(O)C=C2)=CC3=O)[C@H](O)[C@@H](O)[C@@H]1O|COC1=C(O[C@H]2O[C@H](C(=O)O)[C@@H](O)[C@@H](O)[C@H]2O)C=C2OC(C3=CC=C(O)C=C3)=CC(=O)C2=C1O|O=C(O)[C@H]1OC(OC2=C(O)C(O[C@@H]3O[C@@H](C(=O)O)C(O)[C@@H](O)[C@H]3O)=CC3=C2C(=O)C=C(C2=CC=C(O)C=C2)O3)[C@H](O)[C@@H](O)[C@@H]1O|O=C(O)[C@H]1O[C@@H](OC2=CC3=C(C(O)=C2O)C(O)C=C(C2=CC=C(O)C=C2)O3)[C@H](O)[C@@H](O)[C@@H]1O,O=c1cc(-c2ccc(O)cc2)oc2cc(O)c(O)c(O)c12,O=C(O)C1OC([O:1]c2cc3oc(-c4ccc(O)cc4)cc(=O)c3c(O)c2O)C(O)C(O)C1O,O=C(O)C1OC([O:1]c2cc3oc(-c4ccc(O)cc4)cc(=O)c3c(O)c2O)C(O)C(O)C1O|O=C(O)C1OC(Oc2cc3oc(-c4ccc([OH:1])cc4)cc(=O)c3c(O)c2O)C(O)C(O)C1O|O=C(O)C1OC(Oc2cc3oc(-c4ccc([OH:1])cc4)cc(=O)c3c(O)c2O)C(O)C(O)C1O|O=C(O)C1O[CH:1]([O:1]c2cc3oc(-c4ccc(O)cc4)cc(=O)c3c([OH:1])c2O)C(O)C(O)C1O|O=C(O)C1OC(Oc2cc3oc(-c4ccc(O)cc4)cc(=O)c3c(O)c2[OH:1])C(O)C(O)C1O|O=C(O)C1OC(Oc2cc3oc(-c4ccc(O)cc4)cc(=O)c3c([OH:1])c2O)C(O)C(O)C1O|O=C(O)C1O[CH:1]([O:1]c2cc3oc(-c4ccc([OH:1])cc4)cc(=O)c3c(O)c2O)C(O)C(O)C1O|O=C(O)C1OC(Oc2cc3oc(-c4ccc([OH:1])cc4)cc(=O)c3c(O)c2O)C(O)C(O)C1O|O=C(O)C1OC(Oc2cc3oc(-c4ccc([OH:1])cc4)cc(=O)c3c(O)c2O)C(O)C(O)C1O|O=C(O)C1OC(Oc2cc3oc(-c4ccc(O)cc4)cc(=O)c3c(O)c2[OH:1])C(O)C(O)C1O|O=C(O)[CH:1]1O[CH:1](Oc2cc3oc(-c4ccc(O)cc4)cc(=O)c3c(O)c2O)[CH:1](O)C(O)[CH:1]1O|O=C(O)C1OC(Oc2cc3oc(-c4ccc(O)cc4)cc(=O)c3c([OH:1])c2O)C(O)C(O)C1O|O=C(O)C1OC(Oc2cc3oc(-c4ccc(O)cc4)cc(=O)c3c([OH:1])c2O)C(O)C(O)C1O|O=C(O)C1O[CH:1]([O:1]c2cc3oc(-c4ccc(O)cc4)cc(=O)c3c([OH:1])c2O)C(O)C(O)C1O|O=C(O)C1OC(Oc2cc3oc(-c4ccc([OH:1])cc4)cc(=O)c3c(O)c2O)C(O)C(O)C1O|O=C(O)C1O[CH:1](Oc2cc3oc(-c4ccc(O)cc4)cc(=O)c3c(O)c2O)[CH:1](O)[CH:1](O)[CH:1]1O|O=C(O)C1O[CH:1]([O:1]c2cc3oc(-c4ccc(O)cc4)cc(=O)c3c(O)c2[OH:1])C(O)C(O)C1O|O=C(O)C1OC(Oc2cc3oc(-c4ccc(O)cc4)cc(=O)c3c(O)c2[OH:1])C(O)C(O)C1O|O=C(O)[CH:1]1[O:1][CH:1](Oc2cc3oc(-c4ccc(O)cc4)cc(=O)c3c([OH:1])c2O)C(O)C(O)[CH:1]1O|O=C(O)C1OC(Oc2c[c:1]3[o:1][c:1](-c4ccc(O)cc4)[cH:1][c:1](=[O:1])[c:1]3c(O)c2O)C(O)C(O)C1O
16,CN1CCC[C@@H](OC(=O)[C@](O)(c2ccccc2)c2cccc(OCCCNC(=O)c3ccc(CNC[C@H](O)c4ccc(O)c5[nH]c(=O)ccc45)cc3)c2)C1,O=C(NCCCOC1=CC=CC([C@](O)(C(=O)O)C2=CC=CC=C2)=C1)C1=CC=C(CNC[C@H](O)C2=CC=C(O)C3=C2C=CC(=O)N3)C=C1|CN1CCC[C@@H](OC(=O)[C@](O)(C2=CC=CC=C2)C2=CC=CC(OCCCNC(=O)C3=CC=C(CN)C=C3)=C2)C1|O=C(NCCCOC1=CC=CC([C@](O)(C(=O)O[C@@H]2CCCNC2)C2=CC=CC=C2)=C1)C1=CC=C(CNC[C@H](O)C2=CC=C(O)C3=C2C=CC(=O)N3)C=C1|CN1CCC[C@@H](OC(=O)[C@](O)(C2=CC=CC=C2)C2=CC=CC(OCCC=O)=C2)C1|CN1CCC[C@@H](OC(=O)[C@](O)(C2=CC=CC=C2)C2=CC=CC(OCCCNC(=O)C3=CC=C(CO)C=C3)=C2)C1|CN1CCC[C@@H](OC(=O)[C@](O)(C2=CC=CC=C2)C2=CC=CC(OCCCNC(=O)C3=CC=C(C=O)C=C3)=C2)C1|O=CCCNC(=O)C1=CC=C(CNC[C@H](O)C2=CC=C(O)C3=C2C=CC(=O)N3)C=C1|NC(=O)C1=CC=C(CNC[C@H](O)C2=CC=C(O)C3=C2C=CC(=O)N3)C=C1|CN1CCC[C@@H](OC(=O)[C@](O)(C2=CC=CC=C2)C2=CC=CC(O)=C2)C1|CN1CCC[C@@H](OC(=O)[C@](O)(C2=CC=CC=C2)C2=CC=CC(OCCCNC(=O)C3=CC=C(CNCCC4=CC=C(O)C5=C4C=CC(=O)N5)C=C3)=C2)C1|CN1CCC[C@@H](OC(=O)[C@](O)(C2=CC=CC=C2)C2=CC=CC(OCCCNC(=O)C3=CC=C(CNCC(=O)C4=CC=C(O)C5=C4C=CC(=O)N5)C=C3)=C2)C1|NC[C@H](O)C1=CC=C(O)C2=C1C=CC(=O)N2|O=C(NCCCOC1=CC=CC([C@](O)(C(=O)O[C@H]2CCCNC2)C2=CC=CC=C2)=C1)C1=CC=C(CNC[C@H](O)C2=CC=C(O)C3=C2C=CC(=O)N3)C=C1|O=C(NCCCOC1=CC=CC(C(O)(C(=O)O)C2=CC=CC=C2)=C1)C1=CC=C(CNC[C@H](O)C2=CC=C(O)C3=C2C=CC(=O)N3)C=C1|C[N+]1([O-])CCC[C@@H](OC(=O)[C@](O)(C2=CC=CC=C2)C2=CC=CC(OCCCNC(=O)C3=CC=C(CNC[C@H](O)C4=CC=C(O)C5=C4C=CC(=O)N5)C=C3)=C2)C1|CN1CCC[C@@H](OC(=O)[C@](O)(C2=CC=CC=C2)C2=CC=CC(OCCCNC(=O)C3=CC=C(CNC[C@H](O)C4=C5C=CC(=O)N=C5C(=O)C=C4)C=C3)=C2)C1|O=C(NCCCOC1=CC=CC(C(O)(C(=O)O)C2=CC=CC=C2)=C1)C1=CC=C(CNCC(O)C2=CC=C(O)C3=C2C=CC(=O)N3)C=C1|O=C(NCCCOC1=CC=CC([C@](O)(C(=O)O[C@@H]2CCCN(CO)C2)C2=CC=CC=C2)=C1)C1=CC=C(CNC[C@H](O)C2=CC=C(O)C3=C2C=CC(=O)N3)C=C1|CNC[C@@H](CCC=O)OC(=O)[C@](O)(C1=CC=CC=C1)C1=CC=CC(OCCCNC(=O)C2=CC=C(CNC[C@H](O)C3=CC=C(O)C4=C3C=CC(=O)N4)C=C2)=C1|NC(=O)C1=CC=C(CNCC(O)C2=CC=C(O)C3=C2C=CC(=O)N3)C=C1,O=C(NCCCOc1cccc([C@](O)(C(=O)O)c2ccccc2)c1)c1ccc(CNC[C@H](O)c2ccc(O)c3[nH]c(=O)ccc23)cc1,CN1CCC[C@@H]([O:1]C(=O)[C@](O)(c2ccccc2)c2cccc(OCCCNC(=O)c3ccc(CNC[C@H](O)c4ccc(O)c5[nH]c(=O)ccc45)cc3)c2)C1,CN1CCC[C@@H]([O:1]C(=O)[C@](O)(c2ccccc2)c2cccc(OCCCNC(=O)c3ccc(CNC[C@H](O)c4ccc(O)c5[nH]c(=O)ccc45)cc3)c2)C1|CN1CCC[C@@H](OC(=O)[C@](O)(c2ccccc2)c2cccc(OCCCNC(=O)c3ccc(C[NH:1]C[C@H](O)c4ccc(O)c5[nH]c(=O)ccc45)cc3)c2)C1|C[N:1]1CCC[C@@H](OC(=O)[C@](O)(c2ccccc2)c2cccc(OCCCNC(=O)c3ccc(CNC[C@H](O)c4ccc(O)c5[nH]c(=O)ccc45)cc3)c2)C1|CN1CCC[C@@H](OC(=O)[C@](O)(c2ccccc2)c2cccc(OCC[CH2:1]NC(=O)c3ccc(CNC[C@H](O)c4ccc(O)c5[nH]c(=[O:1])ccc45)cc3)c2)C1|CN1CCC[C@@H](OC(=O)[C@](O)(c2ccccc2)c2cccc(OCCCNC(=O)c3ccc([CH2:1]NC[C@H](O)c4ccc(O)c5[nH]c(=[O:1])ccc45)cc3)c2)C1|CN1CCC[C@@H](OC(=O)[C@](O)(c2ccccc2)c2cccc(OCCCNC(=O)c3cc[c:1](CNC[C@@H:1](c4ccc(O)c5[nH]c(=O)ccc45)[OH:1])cc3)c2)C1|CN1CCC[C@@H](OC(=O)[C@](O)(c2ccccc2)c2cccc([O:1][CH2:1]CCNC(=O)c3ccc(CNC[C@H](O)c4ccc(O)c5[nH]c(=O)ccc45)cc3)c2)C1|CN1CCC[C@@H](OC(=O)[C@](O)(c2ccccc2)c2cccc(OCCC[NH:1]C(=O)c3ccc(CNC[C@H](O)c4ccc(O)c5[nH]c(=O)ccc45)cc3)c2)C1|CN1CCC[C@@H](OC(=O)[C@](O)(c2ccccc2)c2cccc([O:1]CCCNC(=O)c3ccc(CNC[C@H](O)c4ccc(O)c5[nH]c(=O)ccc45)cc3)c2)C1|CN1CCC[C@@H](OC(=O)[C@](O)(c2ccccc2)c2cccc(OCCCNC(=O)c3ccc(CNC[C@H:1](O)c4ccc(O)c5[nH]c(=O)ccc45)cc3)c2)C1|CN1CCC[C@@H](OC(=O)[C@](O)(c2ccccc2)c2cccc(OCCCNC(=O)c3ccc(CNC[C@@H:1](c4ccc(O)c5[nH]c(=O)ccc45)[OH:1])cc3)c2)C1|CN1CCC[C@@H](OC(=O)[C@](O)(c2ccccc2)c2cccc(OCCCNC(=O)c3ccc(C[NH:1]C[C@H](O)c4ccc(O)c5[nH]c(=O)ccc45)cc3)c2)C1|C[N:1]1CCC[C@@H](OC(=O)[C@](O)(c2ccccc2)c2cccc(OCCCNC(=O)c3ccc(CNC[C@H](O)c4ccc(O)c5[nH]c(=O)ccc45)cc3)c2)C1|CN1CCC[C@@H]([O:1]C(=O)[C@](O)(c2ccccc2)c2cccc(OCCCNC(=O)c3ccc(CNC[C@H](O)c4ccc(O)c5[nH]c(=O)ccc45)cc3)c2)C1|C[N:1]1CCC[C@@H](OC(=O)[C@](O)(c2ccccc2)c2cccc(OCCCNC(=O)c3ccc(CNC[C@H](O)c4ccc(O)c5[nH]c(=O)ccc45)cc3)c2)C1|CN1CCC[C@@H](OC(=O)[C@](O)(c2ccccc2)c2cccc(OCCCNC(=O)c3ccc(CNC[C@H](O)[c:1]4[cH:1][cH:1][c:1]([OH:1])[c:1]5[nH:1][c:1](=O)[cH:1][cH:1][c:1]45)cc3)c2)C1|CN1CCC[C@@H]([O:1]C(=O)[C@](O)(c2ccccc2)c2cccc(OCCCNC(=O)c3ccc(CNC[C@H](O)c4ccc(O)c5[nH]c(=O)ccc45)cc3)c2)C1|O=C(NCCCOc1cccc([C@](O)(C(=O)O[C@@H]2CCCN([CH3:1])C2)c2ccccc2)c1)c1ccc(CNC[C@H](O)c2ccc(O)c3[nH]c(=O)ccc23)cc1|C[N:1]1C[C@H](OC(=O)[C@](O)(c2ccccc2)c2cccc(OCCCNC(=O)c3ccc(CNC[C@H](O)c4ccc(O)c5[nH]c(=O)ccc45)cc3)c2)CC[CH2:1]1|CN1CCC[C@@H](OC(=O)[C@](O)(c2ccccc2)c2cccc(OCCC[NH:1]C(=O)c3ccc(CNC[C@H](O)c4ccc(O)c5[nH]c(=O)ccc45)cc3)c2)C1
17,CC[C@H](C)C(=O)N1CCC(NC(=O)Nc2ccc(OC(F)(F)F)c(F)c2)CC1,C[C@@H](CCO)C(=O)N1CCC(NC(=O)NC2=CC=C(OC(F)(F)F)C(F)=C2)CC1|CC[C@H](C)C(=O)N1CCC(NC(=O)NC2=CC=C(O)C(F)=C2)CC1|CC[C@H](C)C(=O)N1CCC(NC(=O)NC2=CC=C(OC(F)(F)F)C(F)=C2)CC1O|CC[C@H](C)C(=O)N1CCC(NC(=O)NC2=CC=C(OC(F)(F)F)C(O)=C2)CC1|C[C@H](O)[C@H](C)C(=O)N1CCC(NC(=O)NC2=CC=C(OC(F)(F)F)C(F)=C2)CC1|CC[C@H](C)C(=O)N1CCC(NC(=O)NC2=CC(F)=C(OC(F)(F)F)C=C2O)CC1|C[C@H](C(=O)N1CCC(NC(=O)NC2=CC=C(OC(F)(F)F)C(F)=C2)CC1)[C@@H](C)O|CC[C@H](C)C(O)N1CCC(NC(=O)NC2=CC=C(OC(F)(F)F)C(F)=C2)CC1|CC[C@H](C)C(=O)N1CCC(NC(=O)NC2=CC(O)=C(OC(F)(F)F)C(F)=C2)CC1|CC[C@@H](CO)C(=O)N1CCC(NC(=O)NC2=CC=C(OC(F)(F)F)C(F)=C2)CC1|CC(O)[C@H](C)C(=O)N1CCC(NC(=O)NC2=CC=C(OC(F)(F)F)C(F)=C2)CC1|CC[C@H](C)C(=O)N1CCC(NC(=O)NC2=CC=C(OC(F)(F)F)C(F)=C2O)CC1|O=C(NC1=CC=C(OC(F)(F)F)C(F)=C1)NC1CCNCC1|NC1=CC=C(OC(F)(F)F)C(F)=C1|CC(O)C(C)C(=O)N1CCC(NC(=O)NC2=CC=C(OC(F)(F)F)C(F)=C2)CC1|CC[C@H](C)C(=O)N1CCC(NC(=O)NC2=CC=C(OC(F)(F)F)C(F)=C2)C(O)C1|CC[C@H](C)C(=O)N1CCC(NC(=O)NC2=CC=C(OC(F)(F)F)C(F)=C2)C[C@@H]1O|CC[C@H](C)C(=O)N1CCC(NC(=O)NC2=CC(F)=C(OC(F)(F)F)C3OC23)CC1|C=C(CC)C(=O)N1CCC(NC(=O)NC2=CC=C(OC(F)(F)F)C(F)=C2)CC1|CC[C@H](C)C(=O)N1CCC(NC(=O)NC2=CC3(F)OC3(OC(F)(F)F)C=C2)CC1,CC[C@@H](CO)C(=O)N1CCC(NC(=O)Nc2ccc(OC(F)(F)F)c(F)c2)CC1,CC[C@@H](C(=O)N1CCC(NC(=O)Nc2ccc(OC(F)(F)F)c(F)c2)CC1)[CH3:1],C[C@@H](C[CH3:1])C(=O)N1CCC(NC(=O)Nc2ccc(OC(F)(F)F)c(F)c2)CC1|CC[C@H](C)C(=O)N1CCC(NC(=O)Nc2ccc([O:1]C(F)(F)F)c(F)c2)CC1|CC[C@H](C)C(=O)N1CCC(NC(=O)Nc2ccc(OC(F)(F)F)c(F)c2)C[CH2:1]1|CC[C@H](C)C(=O)N1CCC(NC(=O)Nc2ccc(OC(F)(F)F)c(F)c2)CC1|C[C@H](C(=O)N1CCC(NC(=O)Nc2ccc(OC(F)(F)F)c(F)c2)CC1)[CH2:1]C|CC[C@H](C)C(=O)N1CCC(NC(=O)Nc2cc(F)c(OC(F)(F)F)c[cH:1]2)CC1|C[C@H](C(=O)N1CCC(NC(=O)Nc2ccc(OC(F)(F)F)c(F)c2)CC1)[CH2:1]C|CC[C@H](C)[C:1](N1CCC(NC(=O)Nc2ccc(OC(F)(F)F)c(F)c2)CC1)=[O:1]|CC[C@H](C)C(=O)N1CCC(NC(=O)Nc2cc(F)c(OC(F)(F)F)[cH:1]c2)CC1|CC[C@@H](C(=O)N1CCC(NC(=O)Nc2ccc(OC(F)(F)F)c(F)c2)CC1)[CH3:1]|C[C@H](C(=O)N1CCC(NC(=O)Nc2ccc(OC(F)(F)F)c(F)c2)CC1)[CH2:1]C|CC[C@H](C)C(=O)N1CCC(NC(=O)Nc2ccc(OC(F)(F)F)c(F)[cH:1]2)CC1|CC[C@H](C)C(=O)[N:1]1CCC(NC(=O)Nc2ccc(OC(F)(F)F)c(F)c2)CC1|CC[C@H](C)C(=O)N1CCC(NC(=O)[NH:1]c2ccc(OC(F)(F)F)c(F)c2)CC1|C[C@H](C(=O)N1CCC(NC(=O)Nc2ccc(OC(F)(F)F)c(F)c2)CC1)[CH2:1]C|CC[C@H](C)C(=O)N1CCC(NC(=O)Nc2ccc(OC(F)(F)F)c(F)c2)[CH2:1]C1|CC[C@H](C)C(=O)N1CCC(NC(=O)Nc2ccc(OC(F)(F)F)c(F)c2)C[CH2:1]1|CC[C@H](C)C(=O)N1CCC(NC(=O)N[c:1]2[cH:1][cH:1][c:1](OC(F)(F)F)[c:1](F)[cH:1]2)CC1|CC[C@@H:1](C(=O)N1CCC(NC(=O)Nc2ccc(OC(F)(F)F)c(F)c2)CC1)[CH3:1]|CC[C@H](C)C(=O)N1CCC(NC(=O)N[c:1]2[cH:1][cH:1][c:1](OC(F)(F)F)[c:1](F)[cH:1]2)CC1
18,CN(C(=O)Cc1cccs1)[C@@H](Cc1c[nH]c2ccccc12)C(=O)N[C@@](C)(Cc1ccccc1)C(=O)N[C@@H](CCCNC(=N)N)C(=O)N1CCC[C@H]1C(=O)N[C@@H](CCCNC(=N)N)C(N)=O,C[C@@](CC1=CC=CC=C1)(NC(=O)[C@H](CC1=CNC2=CC=CC=C12)NC(=O)CC1=CC=CS1)C(=O)N[C@@H](CCCNC(=N)N)C(=O)N1CCC[C@H]1C(=O)N[C@@H](CCCNC(=N)N)C(N)=O|CN(C(=O)CC1=CC=CS1)[C@@H](CC1=CNC2=CC=CC=C12)C(=O)N[C@@](C)(CC1=CC=CC=C1)C(=O)N[C@@H](CCCNC(=N)N)C(=O)N1CCC[C@H]1C(=O)O|CN(C(=O)CC1=CC=CS1)[C@@H](CC1=CNC2=CC=C(O)C=C12)C(=O)N[C@@](C)(CC1=CC=CC=C1)C(=O)N[C@@H](CCCNC(=N)N)C(=O)N1CCC[C@H]1C(=O)N[C@@H](CCCNC(=N)N)C(N)=O|CN[C@@H](CC1=CNC2=CC=CC=C12)C(=O)N[C@@](C)(CC1=CC=CC=C1)C(=O)N[C@@H](CCCNC(=N)N)C(=O)N1CCC[C@H]1C(=O)N[C@@H](CCCNC(=N)N)C(N)=O|CN(C(=O)CC1=CC=CS1)[C@@H](CC1=CNC2=CC=CC=C12)C(=O)N[C@@](C)(CC1=CC=CC=C1)C(=O)N[C@@H](CCCNC(=N)N)C(=O)N1CCC[C@H]1C(N)=O|CN(C(=O)CC1=CC=CS1)[C@@H](CC1=CNC2=CC=CC=C12)C(=O)N[C@@](C)(CC1=CC=CC=C1)C(=O)N[C@@H](CCCNC(=N)N)C(=O)N1CCC[C@H]1C(=O)N[C@@H](CCCNC(=N)N)C(=O)O|C[C@](N)(CC1=CC=CC=C1)C(=O)N[C@@H](CCCNC(=N)N)C(=O)N1CCC[C@H]1C(=O)N[C@@H](CCCNC(=N)N)C(N)=O|CN(C(=O)CC1=CC=CS1)[C@@H](CC1=CNC2=CC=CC=C12)C(=O)N[C@@](C)(CC1=CC=CC=C1)C(=O)O|CN(C(=O)CC1=CC=CS1=O)[C@@H](CC1=CNC2=CC=CC=C12)C(=O)N[C@@](C)(CC1=CC=CC=C1)C(=O)N[C@@H](CCCNC(=N)N)C(=O)N1CCC[C@H]1C(=O)N[C@@H](CCCNC(=N)N)C(N)=O|CN(C(=O)CC1=CC=CS1)[C@@H](CC1=CNC2=CC=CC=C12)C(=O)N[C@@](C)(CC1=CC=CC=C1)C(=O)N[C@@H](CCCNC(N)=O)C(=O)N1CCC[C@H]1C(=O)N[C@@H](CCCNC(=N)N)C(N)=O|CN(C(=O)CC1=CC=CS1)[C@@H](CC1=CNC2=CC=CC=C12)C(=O)N[C@@](C)(CC1=CC=CC=C1)C(=O)N[C@@H](CCCNC(=N)N)C(=O)N1C(O)CC[C@H]1C(=O)N[C@@H](CCCNC(=N)N)C(N)=O|CN(C(=O)CC1=CC=CS1)[C@@H](CC1=CNC2=CC=CC=C12)C(=O)N[C@@H](CC1=CC=CC=C1)C(=O)N[C@@H](CCCNC(=N)N)C(=O)N1CCC[C@H]1C(=O)N[C@@H](CCCNC(=N)N)C(N)=O|CN(C(=O)CC1=CC=CS1)[C@@H](CC1=CNC2=CC=CC=C12)C(=O)N[C@@](C)(CC1=CC=CC=C1)C(=O)N[C@@H](CCCNC(=N)N)C(=O)N1CCC[C@H]1C(=O)N[C@@H](CCCNC(=N)N)C(N)=O|CN(CCC1=CC=CS1)[C@@H](CC1=CNC2=CC=CC=C12)C(=O)N[C@@](C)(CC1=CC=CC=C1)C(=O)N[C@@H](CCCNC(=N)N)C(=O)N1CCC[C@H]1C(=O)N[C@@H](CCCNC(=N)N)C(N)=O|CN(C(=O)CC1=CC=CS1)[C@@H](CC1=CNC2=CC=CC=C12)C(=O)N[C@@](C)(CC1=CC=CC=C1)C(=O)N[C@@H](CCCNC(=N)N)C(=O)O|CN(C(=O)CC1=CC=CS1)[C@@H](CC1=CNC2=CC=CC=C12)C(=O)N[C@@](C)(CC1=CC=CC=C1)C(N)=O|CN(C(=O)CC1=CC=CS1)[C@@H](CC1=CNC2=CC=CC=C12)C(=O)N[C@@](C)(CC1=CC=CC=C1)C(=O)N[C@@H](CCC=O)C(=O)N1CCC[C@H]1C(=O)N[C@@H](CCCNC(=N)N)C(N)=O|C[C@H](NC(=O)[C@H](CC1=CNC2=CC=CC=C12)N(C)C(=O)CC1=CC=CS1)C(=O)N[C@@H](CCCNC(=N)N)C(=O)N1CCC[C@H]1C(=O)N[C@@H](CCCNC(=N)N)C(N)=O|CN(C(=O)CC1=CC=C[S+]1O)[C@@H](CC1=CNC2=CC=CC=C12)C(=O)N[C@@](C)(CC1=CC=CC=C1)C(=O)N[C@@H](CCCNC(=N)N)C(=O)N1CCC[C@H]1C(=O)N[C@@H](CCCNC(=N)N)C(N)=O|CN(CC(=O)N[C@@](C)(CC1=CC=CC=C1)C(=O)N[C@@H](CCCNC(=N)N)C(=O)N1CCC[C@H]1C(=O)N[C@@H](CCCNC(=N)N)C(N)=O)C(=O)CC1=CC=CS1,CN(C(=O)Cc1cccs1)[C@@H](Cc1c[nH]c2ccccc12)C(=O)N[C@@](C)(Cc1ccccc1)C(=O)N[C@@H](CCCNC(=N)N)C(=O)N1CCC[C@H]1C(=O)N[C@@H](CCCNC(=N)N)C(=O)O,CN(C(=O)Cc1cccs1)[C@@H](Cc1c[nH]c2ccccc12)C(=O)N[C@@](C)(Cc1ccccc1)C(=O)N[C@@H](CCCNC(=N)N)C(=O)N1CCC[C@H]1C(=O)N[C@@H](CCCNC(=N)N)C(N)=O,C[C@@](Cc1ccccc1)(NC(=O)[C@H](Cc1c[nH]c2ccccc12)[N:1](C)C(=O)Cc1cccs1)C(=O)N[C@@H](CCCNC(=N)N)C(=O)N1CCC[C@H]1C(=O)N[C@@H](CCCNC(=N)N)C(N)=O|CN(C(=O)Cc1cccs1)[C@@H](Cc1c[nH]c2ccccc12)C(=O)N[C@@](C)(Cc1ccccc1)C(=O)N[C@@H](CCCNC(=N)N)C(=O)N1CCC[C@H]1[C:1](=O)N[C@@H](CCCNC(=N)N)C(N)=[O:1]|CN(C(=O)Cc1cccs1)[C@@H](Cc1c[nH]c2cc[cH:1]cc12)C(=O)N[C@@](C)(Cc1ccccc1)C(=O)N[C@@H](CCCNC(=N)N)C(=O)N1CCC[C@H]1C(=O)N[C@@H](CCCNC(=N)N)C(N)=O|C[C@@](Cc1ccccc1)(NC(=O)[C@H](Cc1c[nH]c2ccccc12)[N:1](C)C(=O)Cc1cccs1)C(=O)N[C@@H](CCCNC(=N)N)C(=O)N1CCC[C@H]1C(=O)N[C@@H](CCCNC(=N)N)C(N)=O|CN(C(=O)Cc1cccs1)[C@@H](Cc1c[nH]c2ccccc12)C(=O)N[C@@](C)(Cc1ccccc1)C(=O)N[C@@H](CCCNC(=N)N)C(=O)N1CCC[C@H]1[C:1](=O)N[C@@H](CCCNC(=N)N)C(=O)[NH2:1]|CN(C(=O)Cc1cccs1)[C@@H](Cc1c[nH]c2ccccc12)C(=O)N[C@@](C)(Cc1ccccc1)C(=O)N[C@@H](CCCNC(=N)N)C(=O)N1CCC[C@H]1C(=O)N[C@@H](CCCNC(=N)N)C(N)=O|CN(C(=O)Cc1cccs1)[C@@H](Cc1c[nH]c2ccccc12)C(=O)[NH:1][C@@](C)(Cc1ccccc1)C(=O)N[C@@H](CCCNC(=N)N)C(=O)N1CCC[C@H]1C(=O)N[C@@H](CCCNC(=N)N)C(N)=O|CN(C(=O)Cc1cccs1)[C@@H](Cc1c[nH]c2ccccc12)C(=O)N[C@@](C)(Cc1ccccc1)[C:1](=O)N[C@@H](CCCNC(=N)N)C(=O)N1CCC[C@H]1C(N[C@@H](CCCNC(=N)N)C(N)=O)=[O:1]|CN(C(=O)C[c:1]1[cH:1][cH:1][cH:1][s:1]1)[C@@H](Cc1c[nH]c2ccccc12)C(=O)N[C@@](C)(Cc1ccccc1)C(=O)N[C@@H](CCCNC(=N)N)C(=O)N1CCC[C@H]1C(=O)N[C@@H](CCCNC(=N)N)C(N)=O|CN(C(=O)Cc1cccs1)[C@@H](Cc1c[nH]c2ccccc12)C(=O)N[C@@](C)(Cc1ccccc1)C(=O)N[C@@H](CCCNC(=N)N)C(=O)N1CCC[C@H]1C(=O)N[C@@H](CCCNC(=N)N)C(N)=O|CN(C(=O)Cc1cccs1)[C@@H](Cc1c[nH]c2ccccc12)C(=O)N[C@@](C)(Cc1ccccc1)C(=O)N[C@@H](CCCNC(=N)N)C(=O)N1[C@H](C(=O)N[C@@H](CCCNC(=N)N)C(N)=O)CC[CH2:1]1|CN(C(=O)Cc1cccs1)[C@@H](Cc1c[nH]c2ccccc12)C(=O)N[C@@:1](C)(Cc1ccccc1)C(=O)N[C@@H](CCCNC(=N)N)C(=O)N1CCC[C@H]1C(=O)N[C@@H](CCCNC(=N)N)C(N)=O|CN(C(=O)Cc1cccs1)[C@@H](Cc1c[nH]c2ccccc12)C(=O)N[C@@](C)(Cc1ccccc1)C(=O)N[C@@H](CCCNC(=N)N)C(=O)N1CCC[C@H]1C(=O)N[C@@H](CCCNC(=N)N)C(N)=O|CN([C@@H](Cc1c[nH]c2ccccc12)C(=O)N[C@@](C)(Cc1ccccc1)C(=O)N[C@@H](CCCNC(=N)N)C(=O)N1CCC[C@H]1C(=O)N[C@@H](CCCNC(=N)N)C(N)=O)[C:1](=O)Cc1cccs1|CN(C(=O)Cc1cccs1)[C@@H](Cc1c[nH]c2ccccc12)C(=O)N[C@@](C)(Cc1ccccc1)C(=O)N[C@@H](CCCNC(=N)N)[C:1](=O)N1CCC[C@H]1C(N[C@@H](CCCNC(=N)N)C(N)=O)=[O:1]|CN(C(=O)Cc1cccs1)[C@@H](Cc1c[nH]c2ccccc12)C(=O)N[C@@](C)(Cc1ccccc1)[C:1](=O)N[C@@H](CCCNC(N)=[NH:1])C(=O)N1CCC[C@H]1C(=O)N[C@@H](CCCNC(=N)N)C(N)=O|CN(C(=O)Cc1cccs1)[C@@H](Cc1c[nH]c2ccccc12)C(=O)N[C@@](C)(Cc1ccccc1)C(=O)N[C@@H](CC[CH2:1]NC(=N)N)C(=O)N1CCC[C@H]1C(=O)N[C@@H](CCCNC(=N)N)C(N)=O|CN(C(=O)Cc1cccs1)[C@@H](Cc1c[nH]c2ccccc12)C(=O)N[C@@:1](C)(Cc1ccccc1)C(=O)N[C@@H](CCCNC(=N)N)C(=O)N1CCC[C@H]1C(=O)N[C@@H](CCCNC(=N)N)C(N)=O|CN(C(=O)Cc1ccc[s:1]1)[C@@H](Cc1c[nH]c2ccccc12)C(=O)N[C@@](C)(Cc1ccccc1)C(=O)N[C@@H](CCCNC(=N)N)C(=O)N1CCC[C@H]1C(=O)N[C@@H](CCCNC(=N)N)C(N)=O|CN(C(=O)Cc1cccs1)[C@@H:1](Cc1c[nH]c2ccccc12)C(=O)N[C@@](C)(Cc1ccccc1)C(=O)N[C@@H](CCCNC(=N)N)C(=O)N1CCC[C@H]1C(=O)N[C@@H](CCCNC(=N)N)C(N)=O
19,CCN(CC)C(=O)C1C=C2c3cccc4c3c(cn4C(=O)C3CC3)CC2N(C)C1,CCNC(=O)C1C=C2C3=CC=CC4=C3C(=CN4C(=O)C3CC3)CC2N(C)C1|CCN(CC)C(=O)C1C=C2C3=CC=CC4=C3C(=CN4C(=O)C3CC3)CC2NC1|CCN(CC)C(=O)C1C=C2C3=CC=CC4=C3C(=CN4)CC2N(C)C1|CCN(CCO)C(=O)C1C=C2C3=CC=CC4=C3C(=CN4C(=O)C3CC3)CC2N(C)C1|CCN(CC)C(=O)C1C=C2C3=C(O)C=CC4=C3C(=CN4C(=O)C3CC3)CC2N(C)C1|CCN(CC)C(=O)C1C=C2C3=CC=CC4=C3C(=CN4C(=O)C3CC3)C(O)C2N(C)C1|CCN(CC)C(=O)C1C=C2C3=CC=CC4=C3C(=CN4C(=O)C3CC3)CC2[N+](C)([O-])C1|CCN(CC)C(=O)C1C=C2C3=CC=CC4=C3C(=CN4C(=O)C3CC3)CC2N(C)C1O|CCN(CC)C(=O)C1C=C2C3=CC=CC4=C3C(=CN4C(O)C3CC3)CC2N(C)C1|CCN(CC)CC1C=C2C3=CC=CC4=C3C(=CN4C(=O)C3CC3)CC2N(C)C1|CCN(CC)C(=O)C1C=C2C3=CC(O)=CC4=C3C(=CN4C(=O)C3CC3)CC2N(C)C1|CCN(C(=O)C1C=C2C3=CC=CC4=C3C(=CN4C(=O)C3CC3)CC2N(C)C1)C(C)O|CCN(C)C(=O)C1C=C2C3=CC=CC4=C3C(=CN4C(=O)C3CC3)CC2N(C)C1|CN1CC(C(=O)O)C=C2C3=CC=CC4=C3C(=CN4C(=O)C3CC3)CC12|CCN(CC)C(=O)C1C=C2C3=CC=CC4=C3C(=CN4C(=O)C3CC3O)CC2N(C)C1|CC[N+]([O-])(CC)C(=O)C1C=C2C3=CC=CC4=C3C(=CN4C(=O)C3CC3)CC2N(C)C1|CCN(CC)C(=O)C1CN(C)C2CC3=CN(C(=O)C4CC4)C4=CC=CC(=C34)C2=C1O|CCN(CC)C(=O)C1C=C2C3=CC=C(O)C4=C3C(=CN4C(=O)C3CC3)CC2N(C)C1|CCN(CC)C(=O)C1(O)C=C2C3=CC=CC4=C3C(=CN4C(=O)C3CC3)CC2N(C)C1|CCN(CC)C(=O)C1C=C2C3=CC=CC4=C3C(=CN4C(=O)C3CC3)CC2(O)N(C)C1,CCN(CC)C(=O)C1C=C2c3cccc4[nH]cc(c34)CC2N(C)C1,CCN(CC)C(=O)C1C=C2c3cccc4c3c(c[n:1]4C(=O)C3CC3)CC2N(C)C1,CC[N:1](CC)C(=O)C1C=C2c3cccc4c3c(cn4C(=O)C3CC3)CC2N(C)C1|CCN(CC)C(=O)C1C=C2c3cccc4c3c(cn4C(=O)C3CC3)CC2[N:1](C)C1|CCN(CC)C(=O)C1C=C2c3cccc4c3c(c[n:1]4C(=O)C3CC3)CC2N(C)C1|CCN(C[CH3:1])C(=O)C1C=C2c3cccc4c3c(cn4C(=O)C3CC3)CC2N(C)C1|CCN(CC)C(=O)C1C=C2c3c4c(cn(C(=O)C5CC5)c4cc[cH:1]3)CC2N(C)C1|CCN(CC)C(=O)C1C=C2c3cccc4c3c(cn4C(=O)C3CC3)[CH2:1]C2N(C)C1|CCN(CC)C(=O)C1C=C2c3cccc4c3c(cn4C(=O)C3CC3)CC2[N:1](C)C1|CCN(CC)C(=O)C1C=C2c3cccc4c3c(cn4C(=O)C3CC3)CC2N(C)[CH2:1]1|CCN(CC)C(=O)C1C=C2c3cccc4c3c(cn4[C:1](C3CC3)=[O:1])CC2N(C)C1|CCN(CC)[C:1](=O)C1C=C2c3cccc4c3c(cn4C(=O)C3CC3)CC2N(C)C1|CCN(CC)C(=O)C1C=C2c3c[cH:1]cc4c3c(cn4C(=O)C3CC3)CC2N(C)C1|CCN(C(=O)C1C=C2c3cccc4c3c(cn4C(=O)C3CC3)CC2N(C)C1)[CH2:1]C|CCN(C(=O)C1C=C2c3cccc4c3c(cn4C(=O)C3CC3)CC2N(C)C1)[CH2:1]C|CCN(CC)C(=O)C1C=C2c3cccc4c3c(cn4C(=O)C3CC3)CC2N(C)C1|CCN(CC)C(=O)C1C=C2c3cccc4c3c(cn4C(=O)C3C[CH2:1]3)CC2N(C)C1|CC[N:1](CC)C(=O)C1C=C2c3cccc4c3c(cn4C(=O)C3CC3)CC2N(C)C1|CCN(CC)C(=O)C1CN(C)C2Cc3cn(C(=O)C4CC4)c4cccc(c34)C2=[CH:1]1|CCN(CC)C(=O)C1C=C2c3cc[cH:1]c4c3c(cn4C(=O)C3CC3)CC2N(C)C1|CCN(CC)C(=O)[CH:1]1C=C2c3cccc4c3c(cn4C(=O)C3CC3)CC2N(C)C1|CCN(CC)C(=O)C1C=C2c3cccc4c3c(cn4C(=O)C3CC3)C[CH:1]2N(C)C1
20,COc1c([C@H]2C(C(=O)Nc3ccnc(C(N)=O)c3)O[C@@](C)(C(F)(F)F)[C@H]2C)ccc(F)c1F,COC1=C([C@H]2C(C(=O)O)O[C@@](C)(C(F)(F)F)[C@H]2C)C=CC(F)=C1F|COC1=C([C@H]2C(C(=O)NC3=CC=NC(C(=O)O)=C3)O[C@@](C)(C(F)(F)F)[C@H]2C)C=CC(F)=C1F|C[C@H]1[C@@H](C2=CC=C(F)C(F)=C2O)C(C(=O)NC2=CC=NC(C(N)=O)=C2)O[C@@]1(C)C(F)(F)F|COC1=C([C@H]2C(C(=O)NC3=CC=[N+]([O-])C(C(N)=O)=C3)O[C@@](C)(C(F)(F)F)[C@H]2C)C=CC(F)=C1F|COC1=C([C@@H]2[C@H](C)[C@](C)(C(F)(F)F)O[C@H]2C(=O)O)C=CC(F)=C1F|COC1=C([C@H]2C(C(=O)NC3=CC(O)=NC(C(N)=O)=C3)O[C@@](C)(C(F)(F)F)[C@H]2C)C=CC(F)=C1F|COC1=C(F)C(F)=CC(O)=C1[C@H]1C(C(=O)NC2=CC=NC(C(N)=O)=C2)O[C@@](C)(C(F)(F)F)[C@H]1C|COC1=C([C@H]2C(C(=O)NC3=CC=NC(C(N)=O)=C3)O[C@@](C)(C(F)(F)F)[C@@H]2CO)C=CC(F)=C1F|COC1=C([C@H]2C(C(=O)NC3=CC=NC(C(N)=O)=C3)O[C@@](C)(C(F)(F)F)[C@H]2CO)C=CC(F)=C1F|COC1=C([C@H]2C(C(=O)NC3=CC(C(N)=O)=NC=C3O)O[C@@](C)(C(F)(F)F)[C@H]2C)C=CC(F)=C1F|COC1=C([C@H]2C(C(N)=O)O[C@@](C)(C(F)(F)F)[C@H]2C)C=CC(F)=C1F|COC1=C([C@@H]2[C@H](C)[C@](C)(C(F)(F)F)O[C@H]2C(=O)NC2=CC=[N+]([O-])C(C(N)=O)=C2)C=CC(F)=C1F|COC1=C([C@H]2C(C(=O)NC3=CC=NC(C(N)=O)=C3)O[C@](CO)(C(F)(F)F)[C@H]2C)C=CC(F)=C1F|NC(=O)C1=CC(N)=CC=N1|COC1=C([C@@H](C(O)C(=O)NC2=CC=NC(C(N)=O)=C2)[C@H](C)[C@@](C)(O)C(F)(F)F)C=CC(F)=C1F|COC1=C([C@H]2C(C(=O)NC3=CC(=O)NC(C(N)=O)=C3)O[C@@](C)(C(F)(F)F)[C@H]2C)C=CC(F)=C1F|COC1=C([C@H]2C(C(=O)N(O)C3=CC=NC(C(N)=O)=C3)O[C@@](C)(C(F)(F)F)[C@H]2C)C=CC(F)=C1F|COC1=C(C2=C(C(=O)NC3=CC=NC(C(=O)O)=C3)O[C@@](C)(C(F)(F)F)[C@H]2C)C=CC(F)=C1F|COC1=C([C@H]2C(C(=O)NC3=CC=NC(C(N)=O)=C3)O[C@@](C)(C(F)(F)F)[C@H]2C)C=CC(F)=C1O|COC1=C([C@H]2C(C(=O)NC3=CC=NC(C(N)=O)=C3)O[C@@](C)(C(F)(F)F)[C@H]2C)C=CC(O)=C1F,C[C@H]1[C@@H](c2ccc(F)c(F)c2O)C(C(=O)Nc2ccnc(C(N)=O)c2)O[C@@]1(C)C(F)(F)F,C[C@H]1[C@@H](c2ccc(F)c(F)c2[O:1]C)C(C(=O)Nc2ccnc(C(N)=O)c2)O[C@@]1(C)C(F)(F)F,COc1c([C@H]2C([C:1](=O)Nc3ccnc(C(N)=[O:1])c3)O[C@@](C)(C(F)(F)F)[C@H]2C)ccc(F)c1F|COc1c([C@H]2C(C(=O)Nc3ccnc(C(N)=O)c3)O[C@@](C)(C(F)(F)F)[C@H]2C)ccc(F)c1F|C[C@H]1[C@@H](c2ccc(F)c(F)c2[O:1]C)C(C(=O)Nc2ccnc(C(N)=O)c2)O[C@@]1(C)C(F)(F)F|COc1c([C@H]2C(C(=O)Nc3cc[n:1]c(C(N)=O)c3)O[C@@](C)(C(F)(F)F)[C@H]2C)ccc(F)c1F|COc1c([C@H]2C([C:1](=O)Nc3ccnc(C(N)=[O:1])c3)O[C@@](C)(C(F)(F)F)[C@H]2C)ccc(F)c1F|COc1c([C@H]2C(C(=O)Nc3cc(C(N)=O)n[cH:1]c3)O[C@@](C)(C(F)(F)F)[C@H]2C)ccc(F)c1F|COc1c(F)c(F)c[cH:1]c1[C@H]1C(C(=O)Nc2ccnc(C(N)=O)c2)O[C@@](C)(C(F)(F)F)[C@H]1C|COc1c([C@H]2C(C(=O)Nc3ccnc(C(N)=O)c3)O[C@@](C)(C(F)(F)F)[C@H]2[CH3:1])ccc(F)c1F|COc1c([C@H]2C(C(=O)Nc3ccnc(C(N)=O)c3)O[C@@](C)(C(F)(F)F)[C@H]2[CH3:1])ccc(F)c1F|COc1c([C@H]2C(C(=O)Nc3cc(C(N)=O)nc[cH:1]3)O[C@@](C)(C(F)(F)F)[C@H]2C)ccc(F)c1F|COc1c([C@H]2C(C(=O)[NH:1]c3ccnc(C(N)=O)c3)O[C@@](C)(C(F)(F)F)[C@H]2C)ccc(F)c1F|COc1c([C@H]2C(C(=O)Nc3cc[n:1]c(C(N)=O)c3)O[C@@](C)(C(F)(F)F)[C@H]2C)ccc(F)c1F|COc1c([C@H]2C(C(=O)Nc3ccnc(C(N)=O)c3)O[C@](C(F)(F)F)([CH3:1])[C@H]2C)ccc(F)c1F|COc1c([C@H]2C(C(=O)[NH:1]c3ccnc(C(N)=O)c3)O[C@@](C)(C(F)(F)F)[C@H]2C)ccc(F)c1F|COc1c([C@@H]2[C@H](C)[C@](C)(C(F)(F)F)[O:1][CH:1]2C(=O)Nc2ccnc(C(N)=O)c2)ccc(F)c1F|COc1c([C@H]2C(C(=O)Nc3cc(C(N)=O)n[cH:1]c3)O[C@@](C)(C(F)(F)F)[C@H]2C)ccc(F)c1F|COc1c([C@H]2C(C(=O)[NH:1]c3ccnc(C(N)=O)c3)O[C@@](C)(C(F)(F)F)[C@H]2C)ccc(F)c1F|COc1c([C@@H:1]2[C@H](C)[C@](C)(C(F)(F)F)O[CH:1]2C(=O)Nc2ccnc(C(N)=O)c2)ccc(F)c1F|COc1c([C@H]2C(C(=O)Nc3ccnc(C(N)=O)c3)O[C@@](C)(C(F)(F)F)[C@H]2C)ccc(F)c1F|COc1c([C@H]2C(C(=O)Nc3ccnc(C(N)=O)c3)O[C@@](C)(C(F)(F)F)[C@H]2C)ccc(F)c1F
21,CCN(CC)CCc1c[nH]c2cccc(OC(C)=O)c12,CCN(CC)CCC1=CNC2=CC=CC(O)=C12|CCN(CC)CCC1=CNC2=CC=C(O)C(OC(C)=O)=C12|CCNCCC1=CNC2=CC=CC(OC(C)=O)=C12|CC[N+]([O-])(CC)CCC1=CNC2=CC=CC(OC(C)=O)=C12|CCN(CC)CCC1=CNC2=C(O)C=CC(OC(C)=O)=C12|CCN(CC)CCC1=CNC2=CC(O)=CC(OC(C)=O)=C12|CCNCCC1=CNC2=CC=CC(O)=C12|CC(=O)OC1=CC=CC2=C1C(CC=O)=CN2|CCN(CC)CC(O)C1=CNC2=CC=CC(OC(C)=O)=C12|CCN(CCO)CCC1=CNC2=CC=CC(OC(C)=O)=C12|CCN(CC)CCC1=CNC2=CC=CC(OC(=O)CO)=C12|CCN(CC)CCC1=C(O)NC2=CC=CC(OC(C)=O)=C12|CCN(CC)CCC12OC1NC1=CC=CC(OC(C)=O)=C21|CCN(CC)C(O)CC1=CNC2=CC=CC(OC(C)=O)=C12|CCNCCC1=CNC2=CC=C(O)C(OC(C)=O)=C12|CCC(=O)OC1=CC=CC2=C1C(CCN(CC)CC)=CN2|CC(=O)O|CCN(C)CCC1=CNC2=CC=CC(OC(C)=O)=C12|CCN(CC)CCC1=CNC2=CC=C(O)C(O)=C12|CCN(CC)CCC1=CNC2=CC=CC(OC=O)=C12,CCN(CC)CCc1c[nH]c2cccc(O)c12,CCN(CC)CCc1c[nH]c2cccc([O:1]C(C)=O)c12,CCN(CC)CCc1c[nH]c2cccc([O:1]C(C)=O)c12|CCN(CC)CCc1c[nH]c2cc[cH:1]c(OC(C)=O)c12|CC[N:1](CC)CCc1c[nH]c2cccc(OC(C)=O)c12|CC[N:1](CC)CCc1c[nH]c2cccc(OC(C)=O)c12|CCN(CC)CCc1c[nH]c2c1c(OC(C)=O)cc[cH:1]2|CCN(CC)CCc1c[nH]c2c[cH:1]cc(OC(C)=O)c12|CC[N:1](CC)CCc1c[nH]c2cccc([O:1]C(C)=O)c12|CCN(CC)[CH2:1]Cc1c[nH]c2cccc(OC(C)=O)c12|CCN(CC)C[CH2:1]c1c[nH]c2cccc(OC(C)=O)c12|CCN(CCc1c[nH]c2cccc(OC(C)=O)c12)C[CH3:1]|CCN(CC)CCc1c[nH]c2cccc(OC(=O)[CH3:1])c12|CCN(CC)CCc1c2c(OC(C)=O)cccc2[nH][cH:1]1|CCN(CC)CC[c:1]1[cH:1][nH:1][c:1]2cccc(OC(C)=O)[c:1]12|CCN(CC)[CH2:1]Cc1c[nH]c2cccc(OC(C)=O)c12|CC[N:1](CC)CCc1c[nH]c2cc[cH:1]c(OC(C)=O)c12|CCN(CC)CCc1c[nH]c2cccc(OC(=O)[CH3:1])c12|CCN(CC)CCc1c[nH]c2cccc([O:1]C(C)=O)c12|CCN(CCc1c[nH]c2cccc(OC(C)=O)c12)[CH2:1]C|CCN(CC)CCc1c[nH]c2cc[cH:1]c([O:1]C(C)=[O:1])c12|CCN(CC)CCc1c[nH]c2cccc(O[C:1](C)=O)c12
22,N#CC1CN(S(=O)(=O)c2cccc(C(=O)N3CCC[C@@H]3C(=O)NCc3ccc(C(F)(F)F)cc3)c2)C1,N#CC1CN(S(=O)(=O)C2=CC=CC(C(=O)N3CCC[C@@H]3C(N)=O)=C2)C1|O=C(O)C1CN(S(=O)(=O)C2=CC=CC(C(=O)N3CCC[C@@H]3C(=O)NCC3=CC=C(C(F)(F)F)C=C3)=C2)C1|N#CC(CO)CNS(=O)(=O)C1=CC=CC(C(=O)N2CCC[C@@H]2C(=O)NCC2=CC=C(C(F)(F)F)C=C2)=C1|N#CC(C=O)CNS(=O)(=O)C1=CC=CC(C(=O)N2CCC[C@@H]2C(=O)NCC2=CC=C(C(F)(F)F)C=C2)=C1|N#CC1CN(S(=O)(=O)C2=CC=CC(C(=O)N3CCC[C@@H]3C(=O)O)=C2)C1|NC(=O)C1CN(S(=O)(=O)C2=CC=CC(C(=O)N3CCC[C@@H]3C(=O)NCC3=CC=C(C(F)(F)F)C=C3)=C2)C1|N#CC1CN(S(=O)(=O)C2=CC=CC(C(=O)N3CCC(O)[C@@H]3C(=O)NCC3=CC=C(C(F)(F)F)C=C3)=C2)C1|N#CC1CN(S(=O)(=O)C2=CC=CC(C(=O)N3CCC[C@@H]3C(=O)NCC3=CC=C(C(F)(F)F)C=C3)=C2)C1O|N#CC1CN(S(=O)(=O)C2=CC=CC(C(=O)N3C(O)CC[C@@H]3C(=O)NCC3=CC=C(C(F)(F)F)C=C3)=C2)C1|O=C(NCC1=CC=C(C(F)(F)F)C=C1)[C@H]1CCCN1|N#CC1CN(S(=O)(=O)C2=CC=CC(C(=O)N[C@H](CCC=O)C(=O)NCC3=CC=C(C(F)(F)F)C=C3)=C2)C1|N#CC1CN(S(=O)(=O)C2=CC=CC(C(=O)N(CCC=O)CC(=O)NCC3=CC=C(C(F)(F)F)C=C3)=C2)C1|N#CC1CN(S(=O)(=O)C2=CC=CC(C(=O)N3CCC[C@@H]3C(=O)NC(O)C3=CC=C(C(F)(F)F)C=C3)=C2)C1|N#CC1CN(S(=O)C2=CC=CC(C(=O)N3CCC[C@@H]3C(=O)NCC3=CC=C(C(F)(F)F)C=C3)=C2)C1|N#CC1=CN(S(=O)(=O)C2=CC=CC(C(=O)N3CCC[C@@H]3C(=O)NCC3=CC=C(C(F)(F)F)C=C3)=C2)C1|O=C1CN(S(=O)(=O)C2=CC=CC(C(=O)N3CCC[C@@H]3C(=O)NCC3=CC=C(C(F)(F)F)C=C3)=C2)C1|N#CC1CN(S(=O)(=O)C2=CC=CC(C(=O)NCCCC(=O)C(=O)NCC3=CC=C(C(F)(F)F)C=C3)=C2)C1|N#CCCN(C=O)S(=O)(=O)C1=CC=CC(C(=O)N2CCC[C@@H]2C(=O)NCC2=CC=C(C(F)(F)F)C=C2)=C1|N#CC1CN(S(=O)(=O)C2=CC=CC(C(=O)N3CCC[C@H]3C(N)=O)=C2)C1|N#CC1CN(S(=O)(=O)C2=CC=CC(C(=O)N3CCC[C@@H]3C(=O)N(O)CC3=CC=C(C(F)(F)F)C=C3)=C2)C1,NS(=O)(=O)c1cccc(C(=O)N2CCC[C@@H]2C(=O)NCc2ccc(C(F)(F)F)cc2)c1,N#CC1C[N:1](S(=O)(=O)c2cccc(C(=O)N3CCC[C@@H]3C(=O)NCc3ccc(C(F)(F)F)cc3)c2)C1,N#CC1CN(S(=O)(=O)c2cccc(C(=O)N3CCC[C@@H]3C(=O)[NH:1]Cc3ccc(C(F)(F)F)cc3)c2)C1|N#[C:1]C1CN(S(=O)(=O)c2cccc(C(=O)N3CCC[C@@H]3C(=O)NCc3ccc(C(F)(F)F)cc3)c2)C1|N#CC1C[N:1](S(=O)(=O)c2cccc(C(=O)N3CCC[C@@H]3C(=O)NCc3ccc(C(F)(F)F)cc3)c2)[CH2:1]1|N#CC1C[N:1](S(=O)(=O)c2cccc(C(=O)N3CCC[C@@H]3C(=O)NCc3ccc(C(F)(F)F)cc3)c2)[CH2:1]1|N#CC1CN(S(=O)(=O)c2cccc(C(=O)N3CCC[C@@H]3C(=O)NCc3ccc(C(F)(F)F)cc3)c2)C1|O=C(NCc1ccc(C(F)(F)F)cc1)[C@H]1CCCN1C(=O)c1cccc(S(=O)(=O)N2CC([C:1]#[N:1])C2)c1|N#CC1CN(S(=O)(=O)c2cccc(C(=O)N3CC[CH2:1][C@@H]3C(=O)NCc3ccc(C(F)(F)F)cc3)c2)C1|N#CC1CN(S(=O)(=O)c2cccc(C(=O)N3CCC[C@@H]3C(=O)NCc3ccc(C(F)(F)F)cc3)c2)[CH2:1]1|N#CC1CN(S(=O)(=O)c2cccc(C(=O)N3[C@@H](C(=O)NCc4ccc(C(F)(F)F)cc4)CC[CH2:1]3)c2)C1|N#CC1CN(S(=O)(=O)c2cccc(C(=O)[N:1]3CCC[C@@H]3C(=O)NCc3ccc(C(F)(F)F)cc3)c2)C1|N#CC1CN(S(=O)(=O)c2cccc(C(=O)[N:1]3[C@@H](C(=O)NCc4ccc(C(F)(F)F)cc4)CC[CH2:1]3)c2)C1|N#CC1CN(S(=O)(=O)c2cccc(C(=O)N3CC[CH2:1][C@@H:1]3C(=O)NCc3ccc(C(F)(F)F)cc3)c2)C1|N#CC1CN(S(=O)(=O)c2cccc(C(=O)N3CCC[C@@H]3C(=O)N[CH2:1]c3ccc(C(F)(F)F)cc3)c2)C1|N#CC1CN([S:1](=O)(=O)c2cccc(C(=O)N3CCC[C@@H]3C(=O)NCc3ccc(C(F)(F)F)cc3)c2)C1|N#C[CH:1]1CN(S(=O)(=O)c2cccc(C(=O)N3CCC[C@@H]3C(=O)NCc3ccc(C(F)(F)F)cc3)c2)[CH2:1]1|N#C[CH:1]1CN(S(=O)(=O)c2cccc(C(=O)N3CCC[C@@H]3C(=O)NCc3ccc(C(F)(F)F)cc3)c2)C1|N#CC1CN(S(=O)(=O)c2cccc(C(=O)[N:1]3CCC[C@@H:1]3C(=O)NCc3ccc(C(F)(F)F)cc3)c2)C1|N#C[CH:1]1CN(S(=O)(=O)c2cccc(C(=O)N3CCC[C@@H]3C(=O)NCc3ccc(C(F)(F)F)cc3)c2)[CH2:1]1|N#CC1CN(S(=O)(=O)c2cccc(C(=O)N3CCC[C@@H]3C(=O)[NH:1]Cc3ccc(C(F)(F)F)cc3)c2)C1|N#CC1CN(S(=O)(=O)c2cccc(C(=O)N3CCC[C@@H]3C(=O)[NH:1]Cc3ccc(C(F)(F)F)cc3)c2)C1
23,CCC(CC)COC(=O)[C@H](C)N[P@](=O)(OC[C@H]1O[C@@](C#N)(c2ccc3c(N)ncnn23)[C@H](O)[C@@H]1O)Oc1ccccc1,C[C@H](N[P@](=O)(OC[C@H]1O[C@@](C#N)(C2=CC=C3C(N)=NC=NN23)[C@H](O)[C@@H]1O)OC1=CC=CC=C1)C(=O)O|N#C[C@@]1(C2=CC=C3C(N)=NC=NN23)O[C@H](CO[P@](=O)(O)OC2=CC=CC=C2)[C@@H](O)[C@H]1O|CCC(CCO)COC(=O)[C@H](C)N[P@](=O)(OC[C@H]1O[C@@](C#N)(C2=CC=C3C(N)=NC=NN23)[C@H](O)[C@@H]1O)OC1=CC=CC=C1|CCC(CC)COC(=O)[C@H](C)N[P@](=O)(O)OC1=CC=CC=C1|CCC(CC)COC(=O)[C@H](C)N[P@](=O)(OC[C@H]1O[C@@](C#N)(C2=CC=C3C(N)=NC=NN23)[C@H](O)[C@@H]1O)OC1=CC=C(O)C=C1|CCC(CC)COC(=O)CN[P@](=O)(OC[C@H]1O[C@@](C#N)(C2=CC=C3C(N)=NC=NN23)[C@H](O)[C@@H]1O)OC1=CC=CC=C1|CCC(CC)COC(O)[C@H](C)N[P@](=O)(OC[C@H]1O[C@@](C#N)(C2=CC=C3C(N)=NC=NN23)[C@H](O)[C@@H]1O)OC1=CC=CC=C1|N#C[C@@]1(C2=CC=C3C(N)=NC=NN23)O[C@H](COP(=O)(O)OC2=CC=CC=C2)[C@@H](O)[C@H]1O|CCC(COC(=O)[C@H](C)N[P@](=O)(OC[C@H]1O[C@@](C#N)(C2=CC=C3C(N)=NC=NN23)[C@H](O)[C@@H]1O)OC1=CC=CC=C1)C(C)O|CCC(CC)COC(=O)[C@H](C)N[P@](=O)(OC[C@H]1O[C@@](C#N)(C2=CC=C3C(N)=NC(O)=NN23)[C@H](O)[C@@H]1O)OC1=CC=CC=C1|CCC(CC)COC(=O)[C@H](CO)N[P@](=O)(OC[C@H]1O[C@@](C#N)(C2=CC=C3C(N)=NC=NN23)[C@H](O)[C@@H]1O)OC1=CC=CC=C1|C[C@H](NP(=O)(OC[C@H]1O[C@@](C#N)(C2=CC=C3C(N)=NC=NN23)[C@H](O)[C@@H]1O)OC1=CC=CC=C1)C(=O)O|CCC(CC)COC(=O)[C@H](C)N[P@](=O)(O)OC[C@H]1O[C@@](C#N)(C2=CC=C3C(N)=NC=NN23)[C@H](O)[C@@H]1O|CCC(CC)COC(=O)[C@H](C)NP(=O)(O)OC1=CC=CC=C1|CCC(CC)COC(=O)[C@H](C)N|CCC(CC)COC(=O)C(C)NP(=O)(O)OC1=CC=CC=C1|CCC(CC)COC(=O)[C@H](C)N[P@](=O)(OC[C@H]1O[C@@](C#N)(C2=CC=C3C(N)=NC=NN23)[C@H](O)[C@@H]1O)OC1=CC=CC=C1|CCC(CC)COC(=O)[C@H](C)N[P@](=O)(OC[C@H]1O[C@@](C#N)(C2=CC(O)=C3C(N)=NC=NN23)[C@H](O)[C@@H]1O)OC1=CC=CC=C1|CCC(COC(=O)[C@H](C)N[P@](=O)(OC[C@H]1O[C@@](C#N)(C2=CC=C3C(N)=NC=NN23)[C@H](O)[C@@H]1O)OC1=CC=CC=C1)[C@@H](C)O|CCC(CC)COC(O)[C@H](C)NP(=O)(OC[C@H]1O[C@@](C#N)(C2=CC=C3C(N)=NC=NN23)[C@H](O)[C@@H]1O)OC1=CC=CC=C1,C[C@H](N[P@](=O)(OC[C@H]1O[C@@](C#N)(c2ccc3c(N)ncnn23)[C@H](O)[C@@H]1O)Oc1ccccc1)C(=O)O,CCC(CC)C[O:1]C(=O)[C@H](C)N[P@](=O)(OC[C@H]1O[C@@](C#N)(c2ccc3c(N)ncnn23)[C@H](O)[C@@H]1O)Oc1ccccc1,CCC(CC)C[O:1]C(=O)[C@H](C)N[P@](=O)(OC[C@H]1O[C@@](C#N)(c2ccc3c(N)ncnn23)[C@H](O)[C@@H]1O)Oc1ccccc1|CCC(CC)COC([C@H](C)N[P@:1](=O)(OC[C@H]1O[C@@](C#N)(c2ccc3c(N)ncnn23)[C@H](O)[C@@H]1O)Oc1ccccc1)=[O:1]|CCC(COC(=O)[C@H](C)N[P@](=O)(OC[C@H]1O[C@@](C#N)(c2ccc3c(N)ncnn23)[C@H](O)[C@@H]1O)Oc1ccccc1)C[CH3:1]|CCC(CC)COC(=O)[C@H](C)N[P@@](=O)(Oc1ccccc1)[O:1]C[C@H]1O[C@@](C#N)(c2ccc3c(N)ncnn23)[C@H](O)[C@@H]1O|CCC(CC)COC(=O)[C@H](C)N[P@](=O)(OC[C@H]1O[C@@](C#N)(c2ccc3c(N)ncnn23)[C@H](O)[C@@H]1O)Oc1cc[cH:1]cc1|CCC(CC)COC(=O)[C@H:1](C)N[P@](=O)(OC[C@H]1O[C@@](C#N)(c2ccc3c(N)ncnn23)[C@H](O)[C@@H]1O)Oc1ccccc1|CCC(CC)CO[C:1]([C@H](C)N[P@](=O)(OC[C@H]1O[C@@](C#N)(c2ccc3c(N)ncnn23)[C@H](O)[C@@H]1O)Oc1ccccc1)=[O:1]|CCC(CC)C[O:1]C(=O)[C@H](C)N[P@:1](=O)(OC[C@H]1O[C@@](C#N)(c2ccc3c(N)ncnn23)[C@H](O)[C@@H]1O)Oc1ccccc1|CCC(COC(=O)[C@H](C)N[P@](=O)(OC[C@H]1O[C@@](C#N)(c2ccc3c(N)ncnn23)[C@H](O)[C@@H]1O)Oc1ccccc1)[CH2:1]C|CCC(CC)COC(=O)[C@H](C)N[P@](=O)(OC[C@H]1O[C@@](C#N)(c2ccc3c(N)n[cH:1]nn23)[C@H](O)[C@@H]1O)Oc1ccccc1|CCC(CC)COC(=O)[C@@H](N[P@](=O)(OC[C@H]1O[C@@](C#N)(c2ccc3c(N)ncnn23)[C@H](O)[C@@H]1O)Oc1ccccc1)[CH3:1]|CCC(CC)C[O:1]C(=O)[C@H](C)N[P@](=O)(OC[C@H]1O[C@@](C#N)(c2ccc3c(N)ncnn23)[C@H](O)[C@@H]1O)Oc1ccccc1|CCC(CC)COC(=O)[C@H](C)N[P@](=O)(OC[C@H]1O[C@@](C#N)(c2ccc3c(N)ncnn23)[C@H](O)[C@@H]1O)[O:1]c1ccccc1|CCC(CC)COC(=O)[C@H](C)N[P@@](=O)(Oc1ccccc1)[O:1]C[C@H]1O[C@@](C#N)(c2ccc3c(N)ncnn23)[C@H](O)[C@@H]1O|CCC(CC)COC(=O)[C@H](C)[NH:1][P@](=O)(OC[C@H]1O[C@@](C#N)(c2ccc3c(N)ncnn23)[C@H](O)[C@@H]1O)Oc1ccccc1|CCC(CC)COC(=O)[C@H](C)N[P@@](=O)(Oc1ccccc1)[O:1]C[C@H]1O[C@@](C#N)(c2ccc3c(N)ncnn23)[C@H](O)[C@@H]1O|CCC(CC)COC(=O)[C@H](C)N[P@](=O)(OC[C@H]1O[C@@](C#N)(c2ccc3c(N)ncnn23)[C@H](O)[C@@H]1O)Oc1ccccc1|CCC(CC)COC(=O)[C@H](C)N[P@](=O)(OC[C@H]1O[C@@](C#N)(c2c[cH:1]c3c(N)ncnn23)[C@H](O)[C@@H]1O)Oc1ccccc1|CCC(COC(=O)[C@H](C)N[P@](=O)(OC[C@H]1O[C@@](C#N)(c2ccc3c(N)ncnn23)[C@H](O)[C@@H]1O)Oc1ccccc1)[CH2:1]C|CCC(CC)CO[C:1]([C@H](C)N[P@](=O)(OC[C@H]1O[C@@](C#N)(c2ccc3c(N)ncnn23)[C@H](O)[C@@H]1O)Oc1ccccc1)=[O:1]
24,O=C1CC[C@@H](N2Cc3c(OCc4ccc(CN5CCOCC5)cc4)cccc3C2=O)C(=O)N1,O=C1CC[C@@H](N2CC3=C(O)C=CC=C3C2=O)C(=O)N1|NC(=O)[C@@H](CCC(=O)O)N1CC2=C(OCC3=CC=C(CN4CCOCC4)C=C3)C=CC=C2C1=O|O=CC1=CC=C(COC2=CC=CC3=C2CN([C@@H]2CCC(=O)NC2=O)C3=O)C=C1|O=CCN(CCO)CC1=CC=C(COC2=CC=CC3=C2CN([C@@H]2CCC(=O)NC2=O)C3=O)C=C1|O=CCOCCNCC1=CC=C(COC2=CC=CC3=C2CN([C@@H]2CCC(=O)NC2=O)C3=O)C=C1|O=C1CC[C@@H](NCC2=C(C(=O)O)C=CC=C2OCC2=CC=C(CN3CCOCC3)C=C2)C(=O)N1|NC(=O)CC[C@H](C(=O)O)N1CC2=C(OCC3=CC=C(CN4CCOCC4)C=C3)C=CC=C2C1=O|O=C(O)CN(CCO)CC1=CC=C(COC2=CC=CC3=C2CN([C@@H]2CCC(=O)NC2=O)C3=O)C=C1|O=C1NC(=O)[C@H](N2CC3=C(OCC4=CC=C(CN5CCOCC5)C=C4)C=CC=C3C2=O)CC1O|O=C1CC[C@@H](N2CC3=C(OCC4=CC=C(CN5CCOCC5O)C=C4)C=CC=C3C2=O)C(=O)N1|O=C1CC(O)[C@@H](N2CC3=C(OCC4=CC=C(CN5CCOCC5)C=C4)C=CC=C3C2=O)C(=O)N1|O=C1CC[C@@H](N2CC3=C(OCC4=CC=C(C[N+]5([O-])CCOCC5)C=C4)C=CC=C3C2=O)C(=O)N1|O=C1CC[C@@H](N2CC3=C(OCC4=CC=C(CN5CCOCC5)C=C4)C=CC(O)=C3C2=O)C(=O)N1|O=C1CC[C@@H](N2CC3=C(C=CC(O)=C3OCC3=CC=C(CN4CCOCC4)C=C3)C2=O)C(=O)N1|NC(=O)C(CCC(=O)O)N1CC2=C(OCC3=CC=C(CN4CCOCC4)C=C3)C=CC=C2C1=O|O=C1CC[C@@H](N2CC3=C(OCC4=CC=C(CN5CCOC(O)C5)C=C4)C=CC=C3C2=O)C(=O)N1|O=C1CC[C@@H](N2CC3=C(OCC4=CC=C(CNCCO)C=C4)C=CC=C3C2=O)C(=O)N1|O=C1NC(=O)[C@H](N2CC3=C(OCC4=CC=C(CN5CCOCC5)C=C4)C=CC=C3C2=O)C[C@@H]1O|O=C1CC[C@@H](N(CC2=CC=CC=C2OCC2=CC=C(CN3CCOCC3)C=C2)C(=O)O)C(=O)N1|O=C1NCC2=C(OCC3=CC=C(CN4CCOCC4)C=C3)C=CC=C12,O=C1CC[C@@H](N2Cc3c(OCc4ccc(CN5CCOCC5=O)cc4)cccc3C2=O)C(=O)N1,O=C1CC[C@@H](N2Cc3c(OCc4ccc(CN5CCOC[CH2:1]5)cc4)cccc3C2=O)C(=O)N1,O=C1CC[C@@H](N2Cc3c(cccc3[O:1]Cc3ccc(CN4CCOCC4)cc3)C2=O)C(=O)N1|O=C1c2cccc(OCc3ccc(CN4CCOCC4)cc3)c2CN1[C@@H]1CC[C:1](=O)[NH:1]C1=O|O=C1CC[C@@H](N2Cc3c(OCc4ccc([CH2:1]N5CC[O:1]CC5)cc4)cccc3C2=O)C(=O)N1|O=C1CC[C@@H](N2Cc3c(OCc4ccc(CN5CC[O:1][CH2:1]C5)cc4)cccc3C2=O)C(=O)N1|O=C1CC[C@@H](N2Cc3c(OCc4ccc(C[N:1]5CC[O:1][CH2:1][CH2:1]5)cc4)cccc3C2=O)C(=O)N1|O=C1CC[C@@H]([N:1]2Cc3c(OCc4ccc(CN5CCOCC5)cc4)cccc3[C:1]2=O)C(=O)N1|O=C1c2cccc(OCc3ccc(CN4CCOCC4)cc3)c2CN1[C@@H]1CCC(=O)[NH:1][C:1]1=O|O=C1CC[C@@H](N2Cc3c(OCc4ccc(CN5CC[O:1][CH2:1]C5)cc4)cccc3C2=O)C(=O)N1|O=C1NC(=O)[CH2:1]C[C@H]1N1Cc2c(OCc3ccc(CN4CCOCC4)cc3)cccc2C1=O|O=C1CC[C@@H](N2Cc3c(OCc4ccc(CN5CCOC[CH2:1]5)cc4)cccc3C2=O)C(=O)N1|O=C1C[CH2:1][C@@H](N2Cc3c(OCc4ccc(CN5CCOCC5)cc4)cccc3C2=O)C(=O)N1|O=C1CC[C@@H](N2Cc3c(OCc4ccc(C[N:1]5CCOCC5)cc4)cccc3C2=O)C(=O)N1|O=C1CC[C@@H](N2Cc3c(OCc4ccc(CN5CCOCC5)cc4)cc[cH:1]c3C2=O)C(=O)N1|O=C1CC[C@@H](N2Cc3c(cc[cH:1]c3OCc3ccc(CN4CCOCC4)cc3)C2=O)C(=O)N1|O=C1c2cccc(OCc3ccc(CN4CCOCC4)cc3)c2CN1[C@@H]1CC[C:1](=O)[NH:1]C1=O|O=C1CC[C@@H](N2Cc3c(OCc4ccc(CN5CCO[CH2:1]C5)cc4)cccc3C2=O)C(=O)N1|O=C1CC[C@@H](N2Cc3c(OCc4ccc(C[N:1]5CC[O:1]CC5)cc4)cccc3C2=O)C(=O)N1|O=C1NC(=O)[CH2:1]C[C@H]1N1Cc2c(OCc3ccc(CN4CCOCC4)cc3)cccc2C1=O|O=C1CC[C@@H](N2Cc3c(OCc4ccc(CN5CCOCC5)cc4)ccc[c:1]3[C:1]2=O)C(=O)N1|O=C1CC[C@@H]([N:1]2Cc3c(OCc4ccc(CN5CCOCC5)cc4)cccc3C2=O)C(=O)N1
25,CNC(C)Cc1ccc2c(c1)OCO2,CC(N)CC1=CC=C2C(=C1)OCO2|CC(=O)CC1=CC=C2C(=C1)OCO2|C[C@@H](N)CC1=CC=C2C(=C1)OCO2|CN[C@@H](C)CC1=CC=C(O)C(O)=C1|C[C@H](N)CC1=CC=C2C(=C1)OCO2|CN[C@@H](C)CC1=CC=C2C(=C1)OCO2|CN[C@H](C)CC1=CC=C2C(=C1)OCO2|CNC(C)C(O)C1=CC=C2C(=C1)OCO2|CN[C@H](C)CC1=CC=C(O)C(O)=C1|CNC(C)CC1=CC=C(O)C(OCO)=C1|CC(CC1=CC=C2C(=C1)OCO2)N(C)C|CCNC(C)CC1=CC=C2C(=C1)OCO2|CNC(C)CC1=CC=C2C(=C1O)OCO2|CC(CC1=CC=C2C(=C1)OCO2)N(C)O|CN[C@@H](C)CC1=CC=C(OCO)C(O)=C1|CNC(C)CC1=CC2=C(C=C1O)OCO2|CNC(C)CC1=CC=C(O)C(OC)=C1|CC(CC1=CC=C2C(=C1)OCO2)NCO|CN[C@@H](C)CC1=CC=C(OC)C(O)=C1|CNCCC1=CC=C2C(=C1)OCO2,CC(N)Cc1ccc2c(c1)OCO2,CC(Cc1ccc2c(c1)OCO2)[NH:1]C,CC(Cc1ccc2c(c1)OCO2)[NH:1]C|CN[CH:1](C)Cc1ccc2c(c1)OCO2|CC(Cc1ccc2c(c1)OCO2)[NH:1]C|CNC(C)Cc1ccc2c(c1)[O:1]C[O:1]2|CC(Cc1ccc2c(c1)OCO2)[NH:1]C|CNC(C)Cc1ccc2c(c1)OCO2|CNC(C)Cc1ccc2c(c1)OCO2|CNC(C)[CH2:1]c1ccc2c(c1)OCO2|CNC(C)Cc1ccc2c(c1)[O:1]C[O:1]2|CNC(C)Cc1ccc2c(c1)O[CH2:1][O:1]2|CC(Cc1ccc2c(c1)OCO2)[NH:1]C|CC(Cc1ccc2c(c1)OCO2)N[CH3:1]|CNC(C)Cc1ccc2c([cH:1]1)OCO2|CC(Cc1ccc2c(c1)OCO2)[NH:1]C|CNC(C)Cc1ccc2c(c1)[O:1][CH2:1]O2|CNC(C)Cc1cc2c(c[cH:1]1)OCO2|CNC(C)Cc1ccc2c(c1)O[CH2:1][O:1]2|CC(Cc1ccc2c(c1)OCO2)N[CH3:1]|CNC(C)Cc1ccc2c(c1)[O:1][CH2:1]O2|CN[CH:1](C)Cc1ccc2c(c1)OCO2
26,Cn1cnc2ncn(Cc3nc([C@@H]4CO[C@@H](c5ccc(Cl)cc5)C4)no3)c(=O)c21,O=C1C2=C(N=CN2)N=CN1CC1=NC([C@@H]2CO[C@@H](C3=CC=C(Cl)C=C3)C2)=NO1|O=CC1=NC([C@@H]2CO[C@@H](C3=CC=C(Cl)C=C3)C2)=NO1|CN1C=NC2=C1C(=O)N(CC(O)=NC(=N)[C@@H]1CO[C@@H](C3=CC=C(Cl)C=C3)C1)C=N2|CN1C=NC2=C1C(=O)N(CC(=O)NC(=N)[C@@H]1CO[C@@H](C3=CC=C(Cl)C=C3)C1)C=N2|CN1C=NC2=C1C(=O)N(CC1=NC(CCO[C@@H](C=O)C3=CC=C(Cl)C=C3)=NO1)C=N2|CN1C=NC2=C1C(=O)N(CC1=NC([C@H](CO)C[C@@H](O)C3=CC=C(Cl)C=C3)=NO1)C=N2|O=C1C2=C(N=CN2)N=CN1CC1=NC([C@@H]2COC(C3=CC=C(Cl)C=C3)C2)=NO1|CN1C(=O)NC2=C1C(=O)N(CC1=NC([C@@H]3CO[C@@H](C4=CC=C(Cl)C=C4)C3)=NO1)C=N2|O=C1C2=C(N=CN2)N=CN1CC1=NC([C@@H]2CO[C@H](C3=CC=C(Cl)C=C3)C2)=NO1|CN1C=NC2=C1C(=O)N(CC1=NC([C@H](CO)C[C@H](O)C3=CC=C(Cl)C=C3)=NO1)C=N2|CN1C=NC2=C1C(=O)N(CC(O)=NC(=N)[C@@H]1CO[C@H](C3=CC=C(Cl)C=C3)C1)C=N2|O=C1C2=C(N=CN2)N=CN1CC1=NC(C2COC(C3=CC=C(Cl)C=C3)C2)=NO1|CN1C=NC2=C1C(=O)N(CC1=NC([C@@H]3CO[C@@H](C4=CC=C(Cl)C=C4)C3)=NO1)C(=O)N2|CN1C=NC2=C1C(=O)N(CC1=NC([C@@H](C=O)COCC3=CC=C(Cl)C=C3)=NO1)C=N2|CN1C=NC2=C1C(=O)N(CC1=NC(CCO[C@H](C=O)C3=CC=C(Cl)C=C3)=NO1)C=N2|CN1C=NC2=C1C(=O)N(CC1=NC([C@H](CO)CC(O)C3=CC=C(Cl)C=C3)=NO1)C=N2|CN1C(O)=NC2=C1C(=O)N(CC1=NC([C@@H]3CO[C@@H](C4=CC=C(Cl)C=C4)C3)=NO1)C=N2|CN1C=NC2=C1C(=O)N(CC1=NC([C@H](C=O)CC(O)C3=CC=C(Cl)C=C3)=NO1)C=N2|CN1C=NC2=C1C(=O)N(CC1=NC([C@@H]3CO[C@@H](C4=CC=C(Cl)C=C4O)C3)=NO1)C=N2|CN1C=NC2=C1C(=O)N(CC1=NC([C@H](C=O)C[C@@H](O)C3=CC=C(Cl)C=C3)=NO1)C=N2,Cn1cnc2[nH]c(=O)n(Cc3nc([C@@H]4CO[C@@H](c5ccc(Cl)cc5)C4)no3)c(=O)c21,Cn1cnc2n[cH:1]n(Cc3nc([C@@H]4CO[C@@H](c5ccc(Cl)cc5)C4)no3)c(=O)c21,C[n:1]1cnc2ncn(Cc3nc([C@@H]4CO[C@@H](c5ccc(Cl)cc5)C4)no3)c(=O)c21|Cn1cnc2ncn([CH2:1]c3nc([C@@H]4CO[C@@H](c5ccc(Cl)cc5)C4)no3)c(=[O:1])c21|Cn1cnc2ncn(C[c:1]3[n:1][c:1]([C@@H]4CO[C@@H](c5ccc(Cl)cc5)C4)[n:1][o:1]3)c(=O)c21|Cn1cnc2ncn(C[c:1]3[n:1][c:1]([C@@H]4CO[C@@H](c5ccc(Cl)cc5)C4)[n:1][o:1]3)c(=O)c21|Cn1cnc2ncn(Cc3nc([C@@H:1]4CO[C@@H](c5ccc(Cl)cc5)[CH2:1]4)no3)c(=O)c21|Cn1cnc2ncn(Cc3nc([C@@H]4C[O:1][C@@H:1](c5ccc(Cl)cc5)C4)no3)c(=O)c21|C[n:1]1cnc2ncn(Cc3nc([C@@H]4CO[C@@H](c5ccc(Cl)cc5)C4)no3)c(=O)c21|Cn1c2c(=O)n(Cc3nc([C@@H]4CO[C@@H](c5ccc(Cl)cc5)C4)no3)cnc2n[cH:1]1|C[n:1]1cnc2ncn(Cc3nc([C@@H]4CO[C@@H](c5ccc(Cl)cc5)C4)no3)c(=O)c21|Cn1cnc2ncn(Cc3nc([C@H]4C[C@H](c5ccc(Cl)cc5)[O:1][CH2:1]4)no3)c(=O)c21|Cn1cnc2ncn(C[c:1]3[n:1][c:1]([C@@H]4CO[C@@H](c5ccc(Cl)cc5)C4)[n:1][o:1]3)c(=O)c21|C[n:1]1cnc2ncn(Cc3nc([C@@H]4CO[C@@H](c5ccc(Cl)cc5)C4)no3)c(=O)c21|Cn1cnc2n[cH:1]n(Cc3nc([C@@H]4CO[C@@H](c5ccc(Cl)cc5)C4)no3)c(=O)c21|Cn1cnc2ncn(Cc3nc([C@@H]4CO[C@@H:1](c5ccc(Cl)cc5)[CH2:1]4)no3)c(=O)c21|Cn1cnc2ncn(Cc3nc([C@@H:1]4CO[C@@H](c5ccc(Cl)cc5)[CH2:1]4)no3)c(=O)c21|Cn1cnc2ncn(Cc3nc([C@H]4C[C@H](c5ccc(Cl)cc5)[O:1][CH2:1]4)no3)c(=O)c21|Cn1c2c(=O)n(Cc3nc([C@@H]4CO[C@@H](c5ccc(Cl)cc5)C4)no3)cnc2n[cH:1]1|Cn1cnc2ncn(Cc3nc([C@H]4C[C@H](c5ccc(Cl)cc5)[O:1][CH2:1]4)no3)c(=O)c21|Cn1cnc2ncn(Cc3nc([C@@H]4CO[C@@H](c5ccc(Cl)c[cH:1]5)C4)no3)c(=O)c21|Cn1cnc2ncn(Cc3nc([C@H]4C[C@H](c5ccc(Cl)cc5)[O:1][CH2:1]4)no3)c(=O)c21
27,CC1OC(OC2C(OC(=O)[C@]34CCC(C)(C)CC3C3=CCC5[C@@]6(C)C[C@H](O)[C@H](OC7OC(CO)C(O)C(O)C7O)C(CO)(CO)C6CC[C@@]5(C)[C@]3(C)C[C@H]4O)OCC(O)C2O)C(O)C(O)C1OC1OCC(O)C(OC2OCC(O)C2(O)CO)C1O,CC1OC(OC2C(OC(=O)[C@]34CCC(C)(C)CC3C3=CCC5[C@]6(CO)C[C@H](O)[C@H](OC7OC(CO)C(O)C(O)C7O)C(CO)(CO)C6CC[C@@]5(C)[C@]3(C)C[C@H]4O)OCC(O)C2O)C(O)C(O)C1OC1OCC(O)C(OC2OCC(O)C2(O)CO)C1O|CC1OC(OC2C(OC(=O)[C@]34CCC(C)(C)CC3C3=CCC5[C@@]6(C)C[C@H](O)[C@H](OC7OC(CO)C(O)C(O)C7O)C(CO)(CO)C6CC[C@@]5(C)[C@]3(C)C[C@H]4O)OCC(O)C2O)C(O)C(O)C1O|CC1OC(OC2C(OC(=O)[C@]34CCC(C)(C)CC3C3=CCC5[C@@]6(C)C[C@H](O)[C@H](O)C(CO)(CO)C6CC[C@@]5(C)[C@]3(C)C[C@H]4O)OCC(O)C2O)C(O)C(O)C1OC1OCC(O)C(OC2OCC(O)C2(O)CO)C1O|CC1OC(OC2C(OC(=O)[C@]34CCC(C)(C)CC3C3=CCC5[C@@]6(CCC7C(CO)(CO)[C@@H](O[C@H]8OC(CO)C(O)C(O)C8O)[C@@H](O)C[C@]57C6)[C@]3(C)C[C@H]4O)OCC(O)C2O)C(O)C(O)C1OC1OCC(O)C(OC2OCC(O)C2(O)CO)C1O|CC1(C)CC[C@@]2(C(=O)O)C(C1)C1=CCC3[C@@]4(C)C[C@H](O)[C@H](OC5OC(CO)C(O)C(O)C5O)C(CO)(CO)C4CC[C@@]3(C)[C@]1(C)C[C@H]2O|CC1OC(OC2C(OC(=O)[C@]34CCC(C)(C)CC3C3=CCC5[C@@]6(C)C[C@@H](O)[C@H](O[C@H]7O[C@H](CO)[C@@H](O)[C@H](O)[C@@H]7O)C(CO)(CO)C6CC[C@@]5(C)[C@]3(C)C[C@H]4O)OCC(O)C2O)C(O)C(O)C1O|CC1OC(OC2C(OC(=O)[C@]34CCC(C)(C)CC3C3=CCC5[C@@]67COCC8O[C@H](O[C@@H]([C@@H](O)C6)C(CO)(CO)C7CC[C@@]5(C)[C@]3(C)C[C@H]4O)C(O)C(O)C8O)OCC(O)C2O)C(O)C(O)C1OC1OCC(O)C(OC2OCC(O)C2(O)CO)C1O|CC1OC(OC2C(OC(=O)[C@]34CCC(C)(C)CC3C3=CCC5[C@@]6(C)C[C@H](O)[C@H](O[C@H]7O[C@H](CO)[C@@H](O)[C@H](O)[C@@H]7O)C(CO)(CO)C6CC[C@@]5(C)[C@]3(C)C[C@H]4O)OCC(O)C2O)C(O)C(O)C1O|CCC1O[C@@H](O[C@H]2[C@@H](O)C[C@@]3(CO)C(CC[C@]4(C)C3CC=C3C5CC(C)(C)CC[C@]5(C(=O)OC5OCC(O)C(O)C5OC5OC(C)C(OC6OCC(O)C(OC7OCC(O)C7(O)CO)C6O)C(O)C5O)[C@H](O)C[C@@]43C)C2(CO)CO)C(O)C(O)C1O|CC1OC(OC2C(OC(=O)[C@]34CCC(C)(C)CC3C3=CCC5[C@@]6(C)C[C@H](O)[C@H](OC7OC(CO)C(O)C(O)C7O)C(CO)(CO)C6CC[C@]5(CO)[C@@]3(C)C[C@H]4O)OCC(O)C2O)C(O)C(O)C1OC1OCC(O)C(OC2OCC(O)C2(O)CO)C1O|CC1O[C@@H](O[C@H]2[C@@H](O)C[C@@]3(CO)C(CC[C@]4(C)C3CC=C3C5CC(C)(C)CC[C@]5(C(=O)OC5OCC(O)C(O)C5OC5OC(C)C(OC6OCC(O)C(OC7OCC(O)C7(O)CO)C6O)C(O)C5O)[C@H](O)C[C@@]43C)C2(CO)CO)C(O)C(O)C1O|CC1OC(OC2C(OC(=O)[C@]34CCC(C)(C)CC3C3=CCC5[C@@]6(CO)C[C@H](O)[C@H](OC7OC(CO)C(O)C(O)C7O)C(CO)(CO)C6CC[C@@]5(C)[C@]3(C)C[C@H]4O)OCC(O)C2O)C(O)C(O)C1OC1OCC(O)C(OC2OCC(O)C2(O)CO)C1O|CC1OC(OC2C(OC(=O)[C@]34CCC(C)(C)CC3C3=CCC5[C@@]6(C)C[C@H](O)[C@H](OC7OC(CO)C(O)C(O)C7O)C(CO)(CO)C6CC[C@@]5(C)[C@]3(C)C[C@H]4O)OCC(O)C2O)C(O)C(O)C1OC1OCC(O)C(O)C1O|OCC1OCC(O)C(O)C1O|CC1OC(OC2C(OC(=O)[C@]34CCC(C)(C)CC3C3=CCC5[C@@]6(C)C[C@H](O)[C@H](O[C@@H]7O[C@H](CO)[C@@H](O)[C@H](O)[C@@H]7O)C(CO)(CO)C6CC[C@@]5(C)[C@]3(C)C[C@H]4O)OCC(O)C2O)C(O)C(O)C1O|CC1OC(OC2C(OC(=O)[C@]34CCC(C)(C)CC3C3=CCC5[C@@]6(C)C[C@@H](O)[C@H](O[C@@H]7O[C@H](CO)[C@@H](O)[C@H](O)[C@@H]7O)C(CO)(CO)C6CC[C@@]5(C)[C@]3(C)C[C@H]4O)OCC(O)C2O)C(O)C(O)C1O||||,CC1OC(OC2C(OC(=O)[C@]34CCC(C)(C)CC3C3=CCC5[C@@]6(C)C[C@H](O)[C@H](O)C(CO)(CO)C6CC[C@@]5(C)[C@]3(C)C[C@H]4O)OCC(O)C2O)C(O)C(O)C1OC1OCC(O)C(OC2OCC(O)C2(O)CO)C1O,CC1OC(OC2C(OC(=O)[C@]34CCC(C)(C)CC3C3=CCC5[C@@]6(C)C[C@H](O)[C@H]([O:1]C7OC(CO)C(O)C(O)C7O)C(CO)(CO)C6CC[C@@]5(C)[C@]3(C)C[C@H]4O)OCC(O)C2O)C(O)C(O)C1OC1OCC(O)C(OC2OCC(O)C2(O)CO)C1O,CC1OC(OC2C(OC(=O)[C@]34CCC(C)(C)CC3C3=CCC5[C@@]6([CH3:1])C[C@H](O)[C@H](OC7OC(CO)C(O)C(O)C7O)C(CO)(CO)C6CC[C@@]5(C)[C@]3(C)C[C@H]4O)OCC(O)C2O)C(O)C(O)C1OC1OCC(O)C(OC2OCC(O)C2(O)CO)C1O|CC1OC(OC2C(OC(=O)[C@]34CCC(C)(C)CC3C3=CCC5[C@@]6(C)C[C@H](O)[C@H](OC7OC(CO)C(O)C(O)C7O)C(CO)(CO)C6CC[C@@]5(C)[C@]3(C)C[C@H]4O)OCC(O)C2O)C(O)C(O)C1[O:1]C1OCC(O)C(OC2OCC(O)C2(O)CO)C1O|CC1OC(OC2C(OC(=O)[C@]34CCC(C)(C)CC3C3=CCC5[C@@]6(C)C[C@H](O)[C@H]([O:1]C7OC(CO)C(O)C(O)C7O)C(CO)(CO)C6CC[C@@]5(C)[C@]3(C)C[C@H]4O)OCC(O)C2O)C(O)C(O)C1OC1OCC(O)C(OC2OCC(O)C2(O)CO)C1O|CC1OC(OC2C(OC(=O)[C@]34CCC(C)(C)CC3C3=CCC5[C@@]6([CH3:1])C[C@H](O)[C@H](OC7OC(CO)C(O)C(O)C7O)C(CO)(CO)C6CC[C@@:1]5(C)[C@]3(C)C[C@H]4O)OCC(O)C2O)C(O)C(O)C1OC1OCC(O)C(OC2OCC(O)C2(O)CO)C1O|CC1OC(OC2C(O)C(O)COC2[O:1]C(=O)[C@]23CCC(C)(C)CC2C2=CCC4[C@@]5(C)C[C@H](O)[C@H](OC6OC(CO)C(O)C(O)C6O)C(CO)(CO)C5CC[C@@]4(C)[C@]2(C)C[C@H]3O)C(O)C(O)C1OC1OCC(O)C(OC2OCC(O)C2(O)CO)C1O|CC1OC(OC2C(OC(=O)[C@]34CCC(C)(C)CC3C3=CCC5[C@@]6(C)C[C@H](O)[C@H](OC7OC(CO)C(O)C(O)C7O)C(CO)(CO)C6CC[C@@]5(C)[C@]3(C)C[C@H]4O)OCC(O)C2O)C(O)C(O)C1[O:1]C1OCC(O)C(OC2OCC(O)C2(O)CO)C1O|CC1OC(OC2C(OC(=O)[C@]34CCC(C)(C)CC3C3=CCC5[C@@]6([CH3:1])C[C@H](O)[C@H](OC7OC(C[OH:1])C(O)C(O)C7O)C(CO)(CO)C6CC[C@@]5(C)[C@]3(C)C[C@H]4O)OCC(O)C2O)C(O)C(O)C1OC1OCC(O)C(OC2OCC(O)C2(O)CO)C1O|CC1OC(OC2C(OC(=O)[C@]34CCC(C)(C)CC3C3=CCC5[C@@]6(C)C[C@H](O)[C@H](OC7OC(CO)C(O)C(O)C7O)C(CO)(CO)C6CC[C@@]5(C)[C@]3(C)C[C@H]4O)OCC(O)C2O)C(O)C(O)C1[O:1]C1OCC(O)C(OC2OCC(O)C2(O)CO)C1O|CC1OC(OC2C(OC(=O)[C@]34CCC(C)(C)CC3C3=CCC5[C@@]6([CH3:1])C[C@H](O)[C@H](OC7OC([CH2:1][OH:1])C(O)C(O)C7O)C(CO)(CO)C6CC[C@@]5(C)[C@]3(C)C[C@H]4O)OCC(O)C2O)C(O)C(O)C1OC1OCC(O)C(OC2OCC(O)C2(O)CO)C1O|CC1OC(OC2C(OC(=O)[C@]34CCC(C)(C)CC3C3=CCC5[C@@]6(C)C[C@H](O)[C@H](OC7OC(CO)C(O)C(O)C7O)C(CO)(CO)C6CC[C@@]5([CH3:1])[C@]3(C)C[C@H]4O)OCC(O)C2O)C(O)C(O)C1OC1OCC(O)C(OC2OCC(O)C2(O)CO)C1O|CC1OC(OC2C(OC(=O)[C@]34CCC(C)(C)CC3C3=CCC5[C@@]6([CH3:1])C[C@H](O)[C@H](OC7OC([CH2:1][OH:1])C(O)C(O)C7O)C(CO)(CO)C6CC[C@@]5(C)[C@]3(C)C[C@H]4O)OCC(O)C2O)C(O)C(O)C1OC1OCC(O)C(OC2OCC(O)C2(O)CO)C1O|CC1OC(OC2C(OC(=O)[C@]34CCC(C)(C)CC3C3=CCC5[C@@]6([CH3:1])C[C@H](O)[C@H](OC7OC(CO)C(O)C(O)C7O)C(CO)(CO)C6CC[C@@]5(C)[C@]3(C)C[C@H]4O)OCC(O)C2O)C(O)C(O)C1OC1OCC(O)C(OC2OCC(O)C2(O)CO)C1O|CC1OC(OC2C(OC(=O)[C@]34CCC(C)(C)CC3C3=CCC5[C@@]6(C)C[C@H](O)[C@H](OC7OC(CO)C(O)C(O)C7O)C(CO)(CO)C6CC[C@@]5(C)[C@]3(C)C[C@H]4O)OCC(O)C2O)C(O)C(O)C1OC1OCC(O)C([O:1]C2OCC(O)C2(O)CO)C1O|CC1OC(OC2C(OC(=O)[C@]34CCC(C)(C)CC3C3=CCC5[C@@]6(C)C[C@H](O)[C@H](O[CH:1]7OC(CO)C(O)C(O)C7O)C(CO)(CO)C6CC[C@@]5(C)[C@]3(C)C[C@H]4O)OCC(O)C2O)C(O)C(O)C1OC1OCC(O)C(OC2OCC(O)C2(O)CO)C1O|CC1OC(OC2C(OC(=O)[C@]34CCC(C)(C)CC3C3=CCC5[C@@]6(C)C[C@H](O)[C@H](OC7OC(CO)C(O)C(O)C7O)C(CO)(CO)C6CC[C@@]5(C)[C@]3(C)C[C@H]4O)OCC(O)C2O)C(O)C(O)C1[O:1]C1OCC(O)C(OC2OCC(O)C2(O)CO)C1O|CC1OC(OC2C(OC(=O)[C@]34CCC(C)(C)CC3C3=CCC5[C@@]6(C)C[C@H](O)[C@H](OC7OC(CO)C(O)C(O)C7O)C(CO)(CO)C6CC[C@@]5(C)[C@]3(C)C[C@H]4O)OCC(O)C2O)C(O)C(O)C1[O:1]C1OCC(O)C(OC2OCC(O)C2(O)CO)C1O
28,O=C(c1cccnc1-c1ccncc1)N1CCC(O)(Cc2ccccc2)CC1,O=C(C1=CC=CN=C1C1=CC=[N+]([O-])C=C1)N1CCC(O)(CC2=CC=CC=C2)CC1|O=C(C1=CC=CN=C1C1=CC=NC=C1)N1CCC(O)(CC2=CC=C(O)C=C2)CC1|O=C(O)[C@H]1OC(OC2(CC3=CC=CC=C3)CCN(C(=O)C3=CC=CN=C3C3=CC=NC=C3)CC2)[C@H](O)[C@@H](O)[C@@H]1O|O=C(C1=CC=CN=C1C1=CC=NC=C1)N1CCC(O)(CC2=CC=CC=C2)CC1O|O=C(C1=CC(O)=CN=C1C1=CC=NC=C1)N1CCC(O)(CC2=CC=CC=C2)CC1|O=C(C1=CC=CN=C1C1=CC=NC=C1)N1CCC(O)(C(O)C2=CC=CC=C2)CC1|OC1(CC2=CC=CC=C2)CCNCC1|O=C(C1=CC=CN=C1C1=CC=NC=C1)N1CCC(O)(CC2=CC=CC=C2)C(O)C1|O=C(C1=CC=CN=C1C1=CC=NC=C1)[N+]1([O-])CCC(O)(CC2=CC=CC=C2)CC1|O=C(C1=CC=C[N+]([O-])=C1C1=CC=NC=C1)N1CCC(O)(CC2=CC=CC=C2)CC1|O=C(C1=CC=CN=C1C1=CC=NC(O)=C1)N1CCC(O)(CC2=CC=CC=C2)CC1|O=C(C1=CC=CN=C1C1=CC=NC=C1)N1CCC(O)(CC2=CC=CC(O)=C2)CC1|O=C(C1=CC=CN=C1C1=CC=NC=C1)[N+]1=CCC(O)(CC2=CC=CC=C2)CC1|OC(C1=CC=CN=C1C1=CC=NC=C1)N1CCC(O)(CC2=CC=CC=C2)CC1|O=C(C1=C(C2=CC=NC=C2)NC(=O)C=C1)N1CCC(O)(CC2=CC=CC=C2)CC1|O=C(C1=CC=CN=C1C1=CC=NC=C1)N1CCC(=CC2=CC=CC=C2)CC1|O=C(C1=CC=CN=C1C1=CC=NC=C1)[N+]1=CC=C(CC2=CC=CC=C2)C=C1|O=C(C1=CC=CN=C1C1=CC=NC=C1)N1CC=C(CC2=CC=CC=C2)CC1|O=C(O)C1OC(OC2(CC3=CC=CC=C3)CCN(C(=O)C3=CC=CN=C3C3=CC=NC=C3)CC2)[C@H](O)[C@@H](O)[C@@H]1O|O=C(C1=CC=CN=C1C1=CC=NC=C1)N1CCC(O)(CC2=CC=CC=C2O)CC1,O=C(O)[C@H]1OC(OC2(Cc3ccccc3)CCN(C(=O)c3cccnc3-c3ccncc3)CC2)[C@H](O)[C@@H](O)[C@@H]1O,O=C(c1cccnc1-c1ccncc1)N1CCC(Cc2ccccc2)([OH:1])CC1,O=C(c1cccnc1-c1cc[n:1]cc1)N1CCC(O)(Cc2ccccc2)CC1|O=C(c1cccnc1-c1ccncc1)N1CCC(O)(Cc2cc[cH:1]cc2)CC1|O=C(c1cccnc1-c1ccncc1)N1CCC(Cc2ccccc2)([OH:1])CC1|O=C(c1cccnc1-c1ccncc1)N1CCC(O)(Cc2ccccc2)C[CH2:1]1|O=C(c1c[cH:1]cnc1-c1ccncc1)N1CCC(O)(Cc2ccccc2)CC1|O=C(c1cccnc1-c1ccncc1)N1CCC(O)([CH2:1]c2ccccc2)CC1|O=C(c1cc[cH:1][n:1]c1-c1ccn[cH:1][cH:1]1)N1CC[C:1](O)(Cc2ccccc2)[CH2:1]C1|O=C(c1cccnc1-c1ccncc1)N1CCC(O)(Cc2ccccc2)[CH2:1]C1|O=C(c1cccnc1-c1ccncc1)[N:1]1CCC(O)(Cc2ccccc2)CC1|O=C(c1ccc[n:1]c1-c1ccncc1)N1CCC(O)(Cc2ccccc2)CC1|O=C(c1cccnc1-c1ccn[cH:1]c1)N1CCC(O)(Cc2ccccc2)CC1|O=C(c1cccnc1-c1ccncc1)N1CCC(O)(Cc2ccc[cH:1]c2)CC1|O=C(c1cccnc1-c1ccncc1)[N:1]1CCC(O)(Cc2ccccc2)C[CH2:1]1|OC1(Cc2ccccc2)CCN([C:1](c2cccnc2-c2ccncc2)=[O:1])CC1|O=C(c1cc[cH:1]nc1-c1ccncc1)N1CCC(O)(Cc2ccccc2)CC1|O=C(c1cccnc1-c1ccncc1)N1CC[C:1](O)([CH2:1]c2ccccc2)CC1|O=C(c1cccnc1-c1ccncc1)[N:1]1[CH2:1][CH2:1][C:1](O)(Cc2ccccc2)[CH2:1][CH2:1]1|O=C(c1cccnc1-c1ccncc1)N1CC[C:1](O)(Cc2ccccc2)[CH2:1]C1|O=C(c1cccnc1-c1ccncc1)N1CCC(Cc2ccccc2)([OH:1])CC1|O=C(c1cccnc1-c1ccncc1)N1CCC(O)(Cc2cccc[cH:1]2)CC1
29,O=C(CCC(F)(F)F)N1CCC2(CC1)CC(C(F)(F)F)=NO2,N=C(CC1(O)CCN(C(=O)CCC(F)(F)F)CC1)C(F)(F)F|O=C(CCC(F)(F)F)N1CCC2(CC1)ON=C(C(F)(F)F)C2O|O=C(CCC(F)(F)F)N1CCC2(CC(C(F)(F)F)=NO2)CC1O|O=C(CCC(F)(F)F)N1CCC2(CC(C(F)(F)F)=NO2)C(O)C1|FC(F)(F)C1=NOC2(CCNCC2)C1|O=C(CC(O)C(F)(F)F)N1CCC2(CC1)CC(C(F)(F)F)=NO2|O=CCN(CCC1CC(C(F)(F)F)=NO1)C(=O)CCC(F)(F)F|O=C(C(O)CC(F)(F)F)N1CCC2(CC1)CC(C(F)(F)F)=NO2|O=C(CCC(F)(F)F)N1CCC2(CC1)CC(C(F)(F)F)NO2|O=C(CCC(F)(F)F)[N+]1([O-])CCC2(CC1)CC(C(F)(F)F)=NO2|O=CCC1(CCNC(=O)CCC(F)(F)F)CC(C(F)(F)F)=NO1|O=C(CCC(F)(F)F)N1CCC2(CC1)CC(C(F)(F)F)=[N+]([O-])O2|O=C(CCC(F)(F)F)N1CCC2(CC1)ON=C(C(F)(F)F)[C@H]2O|O=C(CCC(F)(F)F)N1CCC2(CC1)ON=C(C(F)(F)F)[C@@H]2O|OC(CCC(F)(F)F)N1CCC2(CC1)CC(C(F)(F)F)=NO2|O=CC(=NOC1CCN(C(=O)CCC(F)(F)F)CC1)C(F)(F)F|O=C(CCC(F)(F)F)N1CCC(O)(CC(=NO)C(F)(F)F)CC1|O=C(CCC(F)(F)F)N1CCC2(CC1)CC(C(F)(F)F)=NO2|O=C(C[C@H](O)C(F)(F)F)N1CCC2(CC1)CC(C(F)(F)F)=NO2|O=C(CCC(F)(F)F)N1CCC2(CC1)CC(O)(C(F)(F)F)NO2,O=C(O)C1OC(OC2(Cc3ccccc3)CCN(C(=O)c3cccnc3-c3ccncc3)CC2)[C@H](O)C(O)[C@@H]1O,O=[C:1](N1CCC2(CC1)[CH2:1][C:1]([C:1](F)(F)F)=[N:1][O:1]2)[CH2:1][CH2:1][C:1](F)(F)F,O=C(CCC(F)(F)F)N1CCC2(CC1)CC(C(F)(F)F)=[N:1][O:1]2|O=C(CCC(F)(F)F)N1CCC2(CC1)ON=C(C(F)(F)F)[CH2:1]2|O=C(CCC(F)(F)F)N1CCC2(CC(C(F)(F)F)=NO2)C[CH2:1]1|O=C(CCC(F)(F)F)N1CCC2(CC(C(F)(F)F)=NO2)[CH2:1]C1|O=C(CCC(F)(F)F)[N:1]1CCC2(CC1)CC(C(F)(F)F)=NO2|O=C(C[CH2:1]C(F)(F)F)N1CCC2(CC1)CC(C(F)(F)F)=NO2|O=C(CCC(F)(F)F)N1CC[C:1]2(CC(C(F)(F)F)=NO2)[CH2:1]C1|O=C(N1CCC2(CC1)CC(C(F)(F)F)=NO2)[CH2:1]CC(F)(F)F|O=C(CCC(F)(F)F)N1CCC2(CC1)C[C:1](C(F)(F)F)=[N:1]O2|O=C(CCC(F)(F)F)[N:1]1CCC2(CC1)CC(C(F)(F)F)=NO2|O=C(CCC(F)(F)F)[N:1]1CCC2(CC(C(F)(F)F)=NO2)C[CH2:1]1|O=C(CCC(F)(F)F)N1CCC2(CC1)CC(C(F)(F)F)=[N:1]O2|O=C(CCC(F)(F)F)N1CCC2(CC1)ON=C(C(F)(F)F)[CH2:1]2|O=C(CCC(F)(F)F)N1CCC2(CC1)ON=C(C(F)(F)F)[CH2:1]2|FC(F)(F)CC[C:1](N1CCC2(CC1)CC(C(F)(F)F)=NO2)=[O:1]|O=C(CCC(F)(F)F)N1CC[C:1]2(CC1)ON=C(C(F)(F)F)[CH2:1]2|O=C(CCC(F)(F)F)N1CC[C:1]2(CC1)CC(C(F)(F)F)=N[O:1]2|O=C(CCC(F)(F)F)N1CCC2(CC1)CC(C(F)(F)F)=NO2|O=C(C[CH2:1]C(F)(F)F)N1CCC2(CC1)CC(C(F)(F)F)=NO2|O=C(CCC(F)(F)F)N1CCC2(CC1)C[C:1](C(F)(F)F)=[N:1]O2
