name,substrate,predict
1,O=C(N[C@@H](C(C)(C)C)C(N1CC2(SCCS2)C[C@H]1C(N[C@@H](C[C@@H]3CCNC3=O)C#N)=O)=O)C(F)(F)F,CC(C)(C)[C@H](NC(=O)C(F)(F)F)C(=O)N1CC2(C[C@H]1C(=O)N[C@H](C#N)C[C@@H]1CCNC1=O)SCCS2=O|CC(C)(CO)[C@H](NC(=O)C(F)(F)F)C(=O)N1CC2(C[C@H]1C(=O)N[C@H](C#N)C[C@@H]1CCNC1=O)SCCS2|CC(C)(C)[C@H](N)C(=O)N1CC2(C[C@H]1C(=O)N[C@H](C#N)C[C@@H]1CCNC1=O)SCCS2|CC(C)(C)[C@H](NC(=O)C(F)(F)F)C(=O)N1CC2(C[C@H]1C(=O)N[C@H](C#N)C[C@@H]1CC(O)NC1=O)SCCS2|CC(C)(C)[C@H](NC(=O)C(F)(F)F)C(=O)N1CC2(C[C@H]1C(=O)N[C@@H](C[C@@H]1CCNC1=O)C(=O)O)SCCS2|CC(C)(C)[C@H](NC(=O)C(F)(F)F)C(=O)N1CC2(C[C@H]1C(=O)O)SCCS2|CC(C)(C)[C@H](NC(=O)C(F)(F)F)C(=O)N1CC(S)(SCC=O)C[C@H]1C(=O)N[C@H](C#N)C[C@@H]1CCNC1=O|CC(C)(C)[C@H](NC(=O)C(F)(F)F)C(=O)N1CC2(C[C@H]1C(=O)N[C@@H](C[C@@H]1CCNC1=O)C(N)=O)SCCS2|CC(C)(C)[C@H](NC(=O)C(F)(F)F)C(=O)N1CC2(C[C@H]1C(=O)N[C@H](C#N)C[C@@H]1CCNC1=O)SCC(O)S2|CC(C)(C)[C@H](NC(=O)C(F)(F)F)C(=O)N1CC2(C[C@H]1C(=O)N[C@H](C#N)C[C@H]1CC(O)NC1=O)SCCS2|CC(C)(C)[C@H](NC(=O)C(F)(F)F)C(=O)N1C[C@]2(C[C@H]1C(=O)N[C@H](C#N)C[C@@H]1CCNC1=O)SCCS2=O|CC(C)(C)[C@H](NC(=O)C(F)(F)F)C(=O)N1CC2(C[C@H]1C(=O)N[C@H](C#N)C[C@H]1CCNC1=O)SCCS2=O|CC(C)(C)[C@H](NC(=O)C(F)(F)F)C(=O)N1C[C@@]2(C[C@H]1C(=O)N[C@H](C#N)C[C@@H]1CCNC1=O)SCCS2=O|CC(C)(C)[C@H](NC(=O)C(F)(F)F)C(=O)N1CC2(C[C@H]1C(=O)N[C@H](C#N)C[C@@H]1C(=O)NCC1O)SCCS2|CC(C)(C)[C@H](NC(=O)C(F)(F)F)C(=O)N1CC2(C[C@H]1C(=O)N[C@H](C#N)CCC(=O)NCC=O)SCCS2|CC(C)(C)[C@H](NC(=O)C(F)(F)F)C(O)N1CC2(C[C@H]1C(=O)N[C@H](C#N)C[C@@H]1CCNC1=O)SCCS2|CC(C)(CO)[C@H](NC(=O)C(F)(F)F)C(=O)N1CC2(C[C@H]1C(=O)NC(C#N)C[C@@H]1CCNC1=O)SCCS2|CC(C)(C)[C@H](NC(=O)C(F)(F)F)C(=O)N1CC2(C[C@H]1C(=O)N[C@H](C#N)C[C@@H]1CCNC1=O)SCCS2|CC(C)(C)C(NC(=O)C(F)(F)F)C(=O)N1CC2(C[C@H]1C(=O)N[C@H](C#N)C[C@@H]1CCNC1=O)SCCS2=O|CC(C)(C)[C@H](NC(=O)C(F)(F)F)C(=O)N1CC2(C[C@H]1C(N)=O)SCCS2
2,ClC(C=C1C2=CC(N(C=C2OC)[C@H](C(NC3=CC=C(C(F)=C3)C(N)=O)=O)CC)=O)=CC=C1N(N=N4)C=C4C(F)(F)F,CC[C@@H](C(=O)NC1=CC=C(C(=O)O)C(F)=C1)N1C=C(OC)C(C2=CC(Cl)=CC=C2N2C=C(C(F)(F)F)N=N2)=CC1=O|CC[C@@H](C(=O)O)N1C=C(OC)C(C2=CC(Cl)=CC=C2N2C=C(C(F)(F)F)N=N2)=CC1=O|CC[C@@H](C(=O)NC1=CC=C(C(N)=O)C(O)=C1)N1C=C(OC)C(C2=CC(Cl)=CC=C2N2C=C(C(F)(F)F)N=N2)=CC1=O|COC1=CN([C@@H](CCO)C(=O)NC2=CC=C(C(N)=O)C(F)=C2)C(=O)C=C1C1=CC(Cl)=CC=C1N1C=C(C(F)(F)F)N=N1|CC[C@@H](C(=O)NC1=CC=C(C(N)=O)C(F)=C1)N1C=C(O)C(C2=CC(Cl)=CC=C2N2C=C(C(F)(F)F)N=N2)=CC1=O|COC1=CN([C@H](C(=O)NC2=CC=C(C(N)=O)C(F)=C2)C(C)O)C(=O)C=C1C1=CC(Cl)=CC=C1N1C=C(C(F)(F)F)N=N1|CC[C@@H](C(=O)NC1=CC(O)=C(C(N)=O)C(F)=C1)N1C=C(OC)C(C2=CC(Cl)=CC=C2N2C=C(C(F)(F)F)N=N2)=CC1=O|COC1=CNC(=O)C=C1C1=CC(Cl)=CC=C1N1C=C(C(F)(F)F)N=N1|CC[C@@H](C(N)=O)N1C=C(OC)C(C2=CC(Cl)=CC=C2N2C=C(C(F)(F)F)N=N2)=CC1=O|CC[C@@H](C(=O)NC1=CC(F)=C(C(N)=O)C=C1O)N1C=C(OC)C(C2=CC(Cl)=CC=C2N2C=C(C(F)(F)F)N=N2)=CC1=O|COC1=CN([C@H](C(=O)NC2=CC=C(C(N)=O)C(F)=C2)[C@@H](C)O)C(=O)C=C1C1=CC(Cl)=CC=C1N1C=C(C(F)(F)F)N=N1|CC[C@@H](C(=O)NC1=CC=C(C(N)=O)C=C1)N1C=C(OC)C(C2=CC(Cl)=CC=C2N2C=C(C(F)(F)F)N=N2)=CC1=O|CC[C@@H](C(=O)NC1=CC=C(C(N)=O)C(F)=C1O)N1C=C(OC)C(C2=CC(Cl)=CC=C2N2C=C(C(F)(F)F)N=N2)=CC1=O|COC1=CN([C@H](C(=O)NC2=CC=C(C(N)=O)C(F)=C2)[C@H](C)O)C(=O)C=C1C1=CC(Cl)=CC=C1N1C=C(C(F)(F)F)N=N1|CC[C@@H](C(=O)NC1=CC=C(C(N)=O)C(F)=C1)N1C(O)=C(OC)C(C2=CC(Cl)=CC=C2N2C=C(C(F)(F)F)N=N2)=CC1=O|CC[C@@H](C(=O)NC1=CC(F)=C(C(N)=O)C2OC12)N1C=C(OC)C(C2=CC(Cl)=CC=C2N2C=C(C(F)(F)F)N=N2)=CC1=O|COC1=CN(CC(=O)NC2=CC=C(C(N)=O)C(F)=C2)C(=O)C=C1C1=CC(Cl)=CC=C1N1C=C(C(F)(F)F)N=N1|CC[C@@](O)(C(=O)NC1=CC=C(C(N)=O)C(F)=C1)N1C=C(OC)C(C2=CC(Cl)=CC=C2N2C=C(C(F)(F)F)N=N2)=CC1=O|CC[C@@H](C(=O)NC1=CC=C(C(N)=O)C(F)=C1)N1C=C(OC)C(C2=CC(Cl)=CC=C2N2C=C(C(F)(F)F)[N+]([O-])=N2)=CC1=O|CC[C@@H](C(=O)NC1=CC=C(C(N)=O)C(F)=C1)N1C=C(OC)C(C2=CC(Cl)=CC=C2N2N=NC(C(F)(F)F)=C2O)=CC1=O
3,CCCCCC1=CC(O)=C2C(=C1)OC(C)(C)C1CCC(C)CC21,CCCCCC1=CC(O)=C2C(=C1)OC(C)(C)C1CCC(CO)CC21|CCCCCC1=CC(O)=C2C(=C1)OC(C)(C)C1CCC(C)(O)CC21|CC(O)CCCC1=CC(O)=C2C(=C1)OC(C)(C)C1CCC(C)CC21|CCCCCC1=CC(OC2O[C@H](C(=O)O)[C@@H](O)[C@H](O)[C@H]2O)=C2C(=C1)OC(C)(C)C1CCC(C)CC21|CCCCCC1=CC(O)=C2C(=C1)OC(C)(C)C1CC(O)C(C)CC21|CC1CCC2C(C1)C1=C(O)C=C(CCCCCO)C=C1OC2(C)C|CCCC(O)CC1=CC(O)=C2C(=C1)OC(C)(C)C1CCC(C)CC21|CCC(O)CCC1=CC(O)=C2C(=C1)OC(C)(C)C1CCC(C)CC21|CCCCC(O)C1=CC(O)=C2C(=C1)OC(C)(C)C1CCC(C)CC21|CCCCCC1=CC(O)=C2C(=C1)OC(C)(C)[C@@H]1CCC(C)(O)C[C@@H]21|CCCCCC1=CC(O)=C2C(=C1)OC(C)(C)C1CCC(C)C(O)C21|CCCCCC1=CC2=C(C(OS(=O)(=O)O)=C1)C1CC(C)CCC1C(C)(C)O2|CCCCCC1=CC(O)=C2C(=C1)OC(C)(C)[C@@H]1C[C@@H](O)[C@H](C)C[C@@H]21|CCCCCC1=CC(O)=C2C(=C1)OC(C)(C)C1C(O)CC(C)CC21|CCCCCC1=CC(O)=C2C(=C1)OC(C)(C)[C@@H]1CCC(C)(O)C[C@H]21|CCCCCC1=CC(OC2OC(C(=O)O)C(O)C(O)C2O)=C2C(=C1)OC(C)(C)C1CCC(C)CC21|CCCCCC1=CC(O)=C2C(=C1)OC(C)(CO)C1CCC(C)CC21|CCCCCC1=CC(O)=C2C(=C1)OC(C)(C)[C@@H]1CC[C@@](C)(O)C[C@@H]21|CCCCCC1=CC(O)=C2C(=C1)OC(C)(C)[C@H]1CCC(C)(O)C[C@@H]21|CCCCCC1=CC(OC2OC(C(=O)O)[C@@H](O)[C@H](O)[C@H]2O)=C2C(=C1)OC(C)(C)C1CCC(C)CC21
4,CC(=O)NC1=CC=C(C)C(C(=O)N[C@H](C)/C2=C/C=C\C3=CC=CC=C23)=C1,CC1=CC=C(N)C=C1C(=O)N[C@H](C)C1=CC=CC2=CC=CC=C12|C[C@@H](N)C1=CC=CC2=CC=CC=C12|CC(=O)NC1=CC=C(C)C(C(=O)N[C@H](C)C2=CC=C(O)C3=CC=CC=C23)=C1|CC(=O)NC1=CC=C(C)C(/C(=N/[C@H](C)C2=CC=CC3=CC=CC=C23)OC2O[C@H](C(=O)O)[C@@H](O)[C@H](O)[C@H]2O)=C1|CC(=O)NC1=CC=C(C)C(C(N)=O)=C1|CC1=CC=C(N)C=C1C(=O)NC(C)C1=CC=CC2=CC=CC=C12|CC(=O)NC1=CC=C(CO)C(C(=O)N[C@H](C)C2=CC=CC3=CC=CC=C23)=C1|CC(=O)NC1=CC=C(C)C(C(=O)N[C@H](C)C2=CC=CC3=C2C=CC2OC32)=C1|CC(=O)NC1=CC=C(C)C(/C(=N\[C@H](C)C2=CC=CC3=CC=CC=C23)OC2O[C@H](C(=O)O)[C@@H](O)[C@H](O)[C@H]2O)=C1|CC(=O)NC1=CC(C(=O)N[C@H](C)C2=CC=CC3=CC=CC=C23)=C(C)C=C1O|CC(=O)NC1=CC=C(C)C(C(=O)N[C@H](C)C2=CC3OC3C3=CC=CC=C23)=C1|CC(=O)NC1=CC=C(C)C(C(=O)N[C@@H](CO)C2=CC=CC3=CC=CC=C23)=C1|CC(N)C1=CC=CC2=CC=CC=C12|CC1=CC=C(NC(=O)CO)C=C1C(=O)N[C@H](C)C1=CC=CC2=CC=CC=C12|CC1=CC=C(N)C=C1C(=O)N[C@@H](C)C1=CC=CC2=CC=CC=C12|CC(=O)NC1=CC(O)=C(C)C(C(=O)N[C@H](C)C2=CC=CC3=CC=CC=C23)=C1|CC(=O)NC1=CC=C(C)C(C(=O)N[C@H](C)C2=CC=CC3=C2C2OC2C=C3)=C1|CC(=O)N(O)C1=CC=C(C)C(C(=O)N[C@H](C)C2=CC=CC3=CC=CC=C23)=C1|CC(=O)NC1=CC(C(=O)NC(C)C2=CC=CC3=CC=CC=C23)=C(C)C=C1O|CC(=O)NC1=CC=C(C)C(C(=O)N[C@H](CO)C2=CC=CC3=CC=CC=C23)=C1
5,CC1=CC=C(N)C=C1C(=O)N[C@H](C)/C1=C/C=C\C2=CC=CC=C12,CC(=O)NC1=CC=C(C)C(C(=O)N[C@H](C)C2=CC=CC3=CC=CC=C23)=C1|CC1=CC(O)=C(N)C=C1C(=O)N[C@H](C)C1=CC=CC2=CC=CC=C12|CC1=CC=C(O)C=C1C(=O)N[C@H](C)C1=CC=CC2=CC=CC=C12|CC1=CC=C(N)C=C1C(=O)N[C@H](C)C1=CC=C(O)C2=CC=CC=C12|CC(=O)C1=CC=CC2=CC=CC=C12|CC1=CC=C(NO)C=C1C(=O)N[C@H](C)C1=CC=CC2=CC=CC=C12|CC1=CC=C(N)C=C1C(=O)N[C@H](C)C1=CC=CC2=C1C1OC1C=C2|C[C@@H](NC(=O)C1=CC(N)=CC=C1CO)C1=CC=CC2=CC=CC=C12|C[C@@H](N)C1=CC=CC2=CC=CC=C12|CC1=C(O)C=C(N)C=C1C(=O)N[C@H](C)C1=CC=CC2=CC=CC=C12|CC1=CC=C(N)C=C1C(=O)N[C@H](C)C1=CC=CC2=CC=C(O)C=C12|CC1=CC=C(N)C=C1C(=O)N[C@@H](CO)C1=CC=CC2=CC=CC=C12|CC1=CC=C(N)C=C1C(=O)N[C@H](C)C1=CC=CC2=CC(O)=CC=C12|CC1=CC=C(N)C=C1C(=O)N[C@H](C)C1=CC2OC2C2=CC=CC=C12|CC1=CC=C(N)C(O)=C1C(=O)N[C@H](C)C1=CC=CC2=CC=CC=C12|C=C1C=CC(=N)C=C1C(=O)N[C@H](C)C1=CC=CC2=CC=CC=C12|CC1=CC=C(N)C=C1C(=O)N[C@H](C)C1=C(O)C=CC2=CC=CC=C12|CC1=CC=C(N)C=C1C(=O)N[C@H](C)C1=CC=CC2=C(O)C=CC=C12|CC1=CC=C(N)C=C1C(=O)N[C@H](C)C1=CC=CC2=C1C=CC1OC21|CC1=CC=C(N)C=C1C(=O)NCC1=CC=CC2=CC=CC=C12
6,CN1C=C(NC2=NC=CC(N3C[C@@H]4CC[C@H](C3)N4C(=O)[C@@H]3CC3(F)F)=N2)C=N1,O=C([C@@H]1CC1(F)F)N1[C@H]2CC[C@@H]1CN(C1=CC=NC(NC3=CNN=C3)=N1)C2|CN1C=C(NC2=NC=CC(N3C[C@@H]4CC[C@H](C3)N4C(=O)[C@@H]3CC3(F)F)=N2)C=[N+]1C1O[C@H](C(=O)O)[C@@H](O)[C@H](O)[C@H]1O|CN1C=C(NC2=NC=C(O)C(N3C[C@@H]4CC[C@H](C3)N4C(=O)[C@@H]3CC3(F)F)=N2)C=N1|CN1C=C(NC2=NC=CC(N3C[C@@H]4CC[C@H](C3)N4)=N2)C=N1|NC1=NC=CC(N2C[C@@H]3CC[C@H](C2)N3C(=O)[C@@H]2CC2(F)F)=N1|CN1C=C(NC2=NC=CC(N3C[C@@H]4CC[C@H](C3)N4C(=O)[C@@H]3C(O)C3(F)F)=N2)C=N1|CN1C=C(NC2=NC=CC(NC[C@@H]3CC[C@H](C=O)N3C(=O)[C@@H]3CC3(F)F)=N2)C=N1|CN1C=C(NC2=NC=CC(NC[C@H]3CC[C@@H](C=O)N3C(=O)[C@@H]3CC3(F)F)=N2)C=N1|CN1C=C(NC2=NC=CC(N3C[C@@H]4CC[C@H](C3)N4C(=O)CC(F)(F)CO)=N2)C=N1|CN1C=C(NC2=NC=CC(N3C[C@@H]4CC[C@H](C3)N4C(=O)[C@@H]3CC3(F)F)=N2)C=N1|CN1C=C(NC2=NC=CC(N3C[C@@H]4CC(O)[C@@H](C3)N4C(=O)[C@@H]3CC3(F)F)=N2)C=N1|CN1C=C(NC2=NC=CC(N3C[C@@H]4CC[C@H](C3)[N+]4([O-])C(=O)[C@@H]3CC3(F)F)=N2)C=N1|CN1C=C(NC2=NC(O)=CC(N3C[C@@H]4CC[C@H](C3)N4C(=O)[C@@H]3CC3(F)F)=N2)C=N1|CN1C=C(NC2=NC=CC(N3C[C@@H]4CC[C@H](C3)N4C(=O)CC(F)(F)C=O)=N2)C=N1|CN1C=C(NC2=NC=CC(N3C[C@@H]4CC[C@H](C3)N4C(=O)[C@@H]3CC3(F)F)=N2)C(O)=N1|CN1C=C(NC2=NC=CC(N3C[C@@H]4CC[C@H](C3)N4C(=O)[C@@H]3[C@@H](O)C3(F)F)=N2)C=N1|O=C([C@@H]1CC1(F)F)N1[C@H]2CC[C@@H]1CN(C1=CC=NC(O)=N1)C2|CN1C=C(NC2=NC=CC(N3C[C@H]4C(O)C[C@H](C3)N4C(=O)[C@@H]3CC3(F)F)=N2)C=N1|CN1C=C(NC2=NC=CC(N3C[C@H]4CC[C@@H](C3O)N4C(=O)[C@@H]3CC3(F)F)=N2)C=N1|CN1C=C(NC2=NC=CC(N3C[C@@H]4CC[C@H](C3O)N4C(=O)[C@@H]3CC3(F)F)=N2)C=N1
7,C=CC(=O)NC1=CC(NC2=NC=C(C(=O)OC(C)C)C(/C3=C/N(C)C4=CC=CC=C34)=N2)=C(OC)C=C1N(C)CCN(C)C,C=CC(=O)NC1=CC(NC2=NC=C(C(=O)OC(C)C)C(C3=CNC4=CC=CC=C34)=N2)=C(OC)C=C1N(C)CCN(C)C|C=CC(=O)NC1=CC(O)=C(OC)C=C1N(C)CCN(C)C|C=CC(=O)NC1=CC(NC2=NC=C(C(=O)OC(C)C)C(C3=CN(C)C4=CC=CC=C34)=N2)=C(OC)C=C1N(C)CCNC|C=CC(=O)NC1=CC(NC2=NC=C(C(=O)O)C(C3=CN(C)C4=CC=CC=C34)=N2)=C(OC)C=C1N(C)CCN(C)C|COC1=CC(N(C)CCN(C)C)=C(N)C=C1NC1=NC=C(C(=O)OC(C)C)C(C2=CN(C)C3=CC=CC=C23)=N1|C=CC(=O)NC1=CC(NC2=NC=C(C(=O)OC(C)C)C(C3=CN(C)C4=CC=CC=C34)=N2)=C(OC)C=C1NC|C=CC(=O)NC1=CC(NC2=NC=C(C(=O)OC(C)C)C(C3=CN(C)C4=CC=CC=C34)=N2)=C(OC)C=C1NCCN(C)C|C=CC(=O)NC1=CC(NC2=NC=C(C(=O)OC(C)C)C(C3=CN(C)C4=CC=CC=C34)=N2)=C(OC)C=C1N(C)CC[N+](C)(C)[O-]|C=CC(=O)NC1=CC(NC2=NC=C(C(=O)OC(C)CO)C(C3=CN(C)C4=CC=CC=C34)=N2)=C(OC)C=C1N(C)CCN(C)C|CC(C)OC(=O)C1=CN=C(N)N=C1C1=CN(C)C2=CC=CC=C12|C=CC(=O)NC1=CC(NC2=NC=C(C(=O)OC(C)C)C(C3=CN(C)C4=CC=CC=C34)=N2)=C(O)C=C1N(C)CCN(C)C|C=CC(=O)NC1=CC(NC2=NC=C(C(=O)OC(C)C)C(C3=CN(C)C4=CC=CC=C34)=N2)=C(OC)C=C1N(C)CC=O|C=CC(=O)NC1=CC(NC2=NC=C(C(=O)OC(C)C)C(C3=CN(C)C4=CC=CC=C34)=N2)=C(OC)C=C1O|C=CC(=O)NC1=CC(NC2=NC=C(C(=O)OC(C)C)C(C3=CN(C)C4=CC=CC=C34)=N2)=C(OC)C=C1N(C)CCO|C=CC(=O)NC1=CC(NC2=NC=C(C(=O)OC(C)C)C(C3=CN(C)C4=CC=CC=C34)=N2)=C(OC)C=C1N(C)C(O)CN(C)C|C=CC(=O)NC1=CC(N)=C(OC)C=C1N(C)CCN(C)C|C=CC(=O)NC1=CC(NC2=NC=C(C(=O)OC(C)C)C(C3=CN(C)C4=CC=CC=C34)=N2)=C(OC)C=C1N(CO)CCN(C)C|C=CC(=O)NC1=CC(NC2=NC=C(C(=O)OC(C)C)C(C3=CN(C)C4=CC=CC=C34)=N2)=C(OC)C=C1N(C)CC(O)N(C)C|C=CC(=O)NC1=CC(NC2=NC=C(C(=O)OC(C)C)C(C3=CN=C4C=CC=CC34)=N2)=C(OC)C=C1N(C)CCN(C)C|COC1=CC(N(C)CCN(C)C)=C(NC=O)C=C1NC1=NC=C(C(=O)OC(C)C)C(C2=CN(C)C3=CC=CC=C23)=N1
8,CC1=CC=C([C@@H]2O[C@H](CO)[C@@H](O)[C@H](O)[C@H]2O)C=C1CC1=CC=C(C2=CC=C(F)C=C2)S1,OCC1=CC=C([C@@H]2O[C@H](CO)[C@@H](O)[C@H](O)[C@H]2O)C=C1CC1=CC=C(C2=CC=C(F)C=C2)S1|CC1=CC=C([C@@H]2O[C@H](CO)[C@@H](O)[C@H](O)[C@H]2O)C=C1C(O)C1=CC=C(C2=CC=C(F)C=C2)S1|CC1=C(O)C=C([C@@H]2O[C@H](CO)[C@@H](O)[C@H](O)[C@H]2O)C=C1CC1=CC=C(C2=CC=C(F)C=C2)S1|CC1=CC=CC=C1CC1=CC=C(C2=CC=C(F)C=C2)S1|CC1=CC(O)=C([C@@H]2O[C@H](CO)[C@@H](O)[C@H](O)[C@H]2O)C=C1CC1=CC=C(C2=CC=C(F)C=C2)S1|CC1=CC=C([C@@H]2OC(C=O)[C@@H](O)[C@H](O)[C@H]2O)C=C1CC1=CC=C(C2=CC=C(F)C=C2)S1|CC1=CC=C([C@@H]2O[C@H](CO)[C@@H](O)[C@H](O)[C@H]2O)C=C1CC1=CC=C(C2=CC=C(F)C=C2)S1=O|CC1=CC=C([C@@H]2O[C@H](CO)[C@@H](O)[C@H](O)[C@H]2O)C=C1CC1=C(O)C=C(C2=CC=C(F)C=C2)S1|CC1=CC=C([C@@H]2O[C@H](CO)[C@@H](O)[C@H](O)[C@H]2O)C(O)=C1CC1=CC=C(C2=CC=C(F)C=C2)S1|CC1=CC=C([C@@H]2O[C@H](C(=O)O)[C@@H](O)[C@H](O)[C@H]2O)C=C1CC1=CC=C(C2=CC=C(F)C=C2)S1|CC1=CC=C([C@@H]2O[C@H](C=O)[C@@H](O)[C@H](O)[C@H]2O)C=C1CC1=CC=C(C2=CC=C(F)C=C2)S1|OCC1=CC=C(C2O[C@H](CO)[C@@H](O)[C@H](O)[C@H]2O)C=C1CC1=CC=C(C2=CC=C(F)C=C2)S1|CC1=CC=C([C@@H]2O[C@H](CO)[C@@H](O)[C@H](O)[C@H]2O)C=C1CC1=CC(O)=C(C2=CC=C(F)C=C2)S1|CC1=CC=C([C@@H]2OC(C(=O)O)[C@@H](O)[C@H](O)[C@H]2O)C=C1CC1=CC=C(C2=CC=C(F)C=C2)S1|CC1=C(CC2=CC=C(C3=CC=C(F)C=C3)S2)C=C([C@@H]2O[C@H](CO)[C@@H](O)[C@H](O)[C@H]2O)C2OC12|CC1=CC=C([C@@H]2O[C@H](CO)[C@@H](O)[C@H](OC3OC(C(=O)O)C(O)C(O)C3O)[C@H]2O)C=C1CC1=CC=C(C2=CC=C(F)C=C2)S1|OCC1=CC=C([C@@H]2O[C@H](CO)[C@@H](O)[C@@H](O)[C@H]2O)C=C1CC1=CC=C(C2=CC=C(F)C=C2)S1|OCC1=CC=C([C@@H]2O[C@H](CO)[C@@H](O)[C@H](O)C2O)C=C1CC1=CC=C(C2=CC=C(F)C=C2)S1|OCC1=CC=C(C2OC(CO)C(O)C(O)[C@H]2O)C=C1CC1=CC=C(C2=CC=C(F)C=C2)S1|CC1=C(O)C=C(C2O[C@H](CO)[C@@H](O)[C@H](O)[C@H]2O)C=C1CC1=CC=C(C2=CC=C(F)C=C2)S1
9,COC1CCC(N2/C([C@@]3(C)CCC(=O)N3C3=CC=C(F)C(F)=C3)=N\C3=CC(C4=C(C)ON=C4C)=CC=C23)CC1,CC1=NOC(C)=C1C1=CC=C2C(=C1)N=C([C@@]1(C)CCC(=O)N1C1=CC=C(F)C(F)=C1)N2C1CCC(O)CC1|COC1CCC(N2C([C@@]3(C)CCC(=O)N3C3=CC=C(F)C(F)=C3)=NC3=CC(C4=C(CO)ON=C4C)=CC=C23)CC1|COC1CCC(N2C([C@@]3(C)CCC(=O)N3C3=CC=C(F)C(F)=C3)=NC3=CC(C4=C(C)ON=C4C)=CC=C23)CC1O|COC1CCC(N2C([C@@]3(C)CCC(=O)N3C3=CC=C(F)C(F)=C3)=NC3=CC(C4=C(C)ON=C4CO)=CC=C23)CC1|COC1CCC(N2C([C@@]3(C)CCC(=O)N3C3=CC=C(F)C(F)=C3)=NC3=CC(C4=C(C)ON=C4C)=CC=C23)C(O)C1|COC1CCC(N2C([C@]3(C)C(O)CC(=O)N3C3=CC=C(F)C(F)=C3)=NC3=CC(C4=C(C)ON=C4C)=CC=C23)CC1|COC1CCC(N2C([C@@]3(C)CC(O)C(=O)N3C3=CC=C(F)C(F)=C3)=NC3=CC(C4=C(C)ON=C4C)=CC=C23)CC1|CC1=NOC(C)=C1C1=CC=C2C(=C1)N=C(C1(C)CCC(=O)N1C1=CC=C(F)C(F)=C1)N2C1CCC(O)CC1|CC1=NOC(C)=C1C1=CC=C2NC([C@@]3(C)CCC(=O)N3C3=CC=C(F)C(F)=C3)=NC2=C1|COC1CCC(N2C([C@@]3(C)CCC(=O)N3C3=CC(F)=C(F)C=C3O)=NC3=CC(C4=C(C)ON=C4C)=CC=C23)CC1|COC1CCC(N2C([C@@]3(C)C=CC(=O)N3C3=CC=C(F)C(F)=C3)=NC3=CC(C4=C(C)ON=C4C)=CC=C23)CC1|COC1CCC(N2C([C@@]3(C)CCC(=O)N3)=NC3=CC(C4=C(C)ON=C4C)=CC=C23)CC1|COC1CCC(N2C([C@@]3(C)CCC(=O)N3C3=CC(O)=C(F)C(F)=C3)=NC3=CC(C4=C(C)ON=C4C)=CC=C23)CC1|CC1=NOC(C)=C1C1=CC=C2C(=C1)N=C([C@@]1(C)CCC(=O)N1C1=CC=C(F)C(F)=C1)N2C1CCC(OCO)CC1|COC1CCC(N2C([C@@]3(C)CCC(=O)N3C3=CC=C(F)C(F)=C3)=NC3=CC(C4=C(C)ON=C4C)=CC=C23)[C@H](O)C1|CC1=NOC(C)=C1C1=CC=C2C(=C1)N=C([C@]1(C)CCC(=O)N1C1=CC=C(F)C(F)=C1)N2C1CCC(O)CC1|COC1CCC(N2C([C@@]3(C)CCC(=O)N3C3=CC=C(F)C(F)=C3)=NC3=CC(C4=C(C)ON=C4C)=CC=C23)CC1|COC1=CCC(N2C([C@@]3(C)CCC(=O)N3C3=CC=C(F)C(F)=C3)=NC3=CC(C4=C(C)ON=C4C)=CC=C23)CC1|COC1C=CC(N2C([C@@]3(C)CCC(=O)N3C3=CC=C(F)C(F)=C3)=NC3=CC(C4=C(C)ON=C4C)=CC=C23)CC1|COC1CCC(N2C([C@@]3(C)CCC(=O)N3C3=CC=C(F)C(F)=C3)=NC3=CC(C4=C(C)ON=C4C)=CC=C23)C[C@H]1O
10,O=C(NC1=CC=C(OC(F)(F)F)C=C1)C1=C(NC/C2=C/C=N\C3=CC=CC=C23)C=CS1,NC1=C(C(=O)NC2=CC=C(OC(F)(F)F)C=C2)SC=C1|O=C(NC1=CC=C(O)C=C1)C1=C(NCC2=CC=NC3=CC=CC=C23)C=CS1|O=C(NC1=CC=C(OC(F)(F)F)C=C1)C1=C(NCC2=CC=[N+]([O-])C3=CC=CC=C23)C=CS1|O=C(NC1=CC=C(OC(F)(F)F)C=C1)C1=C(NCC2=CC(O)=NC3=CC=CC=C23)C=CS1|O=C(NC1=CC=C(OC(F)(F)F)C=C1)C1=C(NCC2=CC(=O)NC3=CC=CC=C23)C=CS1|O=C(NC1=CC=C(OC(F)(F)F)C(O)=C1)C1=C(NCC2=CC=NC3=CC=CC=C23)C=CS1|O=C(NC1=CC=C(OC(F)(F)F)C=C1)C1=C(NCC2=CC=NC3=CC=CC=C23)C=C(O)S1|O=C(NC1=CC=C(OC(F)(F)F)C=C1O)C1=C(NCC2=CC=NC3=CC=CC=C23)C=CS1|O=C(NC1=CC=C(OC(F)(F)F)C=C1)C1=C(NCC2=CC=NC3=CC=C(O)C=C23)C=CS1|O=C(NC1=CC=C(OC(F)(F)F)C=C1)C1=C(NCC2=CC=NC3=CC=CC=C23)C(O)=CS1|O=C(NC1=CC=C(OC(F)(F)F)C=C1)C1=C(NCC2=CC=NC3=CC=CC=C23)C=CS1=O|O=C(NC1=CC=C(OC(F)(F)F)C=C1)C1=C(NCC2=C3C=CC=CC3=NC3OC23)C=CS1|O=C(NC1=CC=C(OC(F)(F)F)C=C1)C1=C(NCC2=CC=NC3=CC=CC=C23)C2OC2S1|O=C(O)C1=C(NCC2=CC=NC3=CC=CC=C23)C=CS1|O=C(NC1=CC=C(OC(F)(F)F)C=C1)C1=C(NCC2=C(O)C=NC3=CC=CC=C23)C=CS1|O=C(NC1=CC=C(OC(F)(F)F)C=C1)C1=C(NCC2=CC=NC3=C2C=CC2OC32)C=CS1|O=C(NC1=CC=C(OC(F)(F)F)C=C1)C1=C(NCC2=CC=NC3=CC(O)=CC=C23)C=CS1|O=C(NC1=CC=C(OC(F)(F)F)C=C1)C1=C(NC(O)C2=CC=NC3=CC=CC=C23)C=CS1|O=C1CC(NCC2=CC=NC3=CC=CC=C23)=C(C(=O)NC2=CC=C(OC(F)(F)F)C=C2)S1|O=C(NC1=CC=C(OC(F)(F)F)C=C1)C1=C(NCC2=CC=NC3=CC=CC(O)=C23)C=CS1
11,NC1(C(=O)N[C@@H](CCO)C2=CC=C(Cl)C=C2)CCN(/C2=N/C=N\C3=C2C=CN3)CC1,NC1(C(=O)N[C@@H](CCO)C2=CC=C(Cl)C=C2)CCN(C2=NC=NC3=C2CC(=O)N3)CC1|NC1(C(=O)N[C@@H](CCOC2O[C@H](C(=O)O)[C@@H](O)[C@H](O)[C@H]2O)C2=CC=C(Cl)C=C2)CCN(C2=NC=NC3=C2C=CN3)CC1|NC1(C(=O)N[C@@H](CC=O)C2=CC=C(Cl)C=C2)CCN(C2=NC=NC3=C2C=CN3)CC1|NC1(C(=O)N[C@@H](CCOC2OC(C(=O)O)[C@@H](O)[C@H](O)[C@H]2O)C2=CC=C(Cl)C=C2)CCN(C2=NC=NC3=C2C=CN3)CC1|NC1(C(=O)N[C@@H](CCO)C2=CC=C(Cl)C=C2)CCN(C2=NC=NC3=C2C2OC2N3)CC1|NC1(C(=O)N[C@@H](CCO)C2=CC=C(Cl)C=C2)CCN(C2=NC=NC3=C2C=C(O)N3)CC1|NC1(C(=O)N[C@@H](CCO)C2=CC=C(Cl)C=C2O)CCN(C2=NC=NC3=C2C=CN3)CC1|NC1(C(=O)N[C@@H](CCOS(=O)(=O)O)C2=CC=C(Cl)C=C2)CCN(C2=NC=NC3=C2C=CN3)CC1|CC(=O)NC1(C(=O)N[C@@H](CCO)C2=CC=C(Cl)C=C2)CCN(C2=NC=NC3=C2C=CN3)CC1|NC1(C(=O)N[C@@H](CCO)C2=CC=C(Cl)C=C2)CCN(C2=NC(O)=NC3=C2C=CN3)CC1|NC(=O)C1(N)CCN(C2=NC=NC3=C2C=CN3)CC1|NC1(C(=O)N[C@@H](CCOP(=O)(O)O)C2=CC=C(Cl)C=C2)CCN(C2=NC=NC3=C2C=CN3)CC1|NC1(C(=O)N[C@@H](CCO)C2=CC=C(Cl)C=C2)CCN(C2=NC=NC3=C2C(O)=CN3)CC1|NC1(C(=O)N[C@@H](CCO)C2=CC=C(Cl)C=C2)CCN(C2=NC=NC3=C2C=CN3)C(O)C1|NC1(C(=O)N[C@H](CCO)C2=CC=C(Cl)C=C2)CCN(C2=NC=NC3=C2CC(=O)N3)CC1|NC1(C(=O)N[C@@H](CCO)C2=CC=C(Cl)C=C2)CCN(C2=NC=NC3=C2C=CN3C2OC(C(=O)O)[C@@H](O)[C@H](O)[C@H]2O)CC1|NC1(C(=O)N[C@@H](CCO)C2=CC=C(Cl)C=C2)CCN(C2=NC=NC3=C2C=CN3C2O[C@H](C(=O)O)[C@@H](O)[C@H](O)[C@H]2O)CC1|NC1(C(=O)N[C@@H](C2=CC=C(Cl)C=C2)C(O)CO)CCN(C2=NC=NC3=C2C=CN3)CC1|NC1(C(=O)NC(CCO)C2=CC=C(Cl)C=C2)CCN(C2=NC=NC3=C2CC(=O)N3)CC1|NC1(C(=O)N[C@@H](CCO)C2=CC=C(Cl)C=C2)CCN(C2=NC=NC3=C2C=CN3)CC1O
12,[CH3]COC1=CC=C(NC(=S)N(CCO)C/C2=C/C3=CC([CH3])=CC([CH3])=C3NC2=O)C=C1,CC1=CC(C)=C2NC(=O)C(CN(CCO)C(=S)NC3=CC=C(O)C=C3)=CC2=C1|CCOC1=CC=C(NC(=S)NCC2=CC3=CC(C)=CC(C)=C3NC2=O)C=C1|CCOC1=CC=C(NC(=S)N(CCO)CC2=CC3=CC(CO)=CC(C)=C3NC2=O)C=C1|CCOC1=CC=C(NC(=O)N(CCO)CC2=CC3=CC(C)=CC(C)=C3NC2=O)C=C1|CCOC1=CC=C(NC(=S)N(CC=O)CC2=CC3=CC(C)=CC(C)=C3NC2=O)C=C1|CCOC1=CC=C(/N=C(/SO)N(CCO)CC2=CC3=CC(C)=CC(C)=C3NC2=O)C=C1|CCOC1=CC=C(NC(=S)N(CCOC2O[C@H](C(=O)O)[C@@H](O)[C@H](O)[C@H]2O)CC2=CC3=CC(C)=CC(C)=C3NC2=O)C=C1|CCOC1=CC=C(NC(=S)N(CCO)CC2=CC3=CC(C)=CC(C)=C3NC2=O)C=C1O|CCOC1=CC=C(NC(=S)NCCO)C=C1|CC1=CC(C)=C2NC(=O)C(CNCCO)=CC2=C1|CCOC1=CC=C(NC(=S)N(CCO)CC2=CC3=CC(C)=CC(CO)=C3NC2=O)C=C1|CCOC1=CC=C(NC(=S)N(CCO)CC2=CC3=CC(C)=CC(C)=C3NC2=O)C(O)=C1|CCOC1=CC=C(NC(=S)N(CCOS(=O)(=O)O)CC2=CC3=CC(C)=CC(C)=C3NC2=O)C=C1|CCOC1=CC=C(/N=C(\SO)N(CCO)CC2=CC3=CC(C)=CC(C)=C3NC2=O)C=C1|CCOC1=CC=C(NC(S)=NCC2=CC3=CC(C)=CC(C)=C3NC2=O)C=C1|CCOC1=CC=C(NC(=S)N(CCO)CC2=CC3=CC(C)=CC(C)=C3N=C2OC2O[C@H](C(=O)O)[C@@H](O)[C@H](O)[C@H]2O)C=C1|CC1=CC(C)=C2NC(=O)C(CN(CCO)C(=O)S)=CC2=C1|CC1=CC(C)=C2NC(=O)C(CN(CCO)C(=S)NC3=CC=C(OCCO)C=C3)=CC2=C1|CCOC1=CC=C(N=C(SO)N(CCO)CC2=CC3=CC(C)=CC(C)=C3NC2=O)C=C1|CCOC1=CC=C(NC(=S)N(CCO)CC2=CC3=CC(C)=C(O)C(C)=C3NC2=O)C=C1
13,COC1=C\C=C2\C(OC3=CC=C(C4(C(=O)NO)CCOCC4)C=C3)=CC=N\C2=N\1,COC1=CC=C2C(OC3=CC=C(C4(C(N)=O)CCOCC4)C=C3)=CC=NC2=N1|O=C(NO)C1(C2=CC=C(OC3=CC=NC4=NC(O)=CC=C34)C=C2)CCOCC1|COC1=CC=C2C(OC3=CC=C(C4(C(=O)O)CCOCC4)C=C3)=CC=NC2=N1|COC1=CC=C2C(OC3=CC=C(C4(C(=O)N=O)CCOCC4)C=C3)=CC=NC2=N1|COC1=CC=C2C(OC3=CC=C(C(CC=O)(CCO)C(=O)NO)C=C3)=CC=NC2=N1|COC1=CC=C2C(OC3=CC=C(C4(C(=O)NO)CCOCC4O)C=C3)=CC=NC2=N1|COC1=CC=C2C(OC3=CC=C(C4(C(=O)NO)CCOCC4)C=C3)=CC=[N+]([O-])C2=N1|COC1=CC=C2C(OC3=CC=C(C4(C(=O)NOC5OC(C(=O)O)C(O)C(O)C5O)CCOCC4)C=C3)=CC=NC2=N1|COC1=NC2=NC=CC(OC3=CC=C(C4(C(=O)NO)CCOCC4)C=C3)=C2C=C1O|COC1=CC=C2C(OC3=CC=C(C4(C(=O)NO)CCOCC4)C=C3)=CC(O)=NC2=N1|CO|COC1=CC=C2C(OC3=CC=C(C(CCOCC=O)C(=O)NO)C=C3)=CC=NC2=N1|COC1=CC=C2C(OC3=CC=C(C4(C(=O)NO)CCOCC4)C=C3)=CC=NC2=[N+]1[O-]|COC1=CC=C2C(OC3=CC=C(C4(C(=O)NO)CCOC(O)C4)C=C3)=CC=NC2=N1|COC1=CC=C2C(OC3=CC=C(C4(C(=O)NO)CCOCC4)C=C3O)=CC=NC2=N1|COC1=CC=C2C(OC3=CC=C(C4(C(N)=O)CCOCC4O)C=C3)=CC=NC2=N1|COC1=CC=C2C(OC3=CC=C(C4(C(=O)NOC(C)=O)CCOCC4)C=C3)=CC=NC2=N1|COC1=CC=C2C(OC3=CC=C(C4(C(=O)NO)CCOCC4)C=C3)=C(O)C=NC2=N1|COC1=CC=C2C(OC3=CC=C(C4(CNO)CCOCC4)C=C3)=CC=NC2=N1|COC1=CC=C2C(OC3=CC=C(C4(C(=O)NO)C=COCC4)C=C3)=CC=NC2=N1
14,C/C=C/C#CC#CC(O)C(/C=C/CCCO)OC1OC(COC2OC(CO)C(O)C(O)C2O)C(O)C(O)C1O,C/C=C/C#CC#CC(O)C(/C=C/CCCO)OC1OC(CO)C(O)C(O)C1O|C/C=C/C#CC#CC(O)C(CC(=O)N[C@@H](CSC=CC(N)C(=O)O)C(=O)NCC(=O)O)OC1OC(COC2OC(CO)C(O)C(O)C2O)C(O)C(O)C1O|C/C=C/C#CC#CC(O)C(/C=C/CCC=O)OC1OC(COC2OC(CO)C(O)C(O)C2O)C(O)C(O)C1O|C/C=C/C#CC#CC(O)C(CCCCCO)OC1OC(COC2OC(CO)C(O)C(O)C2O)C(O)C(O)C1O|OCC1OC(OCC2OC(O)C(O)C(O)C2O)C(O)C(O)C1O|C/C=C\C#CC#CC(O)C(CC(=O)N[C@@H](CSC=CC(N)C(=O)O)C(=O)NCC(=O)O)OC1OC(COC2OC(CO)C(O)C(O)C2O)C(O)C(O)C1O|OC[C@H]1O[C@H](OC[C@H]2O[C@H](O)[C@@H](O)[C@@H](O)[C@@H]2O)[C@H](O)[C@@H](O)[C@@H]1O|C/C=C/C#CC#CC(O)C(/C=C/CCC=O)OC1OC(COC2O[C@H](CO)[C@@H](O)[C@H](O)[C@@H]2O)C(O)C(O)C1O|C/C=C/C#CC#CC(O)C(CSC[C@H](NC(C)=O)C(=O)NCC(=O)O)OC1OC(COC2OC(CO)C(O)C(O)C2O)C(O)C(O)C1O|C/C=C/C#CC#CC(O)C(=CSC[C@H](NC(=O)CCC(N)C(=O)O)C(=O)NCC(=O)O)OC1OC(COC2OC(CO)C(O)C(O)C2O)C(O)C(O)C1O|C/C=C/C#CC#CC(O)C(O)/C=C/CCCO|CCCC#CC#CC(O)C(/C=C/CCCO)OC1OC(COC2OC(CO)C(O)C(O)C2O)C(O)C(O)C1O|C/C=C/C#CC#CC(O)C(CCCCCO)OC1OC(COC2O[C@H](CO)[C@@H](O)[C@H](O)[C@H]2O)C(O)C(O)C1O|OC[C@H]1O[C@@H](OC[C@H]2O[C@H](O)[C@@H](O)[C@@H](O)[C@@H]2O)[C@@H](O)[C@@H](O)[C@@H]1O|C/C=C/C#CC#CC(O)C(/C=C/CCC=O)OC1OC(COC2O[C@H](CO)[C@@H](O)[C@H](O)[C@H]2O)C(O)C(O)C1O|C/C=C/C#CC#CC(OC1O[C@H](C(=O)O)[C@@H](O)[C@H](O)[C@H]1O)C(/C=C/CCCO)OC1OC(COC2OC(CO)C(O)C(O)C2O)C(O)C(O)C1O|OC[C@H]1O[C@H](OC[C@H]2O[C@H](O)[C@@H](O)[C@@H](O)[C@@H]2O)[C@@H](O)[C@@H](O)[C@@H]1O|C/C=C/C#CC#C[C@H](O)C(/C=C/CCC=O)O[C@H]1O[C@H](CO[C@H]2O[C@H](CO)[C@@H](O)[C@H](O)[C@@H]2O)[C@@H](O)[C@H](O)[C@@H]1O|C/C=C/C#CC#CC(O)COC1OC(COC2OC(CO)C(O)C(O)C2O)C(O)C(O)C1O|C/C=C/C#CC#CC(O)C(CSC[C@H](NC(C)=O)C(=O)O)O[C@H]1O[C@@H](CO[C@H]2O[C@H](CO)[C@@H](O)[C@@H](O)[C@H]2O)[C@H](O)[C@H](O)[C@H]1O
15,CC1=NC=C(S(N2CCC(C3=C/N4N=CN=C4/C=C\3Cl)CC2)(=O)=O)S1,O=S(=O)(C1=CN=C(CO)S1)N1CCC(C2=CN3N=CN=C3C=C2Cl)CC1|CC1=NC=C(S(=O)(=O)N2CCC(C3=CN4N=C(O)N=C4C=C3Cl)CC2)S1|CC1=NC=C(S(=O)(=O)NCCC(CC=O)C2=CN3N=CN=C3C=C2Cl)S1|CC1=NC=C(S(=O)(=O)N2CCC(C3=CN4N=CN=C4C=C3Cl)CC2O)S1|CC1=[N+]([O-])C=C(S(=O)(=O)N2CCC(C3=CN4N=CN=C4C=C3Cl)CC2)S1|CC1=NC=C(S(=O)(=O)N2CCC(C3=CN4N=CN=C4C=C3Cl)C(O)C2)S1|CC1=NC=C(S(=O)(=O)N2CCC(C3=CN4NC(=O)N=C4C=C3Cl)CC2)S1|ClC1=CC2=NC=NN2C=C1C1CCNCC1|CC1=NC=C(S(=O)(=O)N2CCC(C3=CN4N=CN=C4C=C3Cl)CC2)S1|CC1=NC=C(S(=O)(=O)N2CCC(C3=CN4N=CN=C4C(O)=C3Cl)CC2)S1|CC1=NC(O)=C(S(=O)(=O)N2CCC(C3=CN4N=CN=C4C=C3Cl)CC2)S1|CC(=O)NC=C(S)S(=O)(=O)N1CCC(C2=CN3N=CN=C3C=C2Cl)CC1|CC1=NC=C(S(=O)(=O)N2CCC(O)(C3=CN4N=CN=C4C=C3Cl)CC2)S1|CC1=NC=C(S(=O)(=O)N(CC=O)CCCC2=CN3N=CN=C3C=C2Cl)S1|CC1=NC=C(S(=O)(=O)N2CCC(C3=CN4C(=NC=[N+]4[O-])C=C3Cl)CC2)S1|CC1=NC(=O)C(S(=O)(=O)N2CCC(C3=CN4N=CN=C4C=C3Cl)CC2)S1|CC1=NC=C(S(=O)(=O)[N+]2([O-])CCC(C3=CN4N=CN=C4C=C3Cl)CC2)S1|CC1=NC=C(S(=O)(=O)N2CCC(C3=CN4N=C[N+]([O-])=C4C=C3Cl)CC2)S1|CC1=NC=C(S(=O)(=O)N2CCC(C3=CN4N=CN=C4C=C3Cl)CC2)S1=O|CC1=NC=C(S(=O)(=O)N2CCC(C3C(=O)N4N=CN=C4C=C3Cl)CC2)S1
16,COC1=CC=C(CCCCOC2OC(CO)[C@@H](O)[C@H](O)[C@H]2O)C=C1,OCC1OC(OCCCCC2=CC=C(O)C=C2)[C@H](O)[C@@H](O)[C@@H]1O|COC1=CC=C(CCCCOC2OC(COP(=O)(O)O)[C@@H](O)[C@H](O)[C@H]2O)C=C1|COC1=CC=C(CCCCO)C=C1|COC1=CC=C(C(O)CCCOC2OC(CO)[C@@H](O)[C@H](O)[C@H]2O)C=C1|COC1=CC=C(CCCCOC2OC(CO)[C@@H](O)[C@H](O)[C@H]2O)C=C1O|OC[C@H]1O[C@@H](OCCCCC2=CC=C(O)C=C2)[C@H](O)[C@@H](O)[C@@H]1O|COC1=CC=C(CCCCO[C@@H]2O[C@H](COP(=O)(O)O)[C@@H](O)[C@H](O)[C@H]2O)C=C1|COC1=CC=C(CCCCOC2OC(CO)[C@@H](O)[C@H](O)[C@H]2O)C(O)=C1|OC[C@H]1O[C@H](OCCCCC2=CC=C(O)C=C2)[C@H](O)[C@@H](O)[C@@H]1O|OC[C@H]1OC(OCCCCC2=CC=C(O)C=C2)[C@H](O)[C@@H](O)[C@@H]1O|COC1=CC=C(CCCCOC2OC(C=O)[C@@H](O)[C@H](O)[C@H]2O)C=C1|OC[C@@H]1O[C@@H](OCCCCC2=CC=C(O)C=C2)[C@H](O)[C@@H](O)[C@@H]1O|COC1=CC=C(CCCC=O)C=C1|COC1=CC=C(CCCCOC2O[C@H](COP(=O)(O)O)[C@@H](O)[C@H](O)[C@H]2O)C=C1|COC1=CC=C(CCCCOC2O[C@@H](COP(=O)(O)O)[C@@H](O)[C@H](O)[C@H]2O)C=C1|COC1=CC=C(CCCCOC2OC(COS(=O)(=O)O)[C@@H](O)[C@H](O)[C@H]2O)C=C1|OCC1OC(OCCCCC2=CC=C(O)C=C2)[C@@H](O)[C@@H](O)[C@@H]1O|OC[C@@H]1OC(OCCCCC2=CC=C(O)C=C2)[C@H](O)[C@@H](O)[C@@H]1O|OC[C@@H]1O[C@H](OCCCCC2=CC=C(O)C=C2)[C@H](O)[C@@H](O)[C@@H]1O|COC1=CC=C(CCCCO[C@@H]2O[C@@H](COP(=O)(O)O)[C@@H](O)[C@H](O)[C@H]2O)C=C1
17,O=C(O)C1OC(OC2=C/C3=C(C(=O)C=C(C4=CC=C(O)C=C4)O3)/C(O)=C\2O)C(O)C(O)C1O,O=C1C=C(C2=CC=C(O)C=C2)OC2=CC(O)=C(O)C(O)=C12|O=C(O)[C@H]1O[C@H](OC2=CC3=C(C(=O)C=C(C4=CC=C(OS(=O)(=O)O)C=C4)O3)C(O)=C2O)[C@H](O)[C@H](O)[C@H]1O|O=C(O)[C@H]1O[C@@H](OC2=CC3=C(C(=O)C=C(C4=CC=C(OS(=O)(=O)O)C=C4)O3)C(O)=C2O)[C@H](O)[C@@H](O)[C@@H]1O|O=C(O)[C@H]1OC(OC2=C(O)C(O[C@@H]3O[C@H](C(=O)O)[C@@H](O)[C@H](O)[C@H]3O)=CC3=C2C(=O)C=C(C2=CC=C(O)C=C2)O3)[C@H](O)[C@@H](O)[C@@H]1O|COC1=C(O[C@@H]2O[C@H](C(=O)O)[C@H](O)[C@H](O)[C@H]2O)C=C2OC(C3=CC=C(O)C=C3)=CC(=O)C2=C1O|COC1=C(O)C(O[C@H]2O[C@H](C(=O)O)[C@@H](O)[C@@H](O)[C@H]2O)=CC2=C1C(=O)C=C(C1=CC=C(O)C=C1)O2|O=C(O)[C@H]1OC(OC2=CC=C(C3=CC(=O)C4=C(O)C(O)=C(O[C@@H]5O[C@@H](C(=O)O)C(O)[C@@H](O)[C@H]5O)C=C4O3)C=C2)[C@H](O)[C@@H](O)[C@@H]1O|O=C(O)C1O[C@H](OC2=CC3=C(C(=O)C=C(C4=CC=C(OS(=O)(=O)O)C=C4)O3)C(O)=C2O)[C@H](O)[C@H](O)[C@H]1O|O=C(O)[C@H]1O[C@H](OC2=CC3=C(C(=O)C=C(C4=CC=C(OS(=O)(=O)O)C=C4)O3)C(O)=C2O)[C@H](O)[C@H](O)[C@@H]1O|O=C(O)[C@H]1O[C@@H](OC2=CC3=C(C(=O)C=C(C4=CC=C(O)C=C4)O3)C(O)=C2OS(=O)(=O)O)[C@H](O)[C@@H](O)[C@@H]1O|O=C(O)[C@H]1O[C@@H](OC2=CC3=C(C(=O)C=C(C4=CC=C(O)C=C4)O3)C(O)=C2O)[C@H](OC2O[C@H](CO)[C@@H](O)[C@H](O)[C@H]2O)[C@H](O)[C@@H]1O|COC1=C(O)C(O[C@@H]2O[C@H](C(=O)O)[C@H](O)[C@H](O)[C@H]2O)=CC2=C1C(=O)C=C(C1=CC=C(O)C=C1)O2|COC1=C(O)C(O[C@H]2O[C@H](C(=O)O)[C@@H](O)[C@H](O)[C@H]2O)=CC2=C1C(=O)C=C(C1=CC=C(O)C=C1)O2|O=C(O)[C@H]1OC(OC2=C(O)C(O[C@@H]3O[C@@H](C(=O)O)[C@H](O)[C@@H](O)[C@H]3O)=CC3=C2C(=O)C=C(C2=CC=C(O)C=C2)O3)[C@H](O)[C@@H](O)[C@@H]1O|O=C(O)[C@H]1OC(OC2=CC3=C(C(=O)C=C(C4=CC=C(OS(=O)(=O)O)C=C4)O3)C(O)=C2O)[C@H](O)[C@H](O)[C@H]1O|O=C(O)[C@H]1O[C@@H](OC2=CC3=C(C(=O)C=C(C4=CC=C(O)C=C4)O3)C(O)=C2O)[C@H](OC2O[C@H](CO)[C@@H](O)[C@H](O)[C@H]2O)[C@@H](O)[C@@H]1O|O=C(O)[C@H]1OC(OC2=C(O)C3=C(C=C2O[C@@H]2O[C@H](C(=O)O)[C@@H](O)[C@H](O)[C@H]2O)OC(C2=CC=C(O)C=C2)=CC3=O)[C@H](O)[C@@H](O)[C@@H]1O|COC1=C(O[C@H]2O[C@H](C(=O)O)[C@@H](O)[C@@H](O)[C@H]2O)C=C2OC(C3=CC=C(O)C=C3)=CC(=O)C2=C1O|O=C(O)[C@H]1OC(OC2=C(O)C(O[C@@H]3O[C@@H](C(=O)O)C(O)[C@@H](O)[C@H]3O)=CC3=C2C(=O)C=C(C2=CC=C(O)C=C2)O3)[C@H](O)[C@@H](O)[C@@H]1O|O=C(O)[C@H]1O[C@@H](OC2=CC3=C(C(O)=C2O)C(O)C=C(C2=CC=C(O)C=C2)O3)[C@H](O)[C@@H](O)[C@@H]1O
18,O=C(NCCCOC1=CC=CC([C@](C2=CC=CC=C2)(O)C(O[C@H]3CN(C)CCC3)=O)=C1)C4=CC=C(CNC[C@@H](C5=C(C=CC(N6)=O)C6=C(O)C=C5)O)C=C4,O=C(NCCCOC1=CC=CC([C@](O)(C(=O)O)C2=CC=CC=C2)=C1)C1=CC=C(CNC[C@H](O)C2=CC=C(O)C3=C2C=CC(=O)N3)C=C1|CN1CCC[C@@H](OC(=O)[C@](O)(C2=CC=CC=C2)C2=CC=CC(OCCCNC(=O)C3=CC=C(CN)C=C3)=C2)C1|O=C(NCCCOC1=CC=CC([C@](O)(C(=O)O[C@@H]2CCCNC2)C2=CC=CC=C2)=C1)C1=CC=C(CNC[C@H](O)C2=CC=C(O)C3=C2C=CC(=O)N3)C=C1|CN1CCC[C@@H](OC(=O)[C@](O)(C2=CC=CC=C2)C2=CC=CC(OCCC=O)=C2)C1|CN1CCC[C@@H](OC(=O)[C@](O)(C2=CC=CC=C2)C2=CC=CC(OCCCNC(=O)C3=CC=C(CO)C=C3)=C2)C1|CN1CCC[C@@H](OC(=O)[C@](O)(C2=CC=CC=C2)C2=CC=CC(OCCCNC(=O)C3=CC=C(C=O)C=C3)=C2)C1|O=CCCNC(=O)C1=CC=C(CNC[C@H](O)C2=CC=C(O)C3=C2C=CC(=O)N3)C=C1|NC(=O)C1=CC=C(CNC[C@H](O)C2=CC=C(O)C3=C2C=CC(=O)N3)C=C1|CN1CCC[C@@H](OC(=O)[C@](O)(C2=CC=CC=C2)C2=CC=CC(O)=C2)C1|CN1CCC[C@@H](OC(=O)[C@](O)(C2=CC=CC=C2)C2=CC=CC(OCCCNC(=O)C3=CC=C(CNCCC4=CC=C(O)C5=C4C=CC(=O)N5)C=C3)=C2)C1|CN1CCC[C@@H](OC(=O)[C@](O)(C2=CC=CC=C2)C2=CC=CC(OCCCNC(=O)C3=CC=C(CNCC(=O)C4=CC=C(O)C5=C4C=CC(=O)N5)C=C3)=C2)C1|NC[C@H](O)C1=CC=C(O)C2=C1C=CC(=O)N2|O=C(NCCCOC1=CC=CC([C@](O)(C(=O)O[C@H]2CCCNC2)C2=CC=CC=C2)=C1)C1=CC=C(CNC[C@H](O)C2=CC=C(O)C3=C2C=CC(=O)N3)C=C1|O=C(NCCCOC1=CC=CC(C(O)(C(=O)O)C2=CC=CC=C2)=C1)C1=CC=C(CNC[C@H](O)C2=CC=C(O)C3=C2C=CC(=O)N3)C=C1|C[N+]1([O-])CCC[C@@H](OC(=O)[C@](O)(C2=CC=CC=C2)C2=CC=CC(OCCCNC(=O)C3=CC=C(CNC[C@H](O)C4=CC=C(O)C5=C4C=CC(=O)N5)C=C3)=C2)C1|CN1CCC[C@@H](OC(=O)[C@](O)(C2=CC=CC=C2)C2=CC=CC(OCCCNC(=O)C3=CC=C(CNC[C@H](O)C4=C5C=CC(=O)N=C5C(=O)C=C4)C=C3)=C2)C1|O=C(NCCCOC1=CC=CC(C(O)(C(=O)O)C2=CC=CC=C2)=C1)C1=CC=C(CNCC(O)C2=CC=C(O)C3=C2C=CC(=O)N3)C=C1|O=C(NCCCOC1=CC=CC([C@](O)(C(=O)O[C@@H]2CCCN(CO)C2)C2=CC=CC=C2)=C1)C1=CC=C(CNC[C@H](O)C2=CC=C(O)C3=C2C=CC(=O)N3)C=C1|CNC[C@@H](CCC=O)OC(=O)[C@](O)(C1=CC=CC=C1)C1=CC=CC(OCCCNC(=O)C2=CC=C(CNC[C@H](O)C3=CC=C(O)C4=C3C=CC(=O)N4)C=C2)=C1|NC(=O)C1=CC=C(CNCC(O)C2=CC=C(O)C3=C2C=CC(=O)N3)C=C1
19,CC[C@H](C)C(=O)N1CCC(NC(=O)NC2=CC=C(OC(F)(F)F)C(F)=C2)CC1,C[C@@H](CCO)C(=O)N1CCC(NC(=O)NC2=CC=C(OC(F)(F)F)C(F)=C2)CC1|CC[C@H](C)C(=O)N1CCC(NC(=O)NC2=CC=C(O)C(F)=C2)CC1|CC[C@H](C)C(=O)N1CCC(NC(=O)NC2=CC=C(OC(F)(F)F)C(F)=C2)CC1O|CC[C@H](C)C(=O)N1CCC(NC(=O)NC2=CC=C(OC(F)(F)F)C(O)=C2)CC1|C[C@H](O)[C@H](C)C(=O)N1CCC(NC(=O)NC2=CC=C(OC(F)(F)F)C(F)=C2)CC1|CC[C@H](C)C(=O)N1CCC(NC(=O)NC2=CC(F)=C(OC(F)(F)F)C=C2O)CC1|C[C@H](C(=O)N1CCC(NC(=O)NC2=CC=C(OC(F)(F)F)C(F)=C2)CC1)[C@@H](C)O|CC[C@H](C)C(O)N1CCC(NC(=O)NC2=CC=C(OC(F)(F)F)C(F)=C2)CC1|CC[C@H](C)C(=O)N1CCC(NC(=O)NC2=CC(O)=C(OC(F)(F)F)C(F)=C2)CC1|CC[C@@H](CO)C(=O)N1CCC(NC(=O)NC2=CC=C(OC(F)(F)F)C(F)=C2)CC1|CC(O)[C@H](C)C(=O)N1CCC(NC(=O)NC2=CC=C(OC(F)(F)F)C(F)=C2)CC1|CC[C@H](C)C(=O)N1CCC(NC(=O)NC2=CC=C(OC(F)(F)F)C(F)=C2O)CC1|O=C(NC1=CC=C(OC(F)(F)F)C(F)=C1)NC1CCNCC1|NC1=CC=C(OC(F)(F)F)C(F)=C1|CC(O)C(C)C(=O)N1CCC(NC(=O)NC2=CC=C(OC(F)(F)F)C(F)=C2)CC1|CC[C@H](C)C(=O)N1CCC(NC(=O)NC2=CC=C(OC(F)(F)F)C(F)=C2)C(O)C1|CC[C@H](C)C(=O)N1CCC(NC(=O)NC2=CC=C(OC(F)(F)F)C(F)=C2)C[C@@H]1O|CC[C@H](C)C(=O)N1CCC(NC(=O)NC2=CC(F)=C(OC(F)(F)F)C3OC23)CC1|C=C(CC)C(=O)N1CCC(NC(=O)NC2=CC=C(OC(F)(F)F)C(F)=C2)CC1|CC[C@H](C)C(=O)N1CCC(NC(=O)NC2=CC3(F)OC3(OC(F)(F)F)C=C2)CC1
20,C(=O)([C@H](CCCNC(=N)N)NC(=O)[C@@H]1CCCN1C(=O)[C@H](CCCNC(=N)N)NC(=O)[C@](C)(CC1=CC=CC=C1)NC(=O)[C@H](C/C1=C/NC2=CC=CC=C12)N(C)C(=O)CC1=CC=CS1)N,C[C@@](CC1=CC=CC=C1)(NC(=O)[C@H](CC1=CNC2=CC=CC=C12)NC(=O)CC1=CC=CS1)C(=O)N[C@@H](CCCNC(=N)N)C(=O)N1CCC[C@H]1C(=O)N[C@@H](CCCNC(=N)N)C(N)=O|CN(C(=O)CC1=CC=CS1)[C@@H](CC1=CNC2=CC=CC=C12)C(=O)N[C@@](C)(CC1=CC=CC=C1)C(=O)N[C@@H](CCCNC(=N)N)C(=O)N1CCC[C@H]1C(=O)O|CN(C(=O)CC1=CC=CS1)[C@@H](CC1=CNC2=CC=C(O)C=C12)C(=O)N[C@@](C)(CC1=CC=CC=C1)C(=O)N[C@@H](CCCNC(=N)N)C(=O)N1CCC[C@H]1C(=O)N[C@@H](CCCNC(=N)N)C(N)=O|CN[C@@H](CC1=CNC2=CC=CC=C12)C(=O)N[C@@](C)(CC1=CC=CC=C1)C(=O)N[C@@H](CCCNC(=N)N)C(=O)N1CCC[C@H]1C(=O)N[C@@H](CCCNC(=N)N)C(N)=O|CN(C(=O)CC1=CC=CS1)[C@@H](CC1=CNC2=CC=CC=C12)C(=O)N[C@@](C)(CC1=CC=CC=C1)C(=O)N[C@@H](CCCNC(=N)N)C(=O)N1CCC[C@H]1C(N)=O|CN(C(=O)CC1=CC=CS1)[C@@H](CC1=CNC2=CC=CC=C12)C(=O)N[C@@](C)(CC1=CC=CC=C1)C(=O)N[C@@H](CCCNC(=N)N)C(=O)N1CCC[C@H]1C(=O)N[C@@H](CCCNC(=N)N)C(=O)O|C[C@](N)(CC1=CC=CC=C1)C(=O)N[C@@H](CCCNC(=N)N)C(=O)N1CCC[C@H]1C(=O)N[C@@H](CCCNC(=N)N)C(N)=O|CN(C(=O)CC1=CC=CS1)[C@@H](CC1=CNC2=CC=CC=C12)C(=O)N[C@@](C)(CC1=CC=CC=C1)C(=O)O|CN(C(=O)CC1=CC=CS1=O)[C@@H](CC1=CNC2=CC=CC=C12)C(=O)N[C@@](C)(CC1=CC=CC=C1)C(=O)N[C@@H](CCCNC(=N)N)C(=O)N1CCC[C@H]1C(=O)N[C@@H](CCCNC(=N)N)C(N)=O|CN(C(=O)CC1=CC=CS1)[C@@H](CC1=CNC2=CC=CC=C12)C(=O)N[C@@](C)(CC1=CC=CC=C1)C(=O)N[C@@H](CCCNC(N)=O)C(=O)N1CCC[C@H]1C(=O)N[C@@H](CCCNC(=N)N)C(N)=O|CN(C(=O)CC1=CC=CS1)[C@@H](CC1=CNC2=CC=CC=C12)C(=O)N[C@@](C)(CC1=CC=CC=C1)C(=O)N[C@@H](CCCNC(=N)N)C(=O)N1C(O)CC[C@H]1C(=O)N[C@@H](CCCNC(=N)N)C(N)=O|CN(C(=O)CC1=CC=CS1)[C@@H](CC1=CNC2=CC=CC=C12)C(=O)N[C@@H](CC1=CC=CC=C1)C(=O)N[C@@H](CCCNC(=N)N)C(=O)N1CCC[C@H]1C(=O)N[C@@H](CCCNC(=N)N)C(N)=O|CN(C(=O)CC1=CC=CS1)[C@@H](CC1=CNC2=CC=CC=C12)C(=O)N[C@@](C)(CC1=CC=CC=C1)C(=O)N[C@@H](CCCNC(=N)N)C(=O)N1CCC[C@H]1C(=O)N[C@@H](CCCNC(=N)N)C(N)=O|CN(CCC1=CC=CS1)[C@@H](CC1=CNC2=CC=CC=C12)C(=O)N[C@@](C)(CC1=CC=CC=C1)C(=O)N[C@@H](CCCNC(=N)N)C(=O)N1CCC[C@H]1C(=O)N[C@@H](CCCNC(=N)N)C(N)=O|CN(C(=O)CC1=CC=CS1)[C@@H](CC1=CNC2=CC=CC=C12)C(=O)N[C@@](C)(CC1=CC=CC=C1)C(=O)N[C@@H](CCCNC(=N)N)C(=O)O|CN(C(=O)CC1=CC=CS1)[C@@H](CC1=CNC2=CC=CC=C12)C(=O)N[C@@](C)(CC1=CC=CC=C1)C(N)=O|CN(C(=O)CC1=CC=CS1)[C@@H](CC1=CNC2=CC=CC=C12)C(=O)N[C@@](C)(CC1=CC=CC=C1)C(=O)N[C@@H](CCC=O)C(=O)N1CCC[C@H]1C(=O)N[C@@H](CCCNC(=N)N)C(N)=O|C[C@H](NC(=O)[C@H](CC1=CNC2=CC=CC=C12)N(C)C(=O)CC1=CC=CS1)C(=O)N[C@@H](CCCNC(=N)N)C(=O)N1CCC[C@H]1C(=O)N[C@@H](CCCNC(=N)N)C(N)=O|CN(C(=O)CC1=CC=C[S+]1O)[C@@H](CC1=CNC2=CC=CC=C12)C(=O)N[C@@](C)(CC1=CC=CC=C1)C(=O)N[C@@H](CCCNC(=N)N)C(=O)N1CCC[C@H]1C(=O)N[C@@H](CCCNC(=N)N)C(N)=O|CN(CC(=O)N[C@@](C)(CC1=CC=CC=C1)C(=O)N[C@@H](CCCNC(=N)N)C(=O)N1CCC[C@H]1C(=O)N[C@@H](CCCNC(=N)N)C(N)=O)C(=O)CC1=CC=CS1
21,CN1CC(C(=O)N(CC)CC)/C=C2/C3=CC=CC4=C3C(=CN4C(=O)C3CC3)CC12,CCNC(=O)C1C=C2C3=CC=CC4=C3C(=CN4C(=O)C3CC3)CC2N(C)C1|CCN(CC)C(=O)C1C=C2C3=CC=CC4=C3C(=CN4C(=O)C3CC3)CC2NC1|CCN(CC)C(=O)C1C=C2C3=CC=CC4=C3C(=CN4)CC2N(C)C1|CCN(CCO)C(=O)C1C=C2C3=CC=CC4=C3C(=CN4C(=O)C3CC3)CC2N(C)C1|CCN(CC)C(=O)C1C=C2C3=C(O)C=CC4=C3C(=CN4C(=O)C3CC3)CC2N(C)C1|CCN(CC)C(=O)C1C=C2C3=CC=CC4=C3C(=CN4C(=O)C3CC3)C(O)C2N(C)C1|CCN(CC)C(=O)C1C=C2C3=CC=CC4=C3C(=CN4C(=O)C3CC3)CC2[N+](C)([O-])C1|CCN(CC)C(=O)C1C=C2C3=CC=CC4=C3C(=CN4C(=O)C3CC3)CC2N(C)C1O|CCN(CC)C(=O)C1C=C2C3=CC=CC4=C3C(=CN4C(O)C3CC3)CC2N(C)C1|CCN(CC)CC1C=C2C3=CC=CC4=C3C(=CN4C(=O)C3CC3)CC2N(C)C1|CCN(CC)C(=O)C1C=C2C3=CC(O)=CC4=C3C(=CN4C(=O)C3CC3)CC2N(C)C1|CCN(C(=O)C1C=C2C3=CC=CC4=C3C(=CN4C(=O)C3CC3)CC2N(C)C1)C(C)O|CCN(C)C(=O)C1C=C2C3=CC=CC4=C3C(=CN4C(=O)C3CC3)CC2N(C)C1|CN1CC(C(=O)O)C=C2C3=CC=CC4=C3C(=CN4C(=O)C3CC3)CC12|CCN(CC)C(=O)C1C=C2C3=CC=CC4=C3C(=CN4C(=O)C3CC3O)CC2N(C)C1|CC[N+]([O-])(CC)C(=O)C1C=C2C3=CC=CC4=C3C(=CN4C(=O)C3CC3)CC2N(C)C1|CCN(CC)C(=O)C1CN(C)C2CC3=CN(C(=O)C4CC4)C4=CC=CC(=C34)C2=C1O|CCN(CC)C(=O)C1C=C2C3=CC=C(O)C4=C3C(=CN4C(=O)C3CC3)CC2N(C)C1|CCN(CC)C(=O)C1(O)C=C2C3=CC=CC4=C3C(=CN4C(=O)C3CC3)CC2N(C)C1|CCN(CC)C(=O)C1C=C2C3=CC=CC4=C3C(=CN4C(=O)C3CC3)CC2(O)N(C)C1
22,COC1=C([C@H]2C(C(=O)NC3=CC=NC(C(N)=O)=C3)O[C@@](C)(C(F)(F)F)[C@H]2C)C=CC(F)=C1F,COC1=C([C@H]2C(C(=O)O)O[C@@](C)(C(F)(F)F)[C@H]2C)C=CC(F)=C1F|COC1=C([C@H]2C(C(=O)NC3=CC=NC(C(=O)O)=C3)O[C@@](C)(C(F)(F)F)[C@H]2C)C=CC(F)=C1F|C[C@H]1[C@@H](C2=CC=C(F)C(F)=C2O)C(C(=O)NC2=CC=NC(C(N)=O)=C2)O[C@@]1(C)C(F)(F)F|COC1=C([C@H]2C(C(=O)NC3=CC=[N+]([O-])C(C(N)=O)=C3)O[C@@](C)(C(F)(F)F)[C@H]2C)C=CC(F)=C1F|COC1=C([C@@H]2[C@H](C)[C@](C)(C(F)(F)F)O[C@H]2C(=O)O)C=CC(F)=C1F|COC1=C([C@H]2C(C(=O)NC3=CC(O)=NC(C(N)=O)=C3)O[C@@](C)(C(F)(F)F)[C@H]2C)C=CC(F)=C1F|COC1=C(F)C(F)=CC(O)=C1[C@H]1C(C(=O)NC2=CC=NC(C(N)=O)=C2)O[C@@](C)(C(F)(F)F)[C@H]1C|COC1=C([C@H]2C(C(=O)NC3=CC=NC(C(N)=O)=C3)O[C@@](C)(C(F)(F)F)[C@@H]2CO)C=CC(F)=C1F|COC1=C([C@H]2C(C(=O)NC3=CC=NC(C(N)=O)=C3)O[C@@](C)(C(F)(F)F)[C@H]2CO)C=CC(F)=C1F|COC1=C([C@H]2C(C(=O)NC3=CC(C(N)=O)=NC=C3O)O[C@@](C)(C(F)(F)F)[C@H]2C)C=CC(F)=C1F|COC1=C([C@H]2C(C(N)=O)O[C@@](C)(C(F)(F)F)[C@H]2C)C=CC(F)=C1F|COC1=C([C@@H]2[C@H](C)[C@](C)(C(F)(F)F)O[C@H]2C(=O)NC2=CC=[N+]([O-])C(C(N)=O)=C2)C=CC(F)=C1F|COC1=C([C@H]2C(C(=O)NC3=CC=NC(C(N)=O)=C3)O[C@](CO)(C(F)(F)F)[C@H]2C)C=CC(F)=C1F|NC(=O)C1=CC(N)=CC=N1|COC1=C([C@@H](C(O)C(=O)NC2=CC=NC(C(N)=O)=C2)[C@H](C)[C@@](C)(O)C(F)(F)F)C=CC(F)=C1F|COC1=C([C@H]2C(C(=O)NC3=CC(=O)NC(C(N)=O)=C3)O[C@@](C)(C(F)(F)F)[C@H]2C)C=CC(F)=C1F|COC1=C([C@H]2C(C(=O)N(O)C3=CC=NC(C(N)=O)=C3)O[C@@](C)(C(F)(F)F)[C@H]2C)C=CC(F)=C1F|COC1=C(C2=C(C(=O)NC3=CC=NC(C(=O)O)=C3)O[C@@](C)(C(F)(F)F)[C@H]2C)C=CC(F)=C1F|COC1=C([C@H]2C(C(=O)NC3=CC=NC(C(N)=O)=C3)O[C@@](C)(C(F)(F)F)[C@H]2C)C=CC(F)=C1O|COC1=C([C@H]2C(C(=O)NC3=CC=NC(C(N)=O)=C3)O[C@@](C)(C(F)(F)F)[C@H]2C)C=CC(O)=C1F
23,CC(=O)O/C1=C/C=C\C2=C1C(CCN(CC)CC)=CN2,CCN(CC)CCC1=CNC2=CC=CC(O)=C12|CCN(CC)CCC1=CNC2=CC=C(O)C(OC(C)=O)=C12|CCNCCC1=CNC2=CC=CC(OC(C)=O)=C12|CC[N+]([O-])(CC)CCC1=CNC2=CC=CC(OC(C)=O)=C12|CCN(CC)CCC1=CNC2=C(O)C=CC(OC(C)=O)=C12|CCN(CC)CCC1=CNC2=CC(O)=CC(OC(C)=O)=C12|CCNCCC1=CNC2=CC=CC(O)=C12|CC(=O)OC1=CC=CC2=C1C(CC=O)=CN2|CCN(CC)CC(O)C1=CNC2=CC=CC(OC(C)=O)=C12|CCN(CCO)CCC1=CNC2=CC=CC(OC(C)=O)=C12|CCN(CC)CCC1=CNC2=CC=CC(OC(=O)CO)=C12|CCN(CC)CCC1=C(O)NC2=CC=CC(OC(C)=O)=C12|CCN(CC)CCC12OC1NC1=CC=CC(OC(C)=O)=C21|CCN(CC)C(O)CC1=CNC2=CC=CC(OC(C)=O)=C12|CCNCCC1=CNC2=CC=C(O)C(OC(C)=O)=C12|CCC(=O)OC1=CC=CC2=C1C(CCN(CC)CC)=CN2|CC(=O)O|CCN(C)CCC1=CNC2=CC=CC(OC(C)=O)=C12|CCN(CC)CCC1=CNC2=CC=C(O)C(O)=C12|CCN(CC)CCC1=CNC2=CC=CC(OC=O)=C12
24,O=C([C@H]1CCCN1C(C2=CC=CC(S(N3CC(C3)C#N)(=O)=O)=C2)=O)NCC(C=C4)=CC=C4C(F)(F)F,N#CC1CN(S(=O)(=O)C2=CC=CC(C(=O)N3CCC[C@@H]3C(N)=O)=C2)C1|O=C(O)C1CN(S(=O)(=O)C2=CC=CC(C(=O)N3CCC[C@@H]3C(=O)NCC3=CC=C(C(F)(F)F)C=C3)=C2)C1|N#CC(CO)CNS(=O)(=O)C1=CC=CC(C(=O)N2CCC[C@@H]2C(=O)NCC2=CC=C(C(F)(F)F)C=C2)=C1|N#CC(C=O)CNS(=O)(=O)C1=CC=CC(C(=O)N2CCC[C@@H]2C(=O)NCC2=CC=C(C(F)(F)F)C=C2)=C1|N#CC1CN(S(=O)(=O)C2=CC=CC(C(=O)N3CCC[C@@H]3C(=O)O)=C2)C1|NC(=O)C1CN(S(=O)(=O)C2=CC=CC(C(=O)N3CCC[C@@H]3C(=O)NCC3=CC=C(C(F)(F)F)C=C3)=C2)C1|N#CC1CN(S(=O)(=O)C2=CC=CC(C(=O)N3CCC(O)[C@@H]3C(=O)NCC3=CC=C(C(F)(F)F)C=C3)=C2)C1|N#CC1CN(S(=O)(=O)C2=CC=CC(C(=O)N3CCC[C@@H]3C(=O)NCC3=CC=C(C(F)(F)F)C=C3)=C2)C1O|N#CC1CN(S(=O)(=O)C2=CC=CC(C(=O)N3C(O)CC[C@@H]3C(=O)NCC3=CC=C(C(F)(F)F)C=C3)=C2)C1|O=C(NCC1=CC=C(C(F)(F)F)C=C1)[C@H]1CCCN1|N#CC1CN(S(=O)(=O)C2=CC=CC(C(=O)N[C@H](CCC=O)C(=O)NCC3=CC=C(C(F)(F)F)C=C3)=C2)C1|N#CC1CN(S(=O)(=O)C2=CC=CC(C(=O)N(CCC=O)CC(=O)NCC3=CC=C(C(F)(F)F)C=C3)=C2)C1|N#CC1CN(S(=O)(=O)C2=CC=CC(C(=O)N3CCC[C@@H]3C(=O)NC(O)C3=CC=C(C(F)(F)F)C=C3)=C2)C1|N#CC1CN(S(=O)C2=CC=CC(C(=O)N3CCC[C@@H]3C(=O)NCC3=CC=C(C(F)(F)F)C=C3)=C2)C1|N#CC1=CN(S(=O)(=O)C2=CC=CC(C(=O)N3CCC[C@@H]3C(=O)NCC3=CC=C(C(F)(F)F)C=C3)=C2)C1|O=C1CN(S(=O)(=O)C2=CC=CC(C(=O)N3CCC[C@@H]3C(=O)NCC3=CC=C(C(F)(F)F)C=C3)=C2)C1|N#CC1CN(S(=O)(=O)C2=CC=CC(C(=O)NCCCC(=O)C(=O)NCC3=CC=C(C(F)(F)F)C=C3)=C2)C1|N#CCCN(C=O)S(=O)(=O)C1=CC=CC(C(=O)N2CCC[C@@H]2C(=O)NCC2=CC=C(C(F)(F)F)C=C2)=C1|N#CC1CN(S(=O)(=O)C2=CC=CC(C(=O)N3CCC[C@H]3C(N)=O)=C2)C1|N#CC1CN(S(=O)(=O)C2=CC=CC(C(=O)N3CCC[C@@H]3C(=O)N(O)CC3=CC=C(C(F)(F)F)C=C3)=C2)C1
25,C[C@H](N[P@](=O)(OC[C@H]1O[C@@](C#N)(/C2=C/C=C3/C(N)=NC=NN23)[C@H](O)[C@@H]1O)OC1=CC=CC=C1)C(=O)OCC(CC)CC,C[C@H](N[P@](=O)(OC[C@H]1O[C@@](C#N)(C2=CC=C3C(N)=NC=NN23)[C@H](O)[C@@H]1O)OC1=CC=CC=C1)C(=O)O|N#C[C@@]1(C2=CC=C3C(N)=NC=NN23)O[C@H](CO[P@](=O)(O)OC2=CC=CC=C2)[C@@H](O)[C@H]1O|CCC(CCO)COC(=O)[C@H](C)N[P@](=O)(OC[C@H]1O[C@@](C#N)(C2=CC=C3C(N)=NC=NN23)[C@H](O)[C@@H]1O)OC1=CC=CC=C1|CCC(CC)COC(=O)[C@H](C)N[P@](=O)(O)OC1=CC=CC=C1|CCC(CC)COC(=O)[C@H](C)N[P@](=O)(OC[C@H]1O[C@@](C#N)(C2=CC=C3C(N)=NC=NN23)[C@H](O)[C@@H]1O)OC1=CC=C(O)C=C1|CCC(CC)COC(=O)CN[P@](=O)(OC[C@H]1O[C@@](C#N)(C2=CC=C3C(N)=NC=NN23)[C@H](O)[C@@H]1O)OC1=CC=CC=C1|CCC(CC)COC(O)[C@H](C)N[P@](=O)(OC[C@H]1O[C@@](C#N)(C2=CC=C3C(N)=NC=NN23)[C@H](O)[C@@H]1O)OC1=CC=CC=C1|N#C[C@@]1(C2=CC=C3C(N)=NC=NN23)O[C@H](COP(=O)(O)OC2=CC=CC=C2)[C@@H](O)[C@H]1O|CCC(COC(=O)[C@H](C)N[P@](=O)(OC[C@H]1O[C@@](C#N)(C2=CC=C3C(N)=NC=NN23)[C@H](O)[C@@H]1O)OC1=CC=CC=C1)C(C)O|CCC(CC)COC(=O)[C@H](C)N[P@](=O)(OC[C@H]1O[C@@](C#N)(C2=CC=C3C(N)=NC(O)=NN23)[C@H](O)[C@@H]1O)OC1=CC=CC=C1|CCC(CC)COC(=O)[C@H](CO)N[P@](=O)(OC[C@H]1O[C@@](C#N)(C2=CC=C3C(N)=NC=NN23)[C@H](O)[C@@H]1O)OC1=CC=CC=C1|C[C@H](NP(=O)(OC[C@H]1O[C@@](C#N)(C2=CC=C3C(N)=NC=NN23)[C@H](O)[C@@H]1O)OC1=CC=CC=C1)C(=O)O|CCC(CC)COC(=O)[C@H](C)N[P@](=O)(O)OC[C@H]1O[C@@](C#N)(C2=CC=C3C(N)=NC=NN23)[C@H](O)[C@@H]1O|CCC(CC)COC(=O)[C@H](C)NP(=O)(O)OC1=CC=CC=C1|CCC(CC)COC(=O)[C@H](C)N|CCC(CC)COC(=O)C(C)NP(=O)(O)OC1=CC=CC=C1|CCC(CC)COC(=O)[C@H](C)N[P@](=O)(OC[C@H]1O[C@@](C#N)(C2=CC=C3C(N)=NC=NN23)[C@H](O)[C@@H]1O)OC1=CC=CC=C1|CCC(CC)COC(=O)[C@H](C)N[P@](=O)(OC[C@H]1O[C@@](C#N)(C2=CC(O)=C3C(N)=NC=NN23)[C@H](O)[C@@H]1O)OC1=CC=CC=C1|CCC(COC(=O)[C@H](C)N[P@](=O)(OC[C@H]1O[C@@](C#N)(C2=CC=C3C(N)=NC=NN23)[C@H](O)[C@@H]1O)OC1=CC=CC=C1)[C@@H](C)O|CCC(CC)COC(O)[C@H](C)NP(=O)(OC[C@H]1O[C@@](C#N)(C2=CC=C3C(N)=NC=NN23)[C@H](O)[C@@H]1O)OC1=CC=CC=C1
26,[H][C@@]1(N2CC3=C(C=CC=C3OCC3=CC=C(CN4CCOCC4)C=C3)C2=O)CCC(=O)NC1=O,O=C1CC[C@@H](N2CC3=C(O)C=CC=C3C2=O)C(=O)N1|NC(=O)[C@@H](CCC(=O)O)N1CC2=C(OCC3=CC=C(CN4CCOCC4)C=C3)C=CC=C2C1=O|O=CC1=CC=C(COC2=CC=CC3=C2CN([C@@H]2CCC(=O)NC2=O)C3=O)C=C1|O=CCN(CCO)CC1=CC=C(COC2=CC=CC3=C2CN([C@@H]2CCC(=O)NC2=O)C3=O)C=C1|O=CCOCCNCC1=CC=C(COC2=CC=CC3=C2CN([C@@H]2CCC(=O)NC2=O)C3=O)C=C1|O=C1CC[C@@H](NCC2=C(C(=O)O)C=CC=C2OCC2=CC=C(CN3CCOCC3)C=C2)C(=O)N1|NC(=O)CC[C@H](C(=O)O)N1CC2=C(OCC3=CC=C(CN4CCOCC4)C=C3)C=CC=C2C1=O|O=C(O)CN(CCO)CC1=CC=C(COC2=CC=CC3=C2CN([C@@H]2CCC(=O)NC2=O)C3=O)C=C1|O=C1NC(=O)[C@H](N2CC3=C(OCC4=CC=C(CN5CCOCC5)C=C4)C=CC=C3C2=O)CC1O|O=C1CC[C@@H](N2CC3=C(OCC4=CC=C(CN5CCOCC5O)C=C4)C=CC=C3C2=O)C(=O)N1|O=C1CC(O)[C@@H](N2CC3=C(OCC4=CC=C(CN5CCOCC5)C=C4)C=CC=C3C2=O)C(=O)N1|O=C1CC[C@@H](N2CC3=C(OCC4=CC=C(C[N+]5([O-])CCOCC5)C=C4)C=CC=C3C2=O)C(=O)N1|O=C1CC[C@@H](N2CC3=C(OCC4=CC=C(CN5CCOCC5)C=C4)C=CC(O)=C3C2=O)C(=O)N1|O=C1CC[C@@H](N2CC3=C(C=CC(O)=C3OCC3=CC=C(CN4CCOCC4)C=C3)C2=O)C(=O)N1|NC(=O)C(CCC(=O)O)N1CC2=C(OCC3=CC=C(CN4CCOCC4)C=C3)C=CC=C2C1=O|O=C1CC[C@@H](N2CC3=C(OCC4=CC=C(CN5CCOC(O)C5)C=C4)C=CC=C3C2=O)C(=O)N1|O=C1CC[C@@H](N2CC3=C(OCC4=CC=C(CNCCO)C=C4)C=CC=C3C2=O)C(=O)N1|O=C1NC(=O)[C@H](N2CC3=C(OCC4=CC=C(CN5CCOCC5)C=C4)C=CC=C3C2=O)C[C@@H]1O|O=C1CC[C@@H](N(CC2=CC=CC=C2OCC2=CC=C(CN3CCOCC3)C=C2)C(=O)O)C(=O)N1|O=C1NCC2=C(OCC3=CC=C(CN4CCOCC4)C=C3)C=CC=C12
27,[CH3]NC([CH3])CC1=CC=C2C(=C1)OCO2,CC(N)CC1=CC=C2C(=C1)OCO2|CC(=O)CC1=CC=C2C(=C1)OCO2|C[C@@H](N)CC1=CC=C2C(=C1)OCO2|CN[C@@H](C)CC1=CC=C(O)C(O)=C1|C[C@H](N)CC1=CC=C2C(=C1)OCO2|CN[C@@H](C)CC1=CC=C2C(=C1)OCO2|CN[C@H](C)CC1=CC=C2C(=C1)OCO2|CNC(C)C(O)C1=CC=C2C(=C1)OCO2|CN[C@H](C)CC1=CC=C(O)C(O)=C1|CNC(C)CC1=CC=C(O)C(OCO)=C1|CC(CC1=CC=C2C(=C1)OCO2)N(C)C|CCNC(C)CC1=CC=C2C(=C1)OCO2|CNC(C)CC1=CC=C2C(=C1O)OCO2|CC(CC1=CC=C2C(=C1)OCO2)N(C)O|CN[C@@H](C)CC1=CC=C(OCO)C(O)=C1|CNC(C)CC1=CC2=C(C=C1O)OCO2|CNC(C)CC1=CC=C(O)C(OC)=C1|CC(CC1=CC=C2C(=C1)OCO2)NCO|CN[C@@H](C)CC1=CC=C(OC)C(O)=C1|CNCCC1=CC=C2C(=C1)OCO2
28,O=C(N(C=N1)CC2=NC([C@@H]3CO[C@H](C3)C4=CC=C(C=C4)Cl)=NO2)C5=C1N=CN5C,O=C1C2=C(N=CN2)N=CN1CC1=NC([C@@H]2CO[C@@H](C3=CC=C(Cl)C=C3)C2)=NO1|O=CC1=NC([C@@H]2CO[C@@H](C3=CC=C(Cl)C=C3)C2)=NO1|CN1C=NC2=C1C(=O)N(CC(O)=NC(=N)[C@@H]1CO[C@@H](C3=CC=C(Cl)C=C3)C1)C=N2|CN1C=NC2=C1C(=O)N(CC(=O)NC(=N)[C@@H]1CO[C@@H](C3=CC=C(Cl)C=C3)C1)C=N2|CN1C=NC2=C1C(=O)N(CC1=NC(CCO[C@@H](C=O)C3=CC=C(Cl)C=C3)=NO1)C=N2|CN1C=NC2=C1C(=O)N(CC1=NC([C@H](CO)C[C@@H](O)C3=CC=C(Cl)C=C3)=NO1)C=N2|O=C1C2=C(N=CN2)N=CN1CC1=NC([C@@H]2COC(C3=CC=C(Cl)C=C3)C2)=NO1|CN1C(=O)NC2=C1C(=O)N(CC1=NC([C@@H]3CO[C@@H](C4=CC=C(Cl)C=C4)C3)=NO1)C=N2|O=C1C2=C(N=CN2)N=CN1CC1=NC([C@@H]2CO[C@H](C3=CC=C(Cl)C=C3)C2)=NO1|CN1C=NC2=C1C(=O)N(CC1=NC([C@H](CO)C[C@H](O)C3=CC=C(Cl)C=C3)=NO1)C=N2|CN1C=NC2=C1C(=O)N(CC(O)=NC(=N)[C@@H]1CO[C@H](C3=CC=C(Cl)C=C3)C1)C=N2|O=C1C2=C(N=CN2)N=CN1CC1=NC(C2COC(C3=CC=C(Cl)C=C3)C2)=NO1|CN1C=NC2=C1C(=O)N(CC1=NC([C@@H]3CO[C@@H](C4=CC=C(Cl)C=C4)C3)=NO1)C(=O)N2|CN1C=NC2=C1C(=O)N(CC1=NC([C@@H](C=O)COCC3=CC=C(Cl)C=C3)=NO1)C=N2|CN1C=NC2=C1C(=O)N(CC1=NC(CCO[C@H](C=O)C3=CC=C(Cl)C=C3)=NO1)C=N2|CN1C=NC2=C1C(=O)N(CC1=NC([C@H](CO)CC(O)C3=CC=C(Cl)C=C3)=NO1)C=N2|CN1C(O)=NC2=C1C(=O)N(CC1=NC([C@@H]3CO[C@@H](C4=CC=C(Cl)C=C4)C3)=NO1)C=N2|CN1C=NC2=C1C(=O)N(CC1=NC([C@H](C=O)CC(O)C3=CC=C(Cl)C=C3)=NO1)C=N2|CN1C=NC2=C1C(=O)N(CC1=NC([C@@H]3CO[C@@H](C4=CC=C(Cl)C=C4O)C3)=NO1)C=N2|CN1C=NC2=C1C(=O)N(CC1=NC([C@H](C=O)C[C@@H](O)C3=CC=C(Cl)C=C3)=NO1)C=N2
29,O[C@@H]1[C@@H](C(C2[C@](C1)(C3CC=C4[C@]([C@@]3(CC2)C)(C[C@H]([C@]5(CCC(C)(CC54)C)C(OC6C(OC7C(C(C(C(C)O7)OC8C(O)C(OC9C(C(CO9)O)(CO)O)C(O)CO8)O)O)C(O)C(O)CO6)=O)O)C)C)(CO)CO)OC(C%10O)OC(CO)C(C%10O)O,CC1OC(OC2C(OC(=O)[C@]34CCC(C)(C)CC3C3=CCC5[C@]6(CO)C[C@H](O)[C@H](OC7OC(CO)C(O)C(O)C7O)C(CO)(CO)C6CC[C@@]5(C)[C@]3(C)C[C@H]4O)OCC(O)C2O)C(O)C(O)C1OC1OCC(O)C(OC2OCC(O)C2(O)CO)C1O|CC1OC(OC2C(OC(=O)[C@]34CCC(C)(C)CC3C3=CCC5[C@@]6(C)C[C@H](O)[C@H](OC7OC(CO)C(O)C(O)C7O)C(CO)(CO)C6CC[C@@]5(C)[C@]3(C)C[C@H]4O)OCC(O)C2O)C(O)C(O)C1O|CC1OC(OC2C(OC(=O)[C@]34CCC(C)(C)CC3C3=CCC5[C@@]6(C)C[C@H](O)[C@H](O)C(CO)(CO)C6CC[C@@]5(C)[C@]3(C)C[C@H]4O)OCC(O)C2O)C(O)C(O)C1OC1OCC(O)C(OC2OCC(O)C2(O)CO)C1O|CC1OC(OC2C(OC(=O)[C@]34CCC(C)(C)CC3C3=CCC5[C@@]6(CCC7C(CO)(CO)[C@@H](O[C@H]8OC(CO)C(O)C(O)C8O)[C@@H](O)C[C@]57C6)[C@]3(C)C[C@H]4O)OCC(O)C2O)C(O)C(O)C1OC1OCC(O)C(OC2OCC(O)C2(O)CO)C1O|CC1(C)CC[C@@]2(C(=O)O)C(C1)C1=CCC3[C@@]4(C)C[C@H](O)[C@H](OC5OC(CO)C(O)C(O)C5O)C(CO)(CO)C4CC[C@@]3(C)[C@]1(C)C[C@H]2O|CC1OC(OC2C(OC(=O)[C@]34CCC(C)(C)CC3C3=CCC5[C@@]6(C)C[C@@H](O)[C@H](O[C@H]7O[C@H](CO)[C@@H](O)[C@H](O)[C@@H]7O)C(CO)(CO)C6CC[C@@]5(C)[C@]3(C)C[C@H]4O)OCC(O)C2O)C(O)C(O)C1O|CC1OC(OC2C(OC(=O)[C@]34CCC(C)(C)CC3C3=CCC5[C@@]67COCC8O[C@H](O[C@@H]([C@@H](O)C6)C(CO)(CO)C7CC[C@@]5(C)[C@]3(C)C[C@H]4O)C(O)C(O)C8O)OCC(O)C2O)C(O)C(O)C1OC1OCC(O)C(OC2OCC(O)C2(O)CO)C1O|CC1OC(OC2C(OC(=O)[C@]34CCC(C)(C)CC3C3=CCC5[C@@]6(C)C[C@H](O)[C@H](O[C@H]7O[C@H](CO)[C@@H](O)[C@H](O)[C@@H]7O)C(CO)(CO)C6CC[C@@]5(C)[C@]3(C)C[C@H]4O)OCC(O)C2O)C(O)C(O)C1O|CCC1O[C@@H](O[C@H]2[C@@H](O)C[C@@]3(CO)C(CC[C@]4(C)C3CC=C3C5CC(C)(C)CC[C@]5(C(=O)OC5OCC(O)C(O)C5OC5OC(C)C(OC6OCC(O)C(OC7OCC(O)C7(O)CO)C6O)C(O)C5O)[C@H](O)C[C@@]43C)C2(CO)CO)C(O)C(O)C1O|CC1OC(OC2C(OC(=O)[C@]34CCC(C)(C)CC3C3=CCC5[C@@]6(C)C[C@H](O)[C@H](OC7OC(CO)C(O)C(O)C7O)C(CO)(CO)C6CC[C@]5(CO)[C@@]3(C)C[C@H]4O)OCC(O)C2O)C(O)C(O)C1OC1OCC(O)C(OC2OCC(O)C2(O)CO)C1O|CC1O[C@@H](O[C@H]2[C@@H](O)C[C@@]3(CO)C(CC[C@]4(C)C3CC=C3C5CC(C)(C)CC[C@]5(C(=O)OC5OCC(O)C(O)C5OC5OC(C)C(OC6OCC(O)C(OC7OCC(O)C7(O)CO)C6O)C(O)C5O)[C@H](O)C[C@@]43C)C2(CO)CO)C(O)C(O)C1O|CC1OC(OC2C(OC(=O)[C@]34CCC(C)(C)CC3C3=CCC5[C@@]6(CO)C[C@H](O)[C@H](OC7OC(CO)C(O)C(O)C7O)C(CO)(CO)C6CC[C@@]5(C)[C@]3(C)C[C@H]4O)OCC(O)C2O)C(O)C(O)C1OC1OCC(O)C(OC2OCC(O)C2(O)CO)C1O|CC1OC(OC2C(OC(=O)[C@]34CCC(C)(C)CC3C3=CCC5[C@@]6(C)C[C@H](O)[C@H](OC7OC(CO)C(O)C(O)C7O)C(CO)(CO)C6CC[C@@]5(C)[C@]3(C)C[C@H]4O)OCC(O)C2O)C(O)C(O)C1OC1OCC(O)C(O)C1O|OCC1OCC(O)C(O)C1O|CC1OC(OC2C(OC(=O)[C@]34CCC(C)(C)CC3C3=CCC5[C@@]6(C)C[C@H](O)[C@H](O[C@@H]7O[C@H](CO)[C@@H](O)[C@H](O)[C@@H]7O)C(CO)(CO)C6CC[C@@]5(C)[C@]3(C)C[C@H]4O)OCC(O)C2O)C(O)C(O)C1O|CC1OC(OC2C(OC(=O)[C@]34CCC(C)(C)CC3C3=CCC5[C@@]6(C)C[C@@H](O)[C@H](O[C@@H]7O[C@H](CO)[C@@H](O)[C@H](O)[C@@H]7O)C(CO)(CO)C6CC[C@@]5(C)[C@]3(C)C[C@H]4O)OCC(O)C2O)C(O)C(O)C1O||||
30,O=C(C1=CC=CN=C1C1=CC=NC=C1)N1CCC(O)(CC2=CC=CC=C2)CC1,O=C(C1=CC=CN=C1C1=CC=[N+]([O-])C=C1)N1CCC(O)(CC2=CC=CC=C2)CC1|O=C(C1=CC=CN=C1C1=CC=NC=C1)N1CCC(O)(CC2=CC=C(O)C=C2)CC1|O=C(O)[C@H]1OC(OC2(CC3=CC=CC=C3)CCN(C(=O)C3=CC=CN=C3C3=CC=NC=C3)CC2)[C@H](O)[C@@H](O)[C@@H]1O|O=C(C1=CC=CN=C1C1=CC=NC=C1)N1CCC(O)(CC2=CC=CC=C2)CC1O|O=C(C1=CC(O)=CN=C1C1=CC=NC=C1)N1CCC(O)(CC2=CC=CC=C2)CC1|O=C(C1=CC=CN=C1C1=CC=NC=C1)N1CCC(O)(C(O)C2=CC=CC=C2)CC1|OC1(CC2=CC=CC=C2)CCNCC1|O=C(C1=CC=CN=C1C1=CC=NC=C1)N1CCC(O)(CC2=CC=CC=C2)C(O)C1|O=C(C1=CC=CN=C1C1=CC=NC=C1)[N+]1([O-])CCC(O)(CC2=CC=CC=C2)CC1|O=C(C1=CC=C[N+]([O-])=C1C1=CC=NC=C1)N1CCC(O)(CC2=CC=CC=C2)CC1|O=C(C1=CC=CN=C1C1=CC=NC(O)=C1)N1CCC(O)(CC2=CC=CC=C2)CC1|O=C(C1=CC=CN=C1C1=CC=NC=C1)N1CCC(O)(CC2=CC=CC(O)=C2)CC1|O=C(C1=CC=CN=C1C1=CC=NC=C1)[N+]1=CCC(O)(CC2=CC=CC=C2)CC1|OC(C1=CC=CN=C1C1=CC=NC=C1)N1CCC(O)(CC2=CC=CC=C2)CC1|O=C(C1=C(C2=CC=NC=C2)NC(=O)C=C1)N1CCC(O)(CC2=CC=CC=C2)CC1|O=C(C1=CC=CN=C1C1=CC=NC=C1)N1CCC(=CC2=CC=CC=C2)CC1|O=C(C1=CC=CN=C1C1=CC=NC=C1)[N+]1=CC=C(CC2=CC=CC=C2)C=C1|O=C(C1=CC=CN=C1C1=CC=NC=C1)N1CC=C(CC2=CC=CC=C2)CC1|O=C(O)C1OC(OC2(CC3=CC=CC=C3)CCN(C(=O)C3=CC=CN=C3C3=CC=NC=C3)CC2)[C@H](O)[C@@H](O)[C@@H]1O|O=C(C1=CC=CN=C1C1=CC=NC=C1)N1CCC(O)(CC2=CC=CC=C2O)CC1
