SMILES,metabolite,predict
C#C[C@]1(OC(C)=O)CC[C@H]2[C@@H]3CCC4=C/C(=N/O)CC[C@@H]4[C@H]3CC[C@@]21CC,C#C[C@]1(O)CC[C@H]2[C@@H]3CCC4=C/C(=N/O)CC[C@@H]4[C@H]3CC[C@@]21CC,C#C[C@]1([O:1]C(C)=O)CC[C@H]2[C@@H]3CCC4=C/C(=N/O)CC[C@@H]4[C@H]3CC[C@@]21CC|C#C[C@]1(OC(C)=O)CC[C@H]2[C@@H]3CCC4=C/C(=N/[OH:1])CC[C@@H]4[C@H]3CC[C@@]21CC|C#C[C@]1(OC(C)=O)CC[C@H]2[C@@H]3CCC4=C/[C:1](=N/[OH:1])CC[C@@H]4[C@H]3CC[C@@]21CC|C#C[C@]1(OC(C)=O)CC[C@H]2[C@@H]3C[CH2:1]C4=C/C(=N/O)CC[C@@H]4[C@H]3CC[C@@]21CC|C#C[C@]1(OC(C)=O)CC[C@H]2[C@@H]3CCC4=C/[C:1](=N/O)CC[C@@H]4[C@H]3CC[C@@]21CC|C#C[C@]1(OC(C)=O)CC[C@H]2[C@@H]3CC[C:1]4=[CH:1]/C(=N/O)CC[C@@H]4[C@H]3CC[C@@]21CC|C#C[C@]1(OC(C)=O)CC[C@H]2[C@@H]3CCC4=C/C(=[N:1]/O)CC[C@@H]4[C@H]3CC[C@@]21CC|C#C[C@]1(OC(C)=O)CC[C@H]2[C@@H]3CCC4=C/C(=N/O)CC[C@@H]4[C@H]3C[CH2:1][C@@:1]21CC|C#C[C@@]1([O:1]C(C)=O)[C@@]2(CC)CC[C@H]3[C@@H](CCC4=C\C(=N/O)CC[C@@H]43)[C@@H]2C1|C#C[C@@]1([O:1]C(C)=O)[C@@]2(CC)CC[C@H]3[C@@H](CCC4=C\C(=N\O)CC[C@@H]43)[C@@H]2C1
CC(C)(O)c1ccccc1CC[C@@H](SCC1(CC(=O)O)CC1)c1cccc(/C=C/c2ccc3ccc(Cl)cc3n2)c1,CC(C)(O)c1ccccc1CC[C@@H](SCC1(CC(=O)OC2O[C@H](C(=O)O)[C@@H](O)[C@H](O)[C@H]2O)CC1)c1cccc(/C=C/c2ccc3ccc(Cl)cc3n2)c1|CC(O)(CO)c1ccccc1CC[C@@H](SCC1(CC(=O)O)CC1)c1cccc(/C=C/c2ccc3ccc(Cl)cc3n2)c1|CC(C)(O)c1ccccc1[C@H](O)C[C@@H](SCC1(CC(=O)O)CC1)c1cccc(/C=C/c2ccc3ccc(Cl)cc3n2)c1|CC(C)(O)c1ccccc1CC[C@H](c1cccc(/C=C/c2ccc3ccc(Cl)cc3n2)c1)S(=O)CC1(CC(=O)O)CC1|CC(C)(O)c1ccccc1CC[C@H](c1cccc(/C=C/c2ccc3ccc(Cl)cc3n2)c1)[S+](O)CC1(CC(=O)O)CC1|CC(C)(O)c1ccccc1[C@@H](O)C[C@@H](SCC1(CC(=O)O)CC1)c1cccc(/C=C/c2ccc3ccc(Cl)cc3n2)c1,CC(C)(O)c1c[cH:1]ccc1CC[C@@H](SCC1(CC(=O)O)CC1)c1cccc(/C=C/c2ccc3ccc(Cl)cc3n2)c1|CC(C)(O)c1ccccc1CC[C@@H](SCC1(CC(=O)[OH:1])CC1)c1cccc(/C=C/c2ccc3ccc(Cl)cc3n2)c1|CC(O)(c1ccccc1CC[C@@H](SCC1(CC(=O)O)CC1)c1cccc(/C=C/c2ccc3ccc(Cl)cc3n2)c1)[CH3:1]|CC(C)(O)c1cc[cH:1]cc1CC[C@@H](SCC1(CC(=O)O)CC1)c1cccc(/C=C/c2ccc3ccc(Cl)cc3n2)c1|C[C:1](O)(c1ccccc1CC[C@@H](SCC1(CC(=O)O)CC1)c1cccc(/C=C/c2ccc3ccc(Cl)cc3n2)c1)[CH3:1]|CC(C)(c1ccccc1CC[C@@H](SCC1(CC(=O)O)CC1)c1cccc(/C=C/c2ccc3ccc(Cl)cc3n2)c1)[OH:1]|C[C:1](C)(O)c1ccccc1CC[C@@H](SCC1(CC(=O)O)CC1)c1cccc(/C=C/c2ccc3ccc(Cl)cc3n2)c1|CC(C)(O)c1ccccc1CC[C@@H](SCC1(CC(=O)O)CC1)c1cccc(/C=C/c2ccc3ccc(Cl)cc3n2)[cH:1]1|CC(C)(O)c1ccccc1CC[C@@H](SCC1(CC(=O)O)CC1)c1cccc(/C=C/c2ccc3c[cH:1]c(Cl)cc3n2)c1|CC(C)(O)c1c(CC[C@@H](SCC2(CC(=O)O)CC2)c2cccc(/C=C/c3ccc4ccc(Cl)cc4n3)c2)ccc[cH:1]1
CC(C)CNCc1ccc(-c2ccccc2S(=O)(=O)N2CCCC2)cc1,CC(C)CNCc1ccc(-c2ccccc2S(=O)(=O)N2CCCC2O)cc1|NCc1ccc(-c2ccccc2S(=O)(=O)N2CCCC2)cc1|CC(C)CNC(=O)c1ccc(-c2ccccc2S(=O)(=O)N2CCCC2)cc1|CC(C)CNCc1ccc(-c2ccccc2S(=O)(=O)N2CCC(O)C2)cc1|CC(CO)CNCc1ccc(-c2ccccc2S(=O)(=O)N2CCCC2)cc1|CC(C)(O)CNCc1ccc(-c2ccccc2S(=O)(=O)N2CCCC2)cc1,CC(C)CNCc1ccc(-c2ccccc2S(=O)(=O)N2CCC[CH2:1]2)cc1|CC(C)CNCc1ccc(-c2ccccc2S(=O)(=O)N2CC[CH2:1]C2)cc1|CC(CNCc1ccc(-c2ccccc2S(=O)(=O)N2CCCC2)cc1)[CH3:1]|CC(C)C[NH:1]Cc1ccc(-c2ccccc2S(=O)(=O)N2CCCC2)cc1|C[CH:1](C)CNCc1ccc(-c2ccccc2S(=O)(=O)N2CCCC2)cc1|CC(C)[CH2:1]NCc1ccc(-c2ccccc2S(=O)(=O)N2CCCC2)cc1|CC(C[NH:1]Cc1ccc(-c2ccccc2S(=O)(=O)N2CCCC2)cc1)[CH3:1]|CC(C)CNCc1ccc(-c2cc[cH:1]cc2S(=O)(=O)N2CCCC2)cc1|CC(C)CNCc1ccc(-c2ccccc2S(=O)(=O)[N:1]2CCCC2)cc1|C[CH:1](CNCc1ccc(-c2ccccc2S(=O)(=O)N2CCCC2)cc1)[CH3:1]
CC(CN1c2ccccc2Sc2ccccc21)N(C)C,CC(CN1c2ccccc2S(=O)c2ccccc21)N(C)C|CNC(C)CN1c2ccccc2Sc2ccccc21|CC(CN1c2ccccc2SC2C=CC(O)=CC21)N(C)C,CC(CN1c2ccccc2Sc2c[cH:1]ccc21)N(C)C|CC(CN1c2ccccc2Sc2cc[cH:1]cc21)N(C)C|CC(CN1c2ccccc2[S:1]c2ccccc21)N(C)C|CC(CN1c2cc[cH:1]cc2Sc2ccccc21)N(C)C|CC(CN1c2ccccc2S[c:1]2[cH:1][cH:1][cH:1][cH:1][c:1]21)N(C)C|CC(CN1c2ccccc2Sc2ccc[cH:1]c21)N(C)C|CC(CN1c2ccccc2Sc2ccccc21)[N:1](C)C|CC(CN1c2ccccc2Sc2c1ccc[cH:1]2)N(C)C|CC(C[N:1]1c2ccccc2Sc2ccccc21)N(C)C|CN(C)C(CN1c2ccccc2Sc2ccccc21)[CH3:1]
CC1(C)CCC(CN2CCN(c3ccc(C(=O)NS(=O)(=O)c4ccc(NCC5CCOCC5)c([N+](=O)[O-])c4)c(Oc4cnc5[nH]ccc5c4)c3)CC2)=C(c2ccc(Cl)cc2)C1,CC1(C)CCC(CN2CCN(c3ccc(C(=O)NS(=O)(=O)c4ccc(NCC5CCOCC5)c([N+](=O)[O-])c4)c(Oc4cnc5[nH]ccc5c4)c3)CC2)=C(c2ccc(Cl)cc2)C1O|CC1(CO)CCC(CN2CCN(c3ccc(C(=O)NS(=O)(=O)c4ccc(NCC5CCOCC5)c([N+](=O)[O-])c4)c(Oc4cnc5[nH]ccc5c4)c3)CC2)=C(c2ccc(Cl)cc2)C1|CC1(C)CCC(C[N+]2([O-])CCN(c3ccc(C(=O)NS(=O)(=O)c4ccc(NCC5CCOCC5)c([N+](=O)[O-])c4)c(Oc4cnc5[nH]ccc5c4)c3)CC2)=C(c2ccc(Cl)cc2)C1|CC1(C)CCC(CN2CCN(c3ccc(C(=O)NS(=O)(=O)c4ccc(NCC5CCOCC5)c([N+](=O)[O-])c4)c(Oc4cnc5[nH]ccc5c4)c3)C(=O)C2)=C(c2ccc(Cl)cc2)C1|CC1(C)CC(c2ccc(Cl)cc2)=C(CN2CCN(c3ccc(C(=O)NS(=O)(=O)c4ccc(NCC5CCOCC5)c([N+](=O)[O-])c4)c(Oc4cnc5[nH]ccc5c4)c3)CC2)C(O)C1,CC1(C)CCC(CN2CCN(c3ccc(C(=O)NS(=O)(=O)c4ccc(NCC5CCOCC5)c([N+](=O)[O-])c4)c(Oc4cnc5[nH]ccc5c4)c3)CC2)=C(c2ccc(Cl)[cH:1]c2)C1|CC1([CH3:1])CCC(CN2CCN(c3ccc(C(=O)NS(=O)(=O)c4ccc(NCC5CCOCC5)c([N+](=O)[O-])c4)c(Oc4cnc5[nH]ccc5c4)c3)CC2)=C(c2ccc(Cl)cc2)C1|CC1(C)CCC(CN2CCN(c3ccc(C(=O)NS(=O)(=O)c4ccc(NCC5CCOCC5)c([N+](=O)[O-])c4)c(Oc4cnc5[nH]ccc5c4)c3)CC2)=C(c2ccc(Cl)c[cH:1]2)C1|CC1(C)CCC(CN2CCN(c3ccc(C(=O)NS(=O)(=O)c4ccc(NCC5CCOCC5)c([N+](=O)[O-])c4)c(Oc4cnc5[nH][cH:1]cc5c4)c3)CC2)=C(c2ccc(Cl)cc2)C1|CC1(C)CCC(CN2CCN(c3ccc(C(=O)NS(=O)(=O)c4ccc(NCC5CCOCC5)c([N+](=O)[O-])c4)c(Oc4cnc5[nH]ccc5c4)c3)CC2)=C(c2ccc(Cl)cc2)[CH2:1]1|CC1(C)CCC(CN2CCN(c3ccc(C(=O)NS(=O)(=O)c4ccc([NH:1]CC5CCOCC5)c([N+](=O)[O-])c4)c(Oc4cnc5[nH]ccc5c4)c3)CC2)=C(c2ccc(Cl)cc2)C1|CC1(C)CCC(CN2CCN(c3ccc(C(=O)NS(=O)(=O)c4ccc(NCC5CCOCC5)c([N+](=O)[O-])c4)c([O:1]c4cnc5[nH]ccc5c4)c3)CC2)=C(c2ccc(Cl)cc2)C1|CC1(C)CCC(CN2CCN(c3ccc(C(=O)NS(=O)(=O)c4ccc(NCC5CCOCC5)c([N+:1](=O)[O-])c4)c(Oc4cnc5[nH]ccc5c4)c3)CC2)=C(c2ccc(Cl)cc2)C1|CC1(C)CCC(C[N:1]2CCN(c3ccc(C(=O)NS(=O)(=O)c4ccc(NCC5CCOCC5)c([N+](=O)[O-])c4)c(Oc4cnc5[nH]ccc5c4)c3)CC2)=C(c2ccc(Cl)cc2)C1|CC1(C)CCC(CN2CCN(c3ccc(C(=O)NS(=O)(=O)c4ccc(NCC5CCOCC5)c([N+](=O)[O-])c4)c(Oc4cnc5[nH]ccc5c4)c3)CC2)=C(c2cc[c:1](Cl)cc2)C1
CC1(C)S[C@@H]2[C@H](NC(=O)[C@H](N)c3ccc(O)cc3)C(=O)N2[C@H]1C(=O)O,CC1(C)CN2C(=O)[C@@H](NC(=O)[C@H](N)c3ccc(O)cc3)[C@H]2S1|C[C@@H](C(=O)N[C@@H]1C(=O)N2[C@@H](C(=O)O)C(C)(C)S[C@H]12)c1ccc(O)cc1|CC1(CO)S[C@@H]2[C@H](NC(=O)[C@H](N)c3ccc(O)cc3)C(=O)N2[C@H]1C(=O)O|CC1(C)S[C@@H]2[C@H](NC(=O)[C@H](N)c3ccc(O)c(O)c3)C(=O)N2[C@H]1C(=O)O|CC1(C)S[C@@H]2[C@H](NC(=O)[C@H](N)c3ccc(OC4O[C@H](C(=O)O)[C@@H](O)[C@H](O)[C@H]4O)cc3)C(=O)N2[C@H]1C(=O)O,CC1(C)S[C@@H]2[C@H](NC(=O)[C@H](N)c3ccc([OH:1])cc3)C(=O)N2[C@H]1C(=O)O|CC1([CH3:1])S[C@@H]2[C@H](NC(=O)[C@H](N)c3ccc(O)cc3)C(=O)N2[C@H]1C(=O)O|CC1(C)S[C@@H]2[C@H](NC(=O)[C@H:1](N)c3ccc(O)cc3)C(=O)N2[C@H]1C(=O)O|CC1(C)S[C@@H]2[C@H](NC(=O)[C@H](N)c3ccc(O)[cH:1]c3)C(=O)N2[C@H]1C(=O)O|CC1(C)S[C@@H]2[C@H]([NH:1]C(=O)[C@H](N)c3ccc(O)cc3)C(=O)N2[C@H]1C(=O)O|CC1(C)S[C@@H]2[C@H](NC(=O)[C@H](N)c3ccc(O)cc3)C(=O)N2[C@H]1C(=O)[OH:1]|CC1(C)S[C@@H]2[C@H](NC(=O)[C@@H](c3ccc(O)cc3)[NH2:1])C(=O)N2[C@H]1C(=O)O|CC1(C)S[C@@H]2[C@H](NC(=O)[C@H](N)c3ccc(O)cc3)C(=O)[N:1]2[C@H]1C(=O)O|CC1(C)S[C@@H]2[C@H](NC(=O)[C@@H:1](c3ccc(O)cc3)[NH2:1])C(=O)N2[C@H]1C(=O)O|C[C:1]1([CH3:1])S[C@@H]2[C@H](NC(=O)[C@H](N)c3ccc(O)cc3)C(=O)N2[C@H]1C(=O)O
CCC1(c2ccccc2)C(=O)NC(=O)NC1=O,CCC1(c2ccc(O)cc2)C(=O)NC(=O)NC1=O,CCC1(c2ccccc2)C(=O)NC(=O)[NH:1]C1=O|CCC1(c2cc[cH:1]cc2)C(=O)NC(=O)NC1=O|CCC1(c2ccccc2)C(=O)NC(=O)N[C:1]1=[O:1]|CCC1(c2ccccc2)C(=O)[NH:1]C(=O)NC1=O|O=C1NC(=O)C(C[CH3:1])(c2ccccc2)C(=O)N1|C[CH2:1]C1(c2ccccc2)C(=O)NC(=O)NC1=O|CCC1(c2ccccc2)C(=O)NC(=O)[NH:1][C:1]1=[O:1]|CCC1(c2ccc[cH:1]c2)C(=O)NC(=O)NC1=O|CCC1(c2ccccc2)C(=O)NC(=O)[NH:1][C:1]1=O|CCC1(c2ccccc2)C(=O)N[C:1](=[O:1])NC1=O
CCC1Oc2ccccc2C1C(=O)c1cc(Br)c(O)c(Br)c1,Oc1cc(Br)c(O)c(Br)c1|CCC1Oc2ccccc2C1C(=O)c1cc(O)c(O)c(Br)c1|CCC1Oc2cc(O)ccc2C1C(=O)c1cc(Br)c(O)c(Br)c1,CCC1C(C(=O)c2cc(Br)c(O)c(Br)c2)c2ccccc2[O:1]1|CCC1Oc2ccccc2C1C(=O)c1cc(Br)c([OH:1])c(Br)c1|CCC1Oc2ccccc2[CH:1]1C(=O)c1cc(Br)c(O)c(Br)c1|CCC1C(C(=O)[c:1]2cc(Br)c(O)c(Br)c2)c2ccccc2[O:1]1|CCC1Oc2cc[cH:1]cc2C1C(=O)c1cc(Br)c(O)c(Br)c1|CCC1Oc2ccccc2C1C(=O)c1cc(Br)c(O)[c:1](Br)c1|CCC1Oc2c[cH:1]ccc2C1C(=O)c1cc(Br)c(O)c(Br)c1|CC[CH:1]1C(C(=O)c2cc(Br)c(O)c(Br)c2)c2ccccc2[O:1]1|C[CH2:1]C1Oc2ccccc2C1C(=O)c1cc(Br)c(O)c(Br)c1|CCC1Oc2ccccc2C1C(=O)c1cc(Br)c(O)c(Br)[cH:1]1
CCCCCCCCc1ccc(CCC(N)(CO)CO)cc1,CCCCCCCCc1ccc(CC[C@](N)(CO)COP(=O)(O)O)cc1,CCCCCCCCc1ccc(CCC(N)(CO)C[OH:1])cc1|CCCCCCCCc1ccc(CCC(CO)(CO)[NH2:1])cc1|CCCCCCCCc1ccc(CCC(CO)(C[OH:1])[NH2:1])cc1|C[CH2:1]CCCCCCc1ccc(CCC(N)(CO)CO)cc1|CCCCCCC[CH2:1]c1ccc(CCC(N)(CO)CO)cc1|CCCCCCCCc1ccc(CCC(N)(C[OH:1])C[OH:1])cc1|CC[CH2:1]CCCCCc1ccc(CCC(N)(CO)CO)cc1|CCCCCC[CH2:1][CH2:1]c1ccc(CCC(N)(CO)CO)cc1|CCCCCCCCc1ccc(CCC(N)(CO)[CH2:1]O)cc1|CCCCCCCCc1ccc(CC[C:1](N)(CO)C[OH:1])cc1
CCCCNc1ccc(C(=O)OCCOCCOCCOCCOCCOCCOCCOCCOCCOC)cc1,CCCCNc1ccc(C(=O)O)cc1,CCCCNc1ccc(C(=O)OCCOCCOCCOCCOCCOCCOCCOCCOCC[O:1]C)cc1|CCCC[NH:1]c1ccc(C(=O)OCCOCCOCCOCCOCCOCCOCCOCCOCCOC)cc1|CCCCNc1ccc(C(=O)OCCOCCOCCOCCOCCOCCOCCOCC[O:1]CCOC)cc1|CCCCNc1ccc(C(=O)OCCOCCOCCOCCOCCOCCOCC[O:1]CCOCCOC)cc1|CCCCNc1ccc(C(=O)[O:1]CCOCCOCCOCCOCCOCCOCCOCCOCCOC)cc1|CCCCNc1ccc(C(=O)OCCOCCOCCOCCOCCOCC[O:1]CCOCCOCCOC)cc1|CCCCNc1ccc(C(=O)OCCOCCOCCOCCOCCOCCOCCOCCOC[CH2:1][O:1]C)cc1|CCCCNc1ccc(C(=O)OCCOCCOCCOCCOCC[O:1]CCOCCOCCOCCOC)cc1|CCCCNc1ccc(C(=O)OCCOCCOCCOCC[O:1]CCOCCOCCOCCOCCOC)cc1|CCCCNc1ccc(C(=O)OCCOCCOCCOCCOCCOCCOCCOCCOCCO[CH3:1])cc1
CCCCc1oc2ccccc2c1C(=O)c1cc(I)c(OCCN(CC)CC)c(I)c1,CCCCc1oc2ccccc2c1C(=O)c1cc(I)c(OCCNCC)c(I)c1,CCCCc1oc2ccccc2c1C(=O)c1cc(I)c(OCC[N:1](CC)CC)c(I)c1|CCN(CC)CCOc1c(I)cc(C(=O)c2c(CC[CH2:1]C)oc3ccccc23)cc1I|CCCCc1oc2ccccc2c1C(=O)c1cc(I)c(OCCN(CC)CC)c(I)[cH:1]1|CCCCc1oc2ccccc2c1C(=O)c1cc(I)c(OCCN(CC)CC)[c:1](I)c1|CCCCc1oc2ccccc2c1C(=O)c1cc(I)c(OCCN(CC)C[CH3:1])c(I)c1|CCCCc1oc2c[cH:1]ccc2c1C(=O)c1cc(I)c(OCCN(CC)CC)c(I)c1|CCCCc1oc2ccccc2c1C(=O)c1cc(I)c(OCCN(CC)[CH2:1]C)c(I)c1|CCCCc1oc2ccccc2c1C(=O)c1cc(I)c(OC[CH2:1]N(CC)CC)c(I)c1|CCN(CC)CCOc1c(I)cc(C(=O)c2c(CCC[CH3:1])oc3ccccc23)cc1I|CCN(CC)CCOc1c(I)cc(C(=O)c2c([CH2:1]CCC)oc3ccccc23)cc1I
CCCSc1nc(N[C@@H]2C[C@H]2c2ccc(F)c(F)c2)c2nnn([C@@H]3C[C@H](OCCO)[C@@H](O)[C@H]3O)c2n1,CCCSc1nc(N)c2nnn([C@@H]3C[C@H](OCCO)[C@@H](O)[C@H]3O)c2n1|CCCSc1nc(N[C@@H]2C[C@H]2c2ccc(F)c(F)c2)c2nnn([C@@H]3C[C@H](O)[C@@H](O)[C@H]3O)c2n1,CCCSc1nc(N[C@@H]2C[C@H]2c2ccc(F)c(F)c2)c2nnn([C@@H]3C[C@H]([O:1]CCO)[C@@H](O)[C@H]3O)c2n1|CCCSc1nc(N[C@@H]2C[C@H]2c2ccc(F)c(F)c2)c2nnn([C@@H]3C[C@H](OC[CH2:1]O)[C@@H](O)[C@H]3O)c2n1|CCCSc1nc(N[C@@H]2C[C@H]2c2ccc(F)c(F)c2)c2nnn([C@@H]3C[C@H](OC[CH2:1][OH:1])[C@@H](O)[C@H]3O)c2n1|CCCSc1nc(N[C@@H]2C[C@H]2c2ccc(F)c(F)c2)c2nnn([C@@H]3C[C@H](OCC[OH:1])[C@@H](O)[C@H]3O)c2n1|CCC[S:1]c1nc(N[C@@H]2C[C@H]2c2ccc(F)c(F)c2)c2nnn([C@@H]3C[C@H](OCCO)[C@@H](O)[C@H]3O)c2n1|C[CH2:1]CSc1nc(N[C@@H]2C[C@H]2c2ccc(F)c(F)c2)c2nnn([C@@H]3C[C@H](OCCO)[C@@H](O)[C@H]3O)c2n1|CCCSc1nc(N[C@@H]2C[C@H]2c2ccc(F)c(F)c2)c2nn[n:1]([C@@H]3C[C@H](OCCO)[C@@H](O)[C@H]3O)c2n1|CC[CH2:1]Sc1nc(N[C@@H]2C[C@H]2c2ccc(F)c(F)c2)c2nnn([C@@H]3C[C@H](OCCO)[C@@H](O)[C@H]3O)c2n1|CCCSc1nc([NH:1][C@@H]2C[C@H]2c2ccc(F)c(F)c2)c2nnn([C@@H]3C[C@H](OCCO)[C@@H](O)[C@H]3O)c2n1|CCCSc1nc(N[C@@H]2C[C@H]2c2ccc(F)c(F)c2)c2nnn([C@@H]3C[C@H](OC[CH2:1]O)[C@@H]([OH:1])[C@H]3O)c2n1
CCC[C@@H]1C[C@@H](C(=O)NC(C(C)Cl)[C@H]2O[C@H](SC)[C@H](O)[C@@H](O)[C@H]2O)N(C)C1,CCC[C@H]1CN[C@H](C(=O)NC(C(C)Cl)[C@H]2O[C@H](SC)[C@H](O)[C@@H](O)[C@H]2O)C1|CCC[C@@H]1C[C@@H](C(=O)NC(C(C)Cl)[C@H]2O[C@H](S(C)=O)[C@H](O)[C@@H](O)[C@H]2O)N(C)C1,CCC[C@@H]1C[C@@H](C(=O)NC(C(C)Cl)[C@H]2O[C@H]([S:1]C)[C@H](O)[C@@H](O)[C@H]2O)N(C)C1|CCC[C@@H]1C[C@@H](C(=O)NC(C(C)Cl)[C@H]2O[C@H](SC)[C@H](O)[C@@H](O)[C@H]2O)[N:1](C)C1|CCC[C@@H]1C[C@@H](C(=O)NC(C(C)Cl)[C@H]2O[C@H](SC)[C@H]([OH:1])[C@@H](O)[C@H]2O)N(C)C1|CCC[C@@H]1C[C@@H](C(=O)NC(C(C)Cl)[C@H]2O[C@H](SC)[C@H](O)[C@@H](O)[C@H]2[OH:1])N(C)C1|CCC[C@@H]1C[C@@H](C(=O)NC(C(C)Cl)[C@H]2O[C@H](SC)[C@H](O)[C@@H]([OH:1])[C@H]2O)N(C)C1|CCC[C@@H]1C[C@@H]([C:1](=O)NC(C(C)Cl)[C@H]2O[C@H](SC)[C@H](O)[C@@H](O)[C@H]2O)N(C)C1|CCC[C@@H]1C[C@@H](C(=O)NC(C(C)Cl)[C@H]2O[C@H](SC)[C@H](O)[C@@H](O)[C@H]2O)N(C)[CH2:1]1|CCC[C@@H]1C[C@@H](C(=O)NC(C(C)Cl)[C@H]2O[C@H](S[CH3:1])[C@H](O)[C@@H](O)[C@H]2O)N(C)C1|CCC[C@@H]1C[C@@H](C(=O)[NH:1]C(C(C)Cl)[C@H]2O[C@H](SC)[C@H](O)[C@@H](O)[C@H]2O)N(C)C1|CCC[C@@H]1C[C@@H](C(=O)NC(C(C)Cl)[C@H]2O[C@H:1](SC)[C@H](O)[C@@H](O)[C@H]2O)N(C)C1
CCN(CC)CCNC(=O)c1cc(Cl)c(N)cc1OC,CCNCCNC(=O)c1cc(Cl)c(N)cc1OC|CCN(CC)CCNC(=O)c1cc(Cl)c([N+](=O)[O-])cc1OC,CCN(CC)CCNC(=O)c1cc(Cl)c([NH2:1])cc1OC|CCN(CC)CCNC(=O)c1cc(Cl)c(N)[cH:1]c1OC|CC[N:1](CC)CCNC(=O)c1cc(Cl)c(N)cc1OC|CCN(CC)CCNC(=O)c1cc(Cl)c(N)cc1[O:1]C|CCN(CC)CC[NH:1]C(=O)c1cc(Cl)c(N)cc1OC|CCN(CCNC(=O)c1cc(Cl)c(N)cc1[O:1]C)CC|CCN(CCNC(=O)c1cc(Cl)c(N)cc1OC)[CH2:1]C|CCN(CCNC(=O)c1cc(Cl)c(N)cc1OC)C[CH3:1]|COc1cc(N)c(Cl)cc1C(=O)NCCN(C[CH3:1])CC|CCN(CC)CCNC(=O)c1c(OC)cc(N)c(Cl)[cH:1]
CCN(CC)CCOC(=O)c1ccc(N)cc1,CCN(CC)CCO|Nc1ccc(C(=O)O)cc1,CCN(CC)CCOC(=O)c1ccc([NH2:1])cc1|CC[N:1](CC)CCOC(=O)c1ccc(N)cc1|CCN(CC)CC[O:1]C(=O)c1ccc(N)cc1|CCN(CC)CCOC(=O)c1ccc(N)[cH:1]c1|CCN(CC)C[CH2:1][O:1]C(=O)c1ccc(N)cc1|CC[N:1](CC)CC[O:1]C(=O)c1ccc(N)cc1|CCN(CC)[CH2:1]COC(=O)c1ccc(N)cc1|CCN(CC)C[CH2:1]OC(=O)c1ccc(N)cc1|CC[N:1](CC)CCOC(=O)c1cc[c:1](N)cc1|CCN(CCOC(=O)c1ccc(N)cc1)[CH2:1]C
CCN(c1cc(-c2ccc(CN3CCOCC3)cc2)cc(C(=O)NCc2c(C)cc(C)[nH]c2=O)c1C)C1CCOCC1,Cc1cc(C)c(CNC(=O)c2cc(-c3ccc(CN4CCOCC4)cc3)cc(NC3CCOCC3)c2C)c(=O)[nH]1,CC[N:1](c1cc(-c2ccc(CN3CCOCC3)cc2)cc(C(=O)NCc2c(C)cc(C)[nH]c2=O)c1C)C1CCOCC1|CCN(c1cc(-c2ccc(CN3CCOCC3)cc2)cc(C(=O)NCc2c(C)cc(C)[nH]c2=O)c1C)C1CCO[CH2:1]C1|CCN(c1cc(-c2ccc(CN3CCOCC3)cc2)cc(C(=O)NCc2c(C)cc(C)[nH]c2=O)c1C)C1CC[O:1]CC1|CCN(c1cc(-c2ccc(CN3CCOCC3)cc2)cc(C(=O)NCc2c(C)cc([CH3:1])[nH]c2=O)c1C)C1CCOCC1|CCN(c1cc(-c2ccc(CN3CCOC[CH2:1]3)cc2)cc(C(=O)NCc2c(C)cc(C)[nH]c2=O)c1C)C1CCOCC1|CCN(c1cc(-c2ccc([CH2:1]N3CCOCC3)cc2)cc(C(=O)NCc2c(C)cc(C)[nH]c2=O)c1C)C1CCOCC1|CCN(c1cc(-c2ccc(CN3CCOCC3)cc2)cc(C(=O)NCc2c(C)cc(C)[nH:1]c2=O)c1C)C1CCOCC1|CCN(c1cc(-c2ccc(CN3CCO[CH2:1]C3)cc2)cc(C(=O)NCc2c(C)cc(C)[nH]c2=O)c1C)C1CCOCC1|CCN(c1cc(-c2ccc(C[N:1]3CCOCC3)cc2)cc(C(=O)NCc2c(C)cc(C)[nH]c2=O)c1C)C1CCOCC1|CCN(c1cc(-c2ccc(CN3CC[O:1][CH2:1]C3)cc2)cc(C(=O)NCc2c(C)cc(C)[nH]c2=O)c1C)C1CCOCC1
CCN[C@H]1C[C@H](C)S(=O)(=O)c2sc(S(N)(=O)=O)cc21,C[C@H]1C[C@H](N)c2cc(S(N)(=O)=O)sc2S1(=O)=O,CC[NH:1][C@H]1C[C@H](C)S(=O)(=O)c2sc(S(N)(=O)=O)cc21|CCN[C@H]1C[C@H](C)S(=O)(=O)c2sc(S(=O)(=O)[NH2:1])cc21|C[C@H]1C[C@H](N[CH2:1]C)c2cc(S(N)(=O)=O)sc2S1(=O)=O|C[C@@H]1C[C@H](N[CH2:1]C)c2cc(S(N)(=O)=O)sc2S1(=O)=O|CCN[C@H]1C[C@H](C)S(=O)(=O)c2sc([S:1](N)(=O)=O)cc21|CCN[C@H]1C[C@H]([CH3:1])S(=O)(=O)c2sc(S(N)(=O)=O)cc21|CCN[C@H:1]1C[C@H](C)S(=O)(=O)c2sc(S(N)(=O)=O)cc21|C[C@H]1C[C@H](NC[CH3:1])c2cc(S(N)(=O)=O)sc2S1(=O)=O|NS(=O)(=O)c1cc2c(s1)S(=O)(=O)[C@@H](C)C[C@@H]2N[CH2:1][CH3:1]|C[CH2:1]N[C@H]1C[C@H](C)S(=O)(=O)c2sc(S(N)(=O)=O)cc21
CCOC(=O)Nc1ccc2c(c1)N(C(=O)CN(CC)CC)c1ccccc1CC2,CCNCC(=O)N1c2ccccc2CCc2ccc(NC(=O)OCC)cc21,CCOC(=O)Nc1ccc2c(c1)N(C(=O)C[N:1](CC)CC)c1ccccc1CC2|CCOC(=O)[NH:1]c1ccc2c(c1)N(C(=O)CN(CC)CC)c1ccccc1CC2|CCOC(=O)Nc1ccc2c(c1)N(C(=O)CN(CC)CC)c1cc[cH:1]cc1CC2|CCOC(=O)Nc1ccc2c(c1)N(C(=O)CN(CC)C[CH3:1])c1ccccc1CC2|CCOC(=O)Nc1ccc2c(c1)N(C(=O)CN(CC)CC)c1ccccc1[CH2:1]C2|CCOC(=O)Nc1cc2c(c[cH:1]1)CCc1ccccc1N2C(=O)CN(CC)CC|CCN(CC)CC(=O)N1c2ccccc2CCc2ccc(NC(=O)[O:1]CC)cc21|CCOC(=O)Nc1ccc2c(c1)[N:1](C(=O)CN(CC)CC)c1ccccc1CC2|CCN(CC)CC(=O)N1c2ccccc2CCc2ccc(NC(=O)OC[CH3:1])cc21|CCOC(=O)Nc1ccc2c(c1)N(C(=O)CN(CC)CC)c1ccc[cH:1]c1CC2
CCOC(=O)c1c(CSc2ccccc2)n(C)c2cc(Br)c(O)c(CN(C)C)c12,CCOC(=O)c1c(CSc2ccccc2)n(C)c2cc(Br)c(OS(=O)(=O)O)c(CN(C)C)c12|CCOC(=O)c1c(CSc2ccc(O)cc2)n(C)c2cc(Br)c(O)c(CN(C)C)c12|CCOC(=O)c1c(CS(=O)(=O)c2ccccc2)n(C)c2cc(Br)c(O)c(CNC)c12|CCOC(=O)c1c(CS(=O)(=O)c2ccccc2)n(C)c2cc(Br)c(OS(=O)(=O)O)c(CN(C)C)c12|CCOC(=O)c1c(CSc2ccccc2)n(C)c2cc(Br)c(O)c(CNC)c12|CCOC(=O)c1c(CS(=O)c2ccccc2)n(C)c2cc(Br)c(O)c(CN(C)C)c12|CCOC(=O)c1c(CO)n(C)c2cc(Br)c(O)c(CN(C)C)c12|CCOC(=O)c1c(CS(=O)c2ccccc2)n(C)c2cc(Br)c(O)c(CNC)c12|CCOC(=O)c1c(CSc2ccccc2)n(C)c2cc(Br)c(OC3O[C@H](C(=O)O)[C@@H](O)[C@H](O)[C@H]3O)c(CN(C)C)c12|CCOC(=O)c1c(CS(=O)(=O)c2ccccc2)n(C)c2cc(Br)c(O)c(CN(C)C)c12,CCOC(=O)c1c(CSc2ccccc2)n(C)c2cc(Br)c([OH:1])c(CN(C)C)c12|CCOC(=O)c1c(C[S:1]c2ccccc2)n(C)c2cc(Br)c(O)c(CN(C)C)c12|CC[O:1]C(=O)c1c(CSc2ccccc2)n(C)c2cc(Br)c(O)c(CN(C)C)c12|CCOC(=O)c1c(CSc2ccccc2)n(C)c2cc(Br)c(O)c(C[N:1](C)C)c12|CCOC(=O)c1c([CH2:1]Sc2ccccc2)n(C)c2cc(Br)c(O)c(CN(C)C)c12|CCOC(=O)c1c(CSc2cc[cH:1]cc2)n(C)c2cc(Br)c(O)c(CN(C)C)c12|CC[O:1]C(=O)c1c(C[S:1]c2ccccc2)n(C)c2cc(Br)c(O)c(CN(C)C)c12|CCOC(=O)c1c(CSc2ccccc2)[n:1](C)c2cc(Br)c(O)c(CN(C)C)c12|CCOC(=O)c1c(CSc2cccc[cH:1]2)n(C)c2cc(Br)c(O)c(CN(C)C)c12|CCOC(=O)c1c(CSc2ccccc2)n(C)c2cc(Br)c(O)c(CN(C)[CH3:1])c12
CN(C)C(=O)COC(=O)Cc1ccc(OC(=O)c2ccc(NC(=N)N)cc2)cc1,N=C(N)Nc1ccc(C(=O)Oc2ccc(CC(=O)O)cc2)cc1,CN(C)C(=O)C[O:1]C(=O)Cc1ccc(OC(=O)c2ccc(NC(=N)N)cc2)cc1|C[N:1](C)C(=O)COC(=O)Cc1ccc(OC(=O)c2ccc(NC(=N)N)cc2)cc1|CN(C)[C:1](=O)COC(=O)Cc1ccc(OC(=O)c2ccc(NC(=N)N)cc2)cc1|CN(C)[C:1](=O)C[O:1]C(=O)Cc1ccc(OC(=O)c2ccc(NC(=N)N)cc2)cc1|CN(C)C(=O)COC(=O)Cc1ccc(OC(=O)c2ccc(N[C:1](=[NH:1])[NH2:1])cc2)cc1|CN(C)C(=O)COC(=O)Cc1ccc([O:1]C(=O)c2ccc(NC(=N)N)cc2)cc1|CN(C)C(=O)COC(=O)[CH2:1]c1ccc(OC(=O)c2ccc(NC(=N)N)cc2)cc1|C[N:1](C)C(=O)COC(=O)Cc1ccc(OC(=O)c2ccc(N[C:1](=[NH:1])[NH2:1])cc2)cc1|CN(C)[C:1](=O)COC(=O)Cc1ccc(OC(=O)c2ccc(NC(N)=[NH:1])cc2)cc1|CN(C(=O)COC(=O)Cc1ccc(OC(=O)c2ccc(NC(N)=[NH:1])cc2)cc1)[CH3:1]
CN(C)CCCN1c2ccccc2CCc2ccccc21,CNCCCN1c2ccccc2CCc2ccccc21|NCCCN1c2ccccc2CCc2ccccc21|c1ccc2c(c1)CCc1ccccc1N2|CN(C)CCCN1c2ccccc2CCc2cc(O)ccc21|C[N+](C)([O-])CCCN1c2ccccc2CCc2ccccc21,C[N:1](C)CCCN1c2ccccc2CCc2ccccc21|CN(C)CCCN1c2ccccc2CCc2c[cH:1]ccc21|CN(C)CCCN1c2ccccc2C[CH2:1]c2ccccc21|CN(C)CCCN1c2cc[cH:1]cc2CCc2ccccc21|CN(C)[CH2:1]CCN1c2ccccc2CCc2ccccc21|CN(C)CCCN1c2c[cH:1]ccc2CCc2ccccc21|CN(C)CCCN1c2ccccc2[CH2:1]Cc2ccccc21|CN(C)CCCN1c2ccccc2CC[c:1]2[cH:1][cH:1][cH:1][cH:1][c:1]21|CN(C)CCCN1c2ccccc2CCc2cc[cH:1]cc21|CN(C)CCCN1c2ccc[cH:1]c2CCc2ccccc21
CN(C)c1ccc(O)c2c1C[C@H]1C[C@H]3[C@H](N(C)C)C(O)=C(C(N)=O)C(=O)[C@@]3(O)C(O)=C1C2=O,CN(C)c1cc(O)c(O)c2c1C[C@H]1C[C@H]3[C@H](N(C)C)C(O)=C(C(N)=O)C(=O)[C@@]3(O)C(O)=C1C2=O|CN[C@@H]1C(O)=C(C(N)=O)C(=O)[C@@]2(O)C(O)=C3C(=O)c4c(O)ccc(N(C)C)c4C[C@H]3C[C@@H]12|CNc1ccc(O)c2c1C[C@H]1C[C@H]3[C@H](N(C)C)C(O)=C(C(N)=O)C(=O)[C@@]3(O)C(O)=C1C2=O,CN(C)c1ccc(O)c2c1C[C@H]1C[C@H]3[C@H]([N:1](C)C)C(O)=C(C(N)=O)C(=O)[C@@]3(O)C(O)=C1C2=O|CN(C)c1c[cH:1]c(O)c2c1C[C@H]1C[C@H]3[C@H](N(C)C)C(O)=C(C(N)=O)C(=O)[C@@]3(O)C(O)=C1C2=O|CN(C)c1ccc([OH:1])c2c1C[C@H]1C[C@H]3[C@H](N(C)C)C(O)=C(C(N)=O)C(=O)[C@@]3(O)C(O)=C1C2=O|CN(C)c1c[cH:1]c(O)c2c1C[C@H]1C[C@H]3[C@H]([N:1](C)C)C(O)=C(C(N)=O)C(=O)[C@@]3(O)C(O)=C1C2=O|CN(C)c1ccc(O)c2c1C[C@H]1C[C@H]3[C@H](N(C)C)C(O)=C(C(N)=O)C(=O)[C@@]3(O)[C:1]([OH:1])=[C:1]1[C:1]2=[O:1]|CN(C)c1ccc(O)c2c1C[C@H]1C[C@H]3[C@H](N(C)C)C(O)=C(C(N)=O)C(=O)[C@@]3(O)[C:1]([OH:1])=[C:1]1C2=O|CN(C)c1ccc([OH:1])c2c1C[C@H]1C[C@H]3[C@H]([N:1](C)C)C(O)=C(C(N)=O)C(=O)[C@@]3(O)C(O)=C1C2=O|CN(C)c1ccc(O)c2c1[CH2:1][C@H]1C[C@H]3[C@H](N(C)C)C(O)=C(C(N)=O)C(=O)[C@@]3(O)C(O)=C1C2=O|CN(C)c1ccc(O)c2c1C[C@H]1C[C@H]3[C@H](N(C)C)C([OH:1])=C(C(N)=O)C(=O)[C@@]3(O)C(O)=C1C2=O|CN(C)c1ccc(O)c2c1C[C@H]1C[C@H]3[C@H](N(C)C)C(O)=C(C(N)=O)C(=O)[C@@]3(O)[C:1]([OH:1])=[C:1]1[C:1]2=O
CN1CCc2cccc3c2[C@H]1Cc1ccc(O)c(O)c1-3,CN1CCc2cccc3c2[C@H]1Cc1ccc(OC2O[C@H](C(=O)O)[C@@H](O)[C@H](O)[C@H]2O)c(O)c1-3|Oc1ccc2c(c1O)-c1cccc3c1[C@@H](C2)NCC3|CN1CCc2cccc3c2[C@H]1CC1=C3C(=O)C(=O)C=C1|CN1CCc2cccc3c2[C@H]1Cc1ccc(O)c(OC2O[C@H](C(=O)O)[C@@H](O)[C@H](O)[C@H]2O)c1-3|COc1c(O)ccc2c1-c1cccc3c1[C@@H](C2)N(C)CC3|COc1ccc2c(c1O)-c1cccc3c1[C@@H](C2)N(C)CC3,CN1CCc2cccc3c2[C@H]1Cc1ccc([OH:1])c(O)c1-3|CN1CCc2cccc3c2[C@H]1Cc1ccc(O)c([OH:1])c1-3|C[N:1]1CCc2cccc3c2[C@H]1Cc1ccc(O)c(O)c1-3|CN1CCc2cccc3c2[C@H]1C[c:1]1[cH:1][cH:1][c:1]([OH:1])[c:1]([OH:1])[c:1]1-3|CN1CCc2cccc3c2[C@H]1Cc1ccc(O)[c:1](O)c1-3|CN1CCc2cccc3c2[C@H]1Cc1cc[c:1](O)c(O)c1-3|CN1CCc2cccc3c2[C@H]1Cc1c[cH:1]c(O)c(O)c1-3|C[N:1]1[CH2:1][CH2:1][c:1]2cccc3[c:1]2[C@H:1]1Cc1ccc(O)c(O)c1-3|CN1CCc2cccc3c2[C@H]1[CH2:1]c1ccc(O)c(O)c1-3|CN1CCc2c[cH:1]cc3c2[C@H]1Cc1ccc(O)c(O)c1-3
CN1c2ccccc2C(=O)N2CCc3c([nH]c4ccccc34)C21,CN1c2ccccc2C(=O)N2CCc3c([nH]c4ccc(O)cc34)C21|CN1c2ccccc2C(=O)N2CC(O)c3c([nH]c4ccccc34)C21,CN1c2ccccc2C(=O)N2CCc3c([nH]c4cc[cH:1]cc34)C21|CN1c2ccccc2C(=O)N2CCc3c([nH]c4c[cH:1]ccc34)C21|C[N:1]1c2ccccc2C(=O)N2CCc3c([nH]c4ccccc34)C21|CN1c2ccccc2C(=O)N2C[CH2:1]c3c([nH]c4ccccc34)C21|O=C1c2ccccc2N([CH3:1])C2c3[nH]c4ccccc4c3CCN12|C[N:1]1[c:1]2cccc[c:1]2[C:1](=O)[N:1]2CCc3c([nH]c4ccccc34)[CH:1]21|CN1c2c[cH:1]ccc2C(=O)N2CCc3c([nH]c4ccccc34)C21|CN1c2cc[cH:1]cc2C(=O)N2CCc3c([nH]c4ccccc34)C21|CN1c2ccccc2C(=O)N2CCc3c([nH]c4c3ccc[cH:1]4)C21|CN1c2ccccc2C(=O)[N:1]2CCc3c([nH]c4ccccc34)C21
CNC(=O)c1ccccc1Sc1ccc2c(/C=C/c3ccccn3)n[nH]c2c1,CNC(=O)c1ccccc1Sc1ccc2c(C3OC3c3ccccn3)n[nH]c2c1|CNC(=O)c1ccccc1S(=O)c1ccc2c(/C=C/c3ccccn3)n[nH]c2c1|CNC(=O)c1ccccc1Sc1ccc2c(/C=C/c3cccc[n+]3[O-])n[nH]c2c1|O=C(NCO)c1ccccc1Sc1ccc2c(/C=C/c3ccccn3)n[nH]c2c1,CNC(=O)c1ccccc1[S:1]c1ccc2c(/C=C/c3ccccn3)n[nH]c2c1|C[NH:1]C(=O)c1ccccc1Sc1ccc2c(/C=C/c3ccccn3)n[nH]c2c1|O=C(N[CH3:1])c1ccccc1Sc1ccc2c(/C=C/c3ccccn3)n[nH]c2c1|CNC(=O)c1c[cH:1]ccc1Sc1ccc2c(/C=C/c3ccccn3)n[nH]c2c1|CN[C:1](=O)c1ccccc1Sc1ccc2c(/C=C/c3ccccn3)n[nH]c2c1|CNC(=O)c1cc[cH:1]cc1Sc1ccc2c(/C=C/c3ccccn3)n[nH]c2c1|CNC(=O)c1c(Sc2ccc3c(/C=C/c4ccccn4)n[nH]c3c2)ccc[cH:1]1|CNC(=O)c1ccccc1Sc1ccc2c(/C=C/c3cc[cH:1]cn3)n[nH]c2c1|CNC(=O)c1ccccc1Sc1ccc2c(/C=C/c3ccccn3)n[nH:1]c2c1|C[NH:1][C:1](=O)c1ccccc1Sc1ccc2c(/C=C/c3ccccn3)n[nH]c2c1
CNCC[C@@H](Oc1ccccc1C)c1ccccc1,CNCC[C@@H](Oc1ccccc1CO)c1ccccc1|Cc1ccccc1O[C@H](CCN)c1ccccc1|CNCC[C@@H](Oc1ccc(O)cc1C)c1ccccc1,CNCC[C@@H](Oc1ccc[cH:1]c1C)c1ccccc1|CNCC[C@@H](Oc1ccccc1[CH3:1])c1ccccc1|CNCC[C@@H](Oc1cc[cH:1]cc1C)c1ccccc1|Cc1ccccc1O[C@H](CC[NH:1]C)c1ccccc1|CNCC[C@@H:1](Oc1ccccc1C)c1ccccc1|CNCC[C@@H](Oc1ccccc1C)c1cc[cH:1]cc1|CNCC[C@H](c1ccccc1)[O:1]c1ccccc1C|CNCC[C@@H](Oc1c[cH:1]ccc1C)c1ccccc1|CN[CH2:1]C[C@@H](Oc1ccccc1C)c1ccccc1|CNCC[C@H:1](c1ccccc1)[O:1]c1ccccc1C
CNCc1cc(-c2ccccc2F)n(S(=O)(=O)c2cccnc2)c1,O=C(O)c1cc(-c2ccccc2F)n(S(=O)(=O)c2cccnc2)c1|NCc1cc(-c2ccccc2F)n(S(=O)(=O)c2cccnc2)c1|C/[N+]([O-])=C/c1cc(-c2ccccc2F)n(S(=O)(=O)c2cccnc2)c1,C[NH:1]Cc1cc(-c2ccccc2F)n(S(=O)(=O)c2cccnc2)c1|CN[CH2:1]c1cc(-c2ccccc2F)n(S(=O)(=O)c2cccnc2)c1|C[NH:1][CH2:1]c1cc(-c2ccccc2F)n(S(=O)(=O)c2cccnc2)c1|CNCc1cc(-c2ccccc2F)n(S(=O)(=O)c2ccc[n:1]c2)c1|O=S(=O)(c1cccnc1)n1cc(CN[CH3:1])cc1-c1ccccc1F|CNCc1cc(-c2ccccc2F)n(S(=O)(=O)c2cccnc2)[cH:1]1|CNCc1cc(-c2ccccc2F)n(S(=O)(=O)c2cc[cH:1]nc2)c1|O=S(=O)(c1cccnc1)n1cc(C[NH:1][CH3:1])cc1-c1ccccc1F|CNCc1cc(-c2cc[cH:1]cc2F)n(S(=O)(=O)c2cccnc2)c1|C[NH:1]Cc1cc(-c2ccccc2F)[n:1](S(=O)(=O)c2cccnc2)c1
CN[C@@H](C)[C@@H](O)c1ccccc1,C[C@H](N)[C@@H](O)c1ccccc1,C[C@@H]([C@@H](O)c1ccccc1)[NH:1]C|CN[C@@H](C)[C@H:1](c1ccccc1)[OH:1]|CN[C@@H](C)[C@@H:1](O)c1ccccc1|CN[C@@H](C)[C@@H](O)c1cc[cH:1]cc1|CN[C@@H](C)[C@H](c1ccccc1)[OH:1]|C[C@@H](N[CH3:1])[C@@H](O)c1ccccc1|CN[C@@H](C)[C@@H](O)c1ccc[cH:1]c1|C[C@H]([C@@H](O)c1ccccc1)[NH:1]C|C[C@@H]([NH:1]C)[C@@H:1](O)c1ccccc1|CN[C@@H:1](C)[C@@H](O)c1ccccc1
CN[C@@H](C)[C@H](O)c1ccccc1,C[C@H](O)[C@H](O)c1ccccc1|C[C@@H](N)[C@@H](O)c1ccccc1,CN[C@@H](C)[C@@H:1](c1ccccc1)[OH:1]|C[C@@H]([C@H](O)c1ccccc1)[NH:1]C|CN[C@@H](C)[C@@H](c1ccccc1)[OH:1]|C[C@@H]([C@@H](O)c1ccccc1)[NH:1]C|CN[C@@H](C)[C@H](O)c1cc[cH:1]cc1|CN[C@@H](C)[C@H:1](O)c1ccccc1|C[C@@H](N[CH3:1])[C@H](O)c1ccccc1|CN[C@@H](C)[C@H](O)c1ccc[cH:1]c1|C[C@@H]([NH:1]C)[C@@H:1](c1ccccc1)[OH:1]|C[C@@H](N[CH3:1])[C@@H](c1ccccc1)[OH:1]
COc1c(-c2ccc3cc(NS(C)(=O)=O)ccc3c2)cc(-n2ccc(=O)[nH]c2=O)cc1C(C)(C)C,COc1c(-c2ccc3cc(NS(C)(=O)=O)ccc3c2)cc(-n2ccc(=O)[nH]c2=O)cc1C(C)(C)CO,COc1c(-c2ccc3cc(NS(C)(=O)=O)ccc3c2)cc(-n2ccc(=O)[nH]c2=O)cc1C(C)(C)[CH3:1]|COc1c(-c2ccc3cc(NS(C)(=O)=O)ccc3c2)cc(-n2c[cH:1]c(=O)[nH]c2=O)cc1C(C)(C)C|CC(C)(C)c1cc(-c2ccc3cc(NS(C)(=O)=O)ccc3c2)cc(-n2ccc(=O)[nH]c2=O)c1[O:1]C|COc1c(-c2ccc3cc(NS(C)(=O)=O)ccc3c2)cc(-n2ccc(=O)[nH:1]c2=O)cc1C(C)(C)C|COc1c(-c2ccc3cc(NS(C)(=O)=O)ccc3c2)cc(-[n:1]2[cH:1][cH:1][c:1](=O)[nH:1][c:1]2=O)cc1C(C)(C)C|COc1c(-c2ccc3cc(NS(C)(=O)=[O:1])ccc3c2)cc(-n2ccc(=O)[nH]c2=O)cc1C(C)(C)C|COc1c(-c2ccc3cc([NH:1]S(C)(=O)=O)ccc3c2)cc(-n2ccc(=O)[nH]c2=O)cc1C(C)(C)C|COc1c(-c2cc3ccc(NS(C)(=O)=O)cc3c[cH:1]2)cc(-n2ccc(=O)[nH]c2=O)cc1C(C)(C)C|COc1c(-c2ccc3cc(NS(C)(=O)=O)ccc3c2)cc(-n2ccc(=O)[nH]c2=O)[cH:1]c1C(C)(C)C|COc1c(-c2ccc3cc(NS(C)(=O)=O)ccc3c2)cc(-n2cc[c:1](=[O:1])[nH]c2=O)cc1C(C)(C)C
COc1cc(Cc2cnc(N)nc2N)cc(OC)c1OC,COc1cc(Cc2c[n+]([O-])c(N)nc2N)cc(OC)c1OC|COc1cc(Cc2cnc(N)nc2N)cc(OC)c1O|COc1cc(Cc2cnc(N)[n+]([O-])c2N)cc(OC)c1OC|COc1cc(C(O)c2cnc(N)nc2N)cc(OC)c1OC|COc1cc(Cc2cnc(N)nc2N)cc(O)c1OC,COc1cc(Cc2cnc(N)nc2N)cc([O:1]C)c1OC|COc1cc(Cc2cnc(N)[n:1]c2N)cc(OC)c1OC|COc1cc(Cc2cnc([NH2:1])nc2N)cc(OC)c1OC|COc1cc(Cc2c[n:1]c(N)nc2N)cc(OC)c1OC|COc1cc(Cc2cnc(N)nc2N)[cH:1]c(OC)c1OC|COc1cc([CH2:1]c2cnc(N)nc2N)cc(OC)c1OC|COc1cc(Cc2cnc(N)nc2[NH2:1])cc(OC)c1OC|COc1cc(Cc2cnc(N)nc2N)cc(OC)c1[O:1]C|COc1cc(Cc2cnc(N)nc2N)cc(O[CH3:1])c1OC|COc1cc(Cc2cnc(N)n[c:1]2N)cc(OC)c1OC
COc1cc2nccc(Oc3ccc(NC(=O)NC4CC4)c(Cl)c3)c2cc1C(N)=O,COc1cc2c(cc1C(N)=O)c(Oc1ccc(NC(=O)NC3CC3)c(Cl)c1)cc[n+]2[O-]|NC(=O)c1cc2c(Oc3ccc(NC(=O)NC4CC4)c(Cl)c3)ccnc2cc1O,COc1cc2c(cc1C(N)=O)c(Oc1ccc(NC(=O)NC3CC3)c(Cl)c1)cc[n:1]2|C[O:1]c1cc2nccc(Oc3ccc(NC(=O)NC4CC4)c(Cl)c3)c2cc1C(N)=O|COc1cc2n[cH:1]cc(Oc3ccc(NC(=O)NC4CC4)c(Cl)c3)c2cc1C(N)=O|COc1cc2nccc(Oc3ccc(NC(=O)NC4C[CH2:1]4)c(Cl)c3)c2cc1C(N)=O|COc1cc2nccc(Oc3ccc(NC(=O)NC4CC4)c(Cl)c3)c2cc1C(=O)[NH2:1]|COc1cc2nccc(Oc3ccc(NC(=O)NC4CC4)c(Cl)c3)c2cc1[C:1](N)=O|COc1c(C(N)=O)cc2c(Oc3ccc(NC(=O)NC4CC4)c(Cl)c3)ccnc2[cH:1]1|COc1cc2nccc(Oc3ccc(NC(=O)NC4CC4)c(Cl)c3)c2cc1[C:1]([NH2:1])=[O:1]|COc1cc2nccc(Oc3ccc(NC(=O)NC4CC4)c(Cl)c3)c2cc1[C:1](N)=[O:1]|O=C(NC1CC1)Nc1ccc(Oc2ccnc3cc([O:1][CH3:1])c(C(=O)[NH2:1])cc23)cc1Cl
COc1ccc(CC(C)NCC(O)c2ccc(O)c(NC=O)c2)cc1,COc1ccc(CC(C)NCC(O)c2ccc(OS(=O)(=O)O)c(NC=O)c2)cc1|CC(Cc1ccc(O)cc1)NCC(O)c1ccc(O)c(NC=O)c1|COc1ccc(CC(C)NCC(O)c2ccc(O)c(N)c2)cc1|COc1ccc(CC(C)NCC(OC2O[C@H](C(=O)O)[C@@H](O)[C@H](O)[C@H]2O)c2ccc(O)c(NC=O)c2)cc1|COc1ccc(CC(C)NCC(O)c2ccc(OC3O[C@H](C(=O)O)[C@@H](O)[C@H](O)[C@H]3O)c(NC=O)c2)cc1,COc1ccc(CC(C)NCC(c2ccc(O)c(NC=O)c2)[OH:1])cc1|COc1ccc(CC(C)NCC(O)c2ccc([OH:1])c(NC=O)c2)cc1|CC(Cc1ccc([O:1]C)cc1)NCC(O)c1ccc(O)c(NC=O)c1|COc1ccc(CC(C)NCC(O)c2ccc(O)c([NH:1]C=O)c2)cc1|COc1ccc(CC(C)[NH:1]CC(O)c2ccc(O)c(NC=O)c2)cc1|COc1ccc(CC(C)NCC(O)c2cc(NC=O)c(O)[cH:1]c2)cc1|COc1ccc(CC(C)NC[CH:1](O)c2ccc(O)c(NC=O)c2)cc1|COc1ccc(CC(C)NC[CH:1](c2ccc(O)c(NC=O)c2)[OH:1])cc1|COc1ccc(CC(C)NCC(O)c2ccc(O)c(N[CH:1]=O)c2)cc1|COc1ccc(C[CH:1](C)NCC(c2ccc(O)c(NC=O)c2)[OH:1])cc1
COc1ccc(S(=O)(=O)N2Cc3[nH]c4ccccc4c3CC2C(N)=O)cc1,NC(=O)C1Cc2c([nH]c3ccccc23)CN1S(=O)(=O)c1ccc(O)cc1|COc1ccc(S(=O)(=O)N2Cc3[nH]c4ccccc4c3CC2C(N)=O)cc1O|COc1ccc(S(=O)(=O)N2Cc3[nH]c4ccccc4c3C=C2C(N)=O)cc1,COc1ccc(S(=O)(=O)N2Cc3[nH]c4cc[cH:1]cc4c3CC2C(N)=O)cc1|C[O:1]c1ccc(S(=O)(=O)N2Cc3[nH]c4ccccc4c3CC2C(N)=O)cc1|COc1ccc(S(=O)(=O)N2Cc3[nH]c4ccccc4c3CC2[C:1](N)=O)cc1|COc1ccc(S(=O)(=O)N2Cc3[nH]c4ccccc4c3CC2C(=O)[NH2:1])cc1|COc1ccc(S(=O)(=O)N2Cc3[nH]c4c[cH:1]ccc4c3CC2C(N)=O)cc1|COc1ccc(S(=O)(=O)[N:1]2Cc3[nH]c4ccccc4c3CC2C(N)=O)cc1|COc1ccc(S(=O)(=O)N2C(C(N)=O)C[c:1]3[nH:1][c:1]4cccc[c:1]4[c:1]3[CH2:1]2)cc1|COc1ccc(S(=O)(=O)N2Cc3[nH]c4ccccc4c3CC2[C:1](N)=[O:1])cc1|COc1ccc(S(=O)(=O)N2Cc3[nH]c4ccccc4c3CC2[C:1](=O)[NH2:1])cc1|COc1ccc(S(=O)(=O)N2C(C(N)=O)Cc3c4ccccc4[nH]c3[CH2:1]2)cc1
COc1ccc2ccc(=O)oc2c1CC=C(C)C,COc1ccc2c(c1CC=C(C)C)OC(O)C(CC(=O)O)=C2|CC(C)=CCc1c(O)ccc2ccc(=O)oc12|COc1ccc2ccc(=O)oc2c1C/C=C(\C)CO|C=C(C)/C=C/c1c(OC)ccc2ccc(=O)oc12|COc1ccc2cc(O)c(=O)oc2c1CC=C(C)C,COc1ccc2c[cH:1]c(=O)oc2c1CC=C(C)C|CC(C)=CCc1c([O:1]C)ccc2ccc(=O)oc12|COc1c[cH:1]c2ccc(=O)oc2c1CC=C(C)C|COc1ccc2ccc(=O)oc2c1CC=C(C)[CH3:1]|COc1ccc2ccc(=O)oc2c1C[CH:1]=[C:1](C)C|COc1c(CC=C(C)C)c2oc(=O)ccc2c[cH:1]1|COc1ccc2ccc(=O)oc2c1[CH2:1]C=C(C)C|COc1cc[c:1]2[cH:1][cH:1][c:1](=O)[o:1][c:1]2c1CC=C(C)C|CC(C)=CC[c:1]1c([O:1]C)ccc2ccc(=O)oc21|COc1ccc2ccc(=O)oc2c1[CH2:1][CH:1]=[C:1](C)C
COc1ccccc1Oc1c(NS(=O)(=O)c2ccc(C(C)(C)C)cc2)nc(-c2ncccn2)nc1OCCO,COc1ccccc1Oc1c(NS(=O)(=O)c2ccc(C(C)(C)CO)cc2)nc(-c2ncccn2)nc1OCCO|CC(C)(C)c1ccc(S(=O)(=O)Nc2nc(-c3ncccn3)nc(OCCO)c2Oc2ccccc2O)cc1,CC(C)(C)c1ccc(S(=O)(=O)Nc2nc(-c3ncccn3)nc(OCCO)c2Oc2ccccc2[O:1]C)cc1|COc1ccccc1Oc1c(NS(=O)(=O)c2ccc(C(C)(C)C)cc2)nc(-c2ncccn2)nc1OC[CH2:1]O|COc1ccccc1Oc1c(NS(=O)(=O)c2ccc(C(C)(C)C)cc2)nc(-[c:1]2[n:1][cH:1][cH:1][cH:1][n:1]2)nc1OCCO|COc1ccccc1Oc1c(NS(=O)(=O)c2ccc(C(C)(C)C)cc2)nc(-c2ncccn2)nc1OCC[OH:1]|COc1c[cH:1]ccc1Oc1c(NS(=O)(=O)c2ccc(C(C)(C)C)cc2)nc(-c2ncccn2)nc1OCCO|COc1ccccc1Oc1c(NS(=O)(=O)c2ccc(C(C)(C)C)cc2)nc(-c2ncccn2)nc1OC[CH2:1][OH:1]|COc1ccccc1Oc1c(NS(=O)(=O)c2ccc(C(C)(C)C)cc2)nc(-c2nc[cH:1]cn2)nc1OCCO|COc1ccccc1Oc1c([NH:1]S(=O)(=O)c2ccc(C(C)(C)C)cc2)nc(-c2ncccn2)nc1OCCO|CC(C)(C)c1ccc(S(=O)(=O)Nc2nc(-c3ncccn3)nc(OCC[OH:1])c2Oc2ccccc2[O:1]C)cc1|COc1ccccc1Oc1c(NS(=O)(=O)c2ccc(C(C)(C)C)cc2)nc(-c2ncccn2)nc1[O:1]CCO
CS(=O)(=O)CCNCc1ccc(-c2ccc3ncnc(Nc4ccc(OCc5cccc(F)c5)c(Cl)c4)c3c2)o1,NCc1ccc(-c2ccc3ncnc(Nc4ccc(OCc5cccc(F)c5)c(Cl)c4)c3c2)o1|CS(=O)(=O)CCNCc1ccc(-c2ccc3ncnc(Nc4ccc(O)c(Cl)c4)c3c2)o1|CS(=O)(=O)CCN(O)Cc1ccc(-c2ccc3ncnc(Nc4ccc(OCc5cccc(F)c5)c(Cl)c4)c3c2)o1,CS(=O)(=O)CC[NH:1]Cc1ccc(-c2ccc3ncnc(Nc4ccc(OCc5cccc(F)c5)c(Cl)c4)c3c2)o1|CS(=O)(=O)CCNCc1ccc(-c2ccc3n[cH:1]nc(Nc4ccc(OCc5cccc(F)c5)c(Cl)c4)c3c2)o1|CS(=O)(=O)CCN[CH2:1]c1ccc(-c2ccc3ncnc(Nc4ccc(OCc5cccc(F)c5)c(Cl)c4)c3c2)o1|CS(=O)(=O)C[CH2:1]NCc1ccc(-c2ccc3ncnc(Nc4ccc(OCc5cccc(F)c5)c(Cl)c4)c3c2)o1|CS(=O)(=O)CC[NH:1][CH2:1]c1ccc(-c2ccc3ncnc(Nc4ccc(OCc5cccc(F)c5)c(Cl)c4)c3c2)o1|CS(=O)(=O)CCNCc1ccc(-c2ccc3ncnc(Nc4ccc(O[CH2:1]c5cccc(F)c5)c(Cl)c4)c3c2)o1|CS(=O)(=O)CCNCc1ccc(-c2ccc3ncnc(Nc4ccc([O:1]Cc5cccc(F)c5)c(Cl)c4)c3c2)o1|CS(=O)(=O)CCNCc1ccc(-c2ccc3ncnc(Nc4ccc(OCc5cc[cH:1]c(F)c5)c(Cl)c4)c3c2)o1|CS(=O)(=O)CCNCc1ccc(-c2ccc3ncnc(Nc4ccc(OCc5cc(F)cc[cH:1]5)c(Cl)c4)c3c2)o1|CS(=O)(=O)CCNCc1ccc(-c2ccc3ncnc(Nc4ccc(OCc5cccc(F)c5)c(Cl)c4)c3[cH:1]2)o1
C[C@@H](Oc1cc(-c2cnn(C3CCNCC3)c2)cnc1N)c1c(Cl)ccc(F)c1Cl,Nc1ncc(-c2cnn(C3CCNCC3)c2)cc1O,C[C@@H](Oc1cc(-c2cnn(C3CC[NH:1]CC3)c2)cnc1N)c1c(Cl)ccc(F)c1Cl|C[C@@H](Oc1cc(-c2cnn(C3CCN[CH2:1]C3)c2)cnc1N)c1c(Cl)ccc(F)c1Cl|C[C@@H](Oc1cc(-c2cn[n:1](C3CCNCC3)c2)cnc1N)c1c(Cl)ccc(F)c1Cl|C[C@@H](Oc1cc(-c2cnn(C3CCNC[CH2:1]3)c2)cnc1N)c1c(Cl)ccc(F)c1Cl|C[C@@H](Oc1cc(-c2cnn(C3CCNCC3)c2)cnc1N)c1c(Cl)c[cH:1]c(F)c1Cl|C[C@@H](Oc1cc(-c2cnn(C3C[CH2:1]NC[CH2:1]3)c2)cnc1N)c1c(Cl)ccc(F)c1Cl|C[C@@H](Oc1cc(-c2c[n:1]n(C3CCNCC3)c2)cnc1N)c1c(Cl)ccc(F)c1Cl|C[C@H](c1c(Cl)ccc(F)c1Cl)[O:1]c1cc(-c2cnn(C3CCNCC3)c2)cnc1N|C[C@@H](Oc1cc(-c2cnn(C3CCNCC3)c2)cnc1N)c1c(Cl)ccc(F)[c:1]1Cl|Nc1ncc(-c2cnn(C3CCNCC3)c2)cc1O[C@@H](c1c(Cl)ccc(F)c1Cl)[CH3:1]
C[C@@H]1CC[C@H]2[C@@H](C)[C@H](OC(=O)CCC(=O)O)O[C@@H]3O[C@@]4(C)CC[C@@H]1[C@@]23OO4,C[C@H]1C2CC[C@H](C)[C@H]3CCC4(C)OO[C@]23[C@@H](O[C@H]1O)O4,C[C@@H]1CC[C@H]2[C@@H](C)[C@H]([O:1]C(=O)CCC(=O)O)O[C@@H]3O[C@@]4(C)CC[C@@H]1[C@@]23OO4|C[C@@H]1CC[C@H]2[C@@H](C)[C@H](OC(=O)CCC(=O)O)O[C@@H]3O[C@@]4(C)CC[C@@H]1[C@@]23[O:1][O:1]4|C[C@@H]1CC[C@H]2[C@@H](C)[C@H](OC(=O)CCC(=O)O)O[C@@H]3O[C@@]4(C)C[CH2:1][C@@H]1[C@@]23OO4|C[C@@H]1CC[C@H]2[C@@H]([CH3:1])[C@H](OC(=O)CCC(=O)O)O[C@@H]3O[C@@]4(C)CC[C@@H]1[C@@]23OO4|C[C@@H]1C[CH2:1][C@H]2[C@@H](C)[C@H](OC(=O)CCC(=O)O)O[C@@H]3O[C@@]4(C)CC[C@@H]1[C@@]23OO4|C[C@@H]1CC[C@H]2[C@@H](C)[C@H](OC(=O)CCC(=O)O)O[C@@H]3O[C@@]4(C)CC[C@@H]1[C@]23[O:1][O:1]4|C[C@@H]1CC[C@H]2[C@@H](C)[C@H](OC(=O)CCC(=O)[OH:1])O[C@@H]3O[C@@]4(C)CC[C@@H]1[C@@]23OO4|C[C@@H]1CC[C@H]2[C@@H](C)[C@H](OC(=O)CCC(=O)O)O[C@@H]3O[C@@]4(C)[CH2:1]C[C@@H]1[C@@]23OO4|C[C@@H]1CC[C@H]2[C@@H](C)[C@H](OC(=O)C[CH2:1]C(=O)O)O[C@@H]3O[C@@]4(C)CC[C@@H]1[C@@]23OO4|C[C@@H]1CC[C@H]2[C@@H](C)[C@H](OC(=O)CCC(=O)O)O[C@@H]3O[C@@]4([CH3:1])CC[C@@H]1[C@@]23OO4
C[C@H](NC(C)(C)C)C(=O)c1cccc(Cl)c1,CC(C)(C)N[C@H](CO)C(=O)c1cccc(Cl)c1|C[C@H](NC(C)(C)C)C(=O)c1ccc(O)c(Cl)c1|C[C@@H](NC(C)(C)CO)C(=O)c1cccc(Cl)c1|C[C@@H](NC(C)(C)C)C(=O)c1cc(O)cc(Cl)c1|CC(NC(C)(C)CO)C(=O)c1cccc(Cl)c1|C[C@@H]1NC(C)(C)CO[C@]1(O)c1cccc(Cl)c1,C[C@H](NC(C)(C)[CH3:1])C(=O)c1cccc(Cl)c1|C[C@H](NC(C)(C)C)[C:1](=O)c1cccc(Cl)c1|C[C@H](NC(C)(C)C)C(=O)c1cc(Cl)c[cH:1]c1|C[C@H](NC(C)(C)C)[C:1](c1cccc(Cl)c1)=[O:1]|C[C@@H](C(=O)c1cccc(Cl)c1)[NH:1]C(C)(C)C|C[C@H](NC(C)(C)C)C(=O)c1cc(Cl)cc[cH:1]1|C[C@H](NC(C)(C)C)C(=O)c1cc[cH:1]c(Cl)c1|C[C@H](NC(C)(C)C)C(=O)c1cccc(Cl)[cH:1]1|C[C@H]([NH:1]C(C)(C)C)[C:1](=O)c1cccc(Cl)c1|C[C@H](NC(C)(C)[CH3:1])[C:1](=O)c1cccc(Cl)c1
C[C@H]1CNCCCN1S(=O)(=O)c1cccc2cncc(F)c12,C[C@H]1C[N+]([O-])=CCCN1S(=O)(=O)c1cccc2cncc(F)c12|C[C@H]1CNC(=O)CCN1S(=O)(=O)c1cccc2cncc(F)c12,C[C@H]1C[NH:1]CCCN1S(=O)(=O)c1cccc2cncc(F)c12|C[C@H]1CNCCCN1S(=O)(=O)c1cccc2c1c(F)cn[cH:1]2|C[C@H]1CNCCCN1S(=O)(=O)c1cccc2cn[cH:1]c(F)c12|C[C@H]1CNCCCN1S(=O)(=O)c1cccc2c[n:1]cc(F)c12|C[C@H]1CN[CH2:1]CCN1S(=O)(=O)c1cccc2cncc(F)c12|C[C@@H]1N(S(=O)(=O)c2cccc3cncc(F)c23)CCCN[CH2:1]1|C[C@H]1CNCCCN1S(=O)(=O)c1ccc[c:1]2[cH:1][n:1][cH:1][c:1](F)[c:1]12|C[C@H]1CNCCCN1S(=O)(=O)c1c[cH:1]cc2cncc(F)c12|C[C@H]1CNCCCN1S(=O)(=O)c1cc[cH:1]c2cncc(F)c12|C[C@H]1CNCCCN1S(=O)(=O)c1cccc2cnc[c:1](F)c12
C[C@H]1COc2c(N3CCN(C)CC3)c(F)cc3c(=O)c(C(=O)O)cn1c23,C[C@H]1COc2c(N3CCNCC3)c(F)cc3c(=O)c(C(=O)O)cn1c23|C[C@H]1COc2c(N3CC[N+](C)([O-])CC3)c(F)cc3c(=O)c(C(=O)O)cn1c23,C[C@H]1COc2c(N3CCN(C)CC3)c(F)cc3c(=O)c(C(=O)[OH:1])cn1c23|C[C@H]1COc2c(N3CC[N:1](C)CC3)c(F)cc3c(=O)c(C(=O)O)cn1c23|C[C@H]1COc2c(N3CCN(C)CC3)c(F)cc3c(=O)c([C:1](=O)O)cn1c23|C[C@H]1COc2c(N3CCN(C)CC3)c(F)cc3c(=O)c([C:1](=O)[OH:1])cn1c23|C[C@H]1COc2c(N3CCN(C)CC3)c(F)cc3c(=O)[c:1](C(=O)O)cn1c23|C[C@H]1COc2c([N:1]3CCN(C)CC3)c(F)cc3c(=O)c(C(=O)O)cn1c23|C[C@H]1COc2c(N3CCN([CH3:1])CC3)c(F)cc3c(=O)c(C(=O)O)cn1c23|C[C@H]1COc2c(N3CCN(C)[CH2:1]C3)c(F)cc3c(=O)c(C(=O)O)cn1c23|C[C@H]1COc2c(N3CCN(C)C[CH2:1]3)c(F)cc3c(=O)c(C(=O)O)cn1c23|C[C@H]1COc2c(N3CCN(C)CC3)c(F)cc3c(=O)c(C(=O)O)[cH:1]n1c23
C[C@H]1C[C@H]2[C@@H]3CCC4=CC(=O)C=C[C@]4(C)[C@@]3(F)[C@@H](O)C[C@]2(C)[C@@]1(O)C(=O)COP(=O)(O)O,C[C@H]1C[C@H]2[C@@H]3CCC4=CC(=O)C=C[C@]4(C)[C@@]3(F)[C@@H](O)C[C@]2(C)[C@@]1(O)C(=O)CO,C[C@H]1C[C@H]2[C@@H]3CCC4=CC(=O)C=C[C@]4(C)[C@@]3(F)[C@@H](O)C[C@]2(C)[C@@]1(O)C(=O)C[O:1]P(=O)(O)O|C[C@H]1C[C@H]2[C@@H]3C[CH2:1]C4=CC(=O)C=C[C@]4(C)[C@@]3(F)[C@@H](O)C[C@]2(C)[C@@]1(O)C(=O)COP(=O)(O)O|C[C@H]1C[C@H]2[C@@H]3CCC4=CC(=O)C=C[C@]4(C)[C@@]3(F)[C@@H](O)C[C@]2(C)[C@]1(C(=O)COP(=O)(O)O)[OH:1]|C[C@H]1C[C@H]2[C@@H]3CCC4=CC(=O)C=C[C@]4(C)[C@@]3(F)[C@@H](O)C[C@]2(C)[C@@:1]1(O)C(=O)COP(=O)(O)O|C[C@H]1C[C@H]2[C@@H]3CCC4=CC(=O)C=C[C@]4(C)[C@@]3(F)[C@@H](O)C[C@]2(C)[C@@]1(O)C(=O)COP(=O)(O)[OH:1]|C[C@H]1C[C@H]2[C@@H]3CCC4=CC(=O)C=C[C@]4(C)[C@@]3(F)[C@@H](O)C[C@]2(C)[C@:1]1(C(=O)COP(=O)(O)O)[OH:1]|C[C@H]1C[C@H]2[C@@H]3CCC4=CC(=O)C=C[C@]4(C)[C@@]3(F)[C@@H](O)C[C@]2(C)[C@@]1(O)C(=O)[CH2:1]OP(=O)(O)O|C[C@H]1C[C@H]2[C@@H]3C[CH2:1][C:1]4=[CH:1]C(=O)C=C[C@]4(C)[C@@]3(F)[C@@H](O)C[C@]2(C)[C@@]1(O)C(=O)COP(=O)(O)O|C[C@H]1C[C@H]2[C@@H]3CC[C:1]4=[CH:1]C(=O)C=C[C@]4(C)[C@@]3(F)[C@@H](O)C[C@]2(C)[C@@]1(O)C(=O)COP(=O)(O)O|C[C@H]1C[C@H]2[C@@H]3CCC4=C[C:1](=[O:1])C=C[C@]4(C)[C@@]3(F)[C@@H](O)C[C@]2(C)[C@@]1(O)C(=O)COP(=O)(O)O
C[C@]12C=CC(=O)C(Cl)=C1CC[C@H]1[C@H]2CC[C@]2(C)[C@@H]1CC[C@]2(C)O,C[C@]1(O)CC[C@@H]2[C@H]3CCC4=C(Cl)C(=O)C=C[C@]4(C)[C@@H]3[C@@H](O)C[C@]21C,C[C@]12C=CC(=O)C(Cl)=C1CC[C@H]1[C@H]2CC[C@]2(C)[C@@H]1C[CH2:1][C@]2(C)O|C[C@]12C=CC(=O)C(Cl)=C1CC[C@H]1[C@H]2CC[C@]2(C)[C@@H]1CC[C@]2(C)[OH:1]|C[C@]12C=CC(=O)C(Cl)=C1[CH2:1]C[C@H]1[C@H]2CC[C@]2(C)[C@@H]1CC[C@]2(C)O|C[C@]12C=CC(=O)C(Cl)=C1CC[C@H]1[C@H]2CC[C@]2(C)[C@@H]1CC[C@:1]2(C)[OH:1]|C[C@]12C=CC(=O)C(Cl)=C1CC[C@H]1[C@H]2CC[C@]2(C)[C@@H]1CC[C@:1]2(C)O|C[C@]12C=CC(=O)C(Cl)=C1CC[C@H]1[C@H]2CC[C@]2(C)[C@@H]1[CH2:1]C[C@]2(C)O|C[C@]12C=CC(=O)C(Cl)=C1CC[C@H]1[C@H]2CC[C@]2([CH3:1])[C@@H]1CC[C@]2(C)O|C[C@]12C=CC(=O)C(Cl)=C1CC[C@H]1[C@H]2CC[C@]2(C)[C@@H]1CC[C@]2([CH3:1])[OH:1]|C[C@]12C=CC(=O)C(Cl)=C1C[CH2:1][C@H]1[C@H]2CC[C@]2(C)[C@@H]1CC[C@]2(C)O|C[C@]12C=CC(=O)[C:1](Cl)=C1CC[C@H]1[C@H]2CC[C@]2(C)[C@@H]1CC[C@]2(C)O
Cc1cc(N2CCN([C@H]3CN[C@H](C(=O)N4CCSC4)C3)CC2)n(-c2ccccc2)n1,Cc1cc(N2CCN([C@H]3CN[C@H](C(=O)N4CCS(=O)C4)C3)CC2)n(-c2ccccc2)n1|O=C([C@@H]1C[C@@H](N2CCN(c3cc(CO)nn3-c3ccccc3)CC2)CN1)N1CCSC1|Cc1cc(N2CCN([C@H]3CN[C@H](C(=O)O)C3)CC2)n(-c2ccccc2)n1,Cc1cc(N2CCN([C@H]3CN[C@H](C(=O)N4CC[S:1]C4)C3)CC2)n(-c2ccccc2)n1|Cc1cc(N2CCN([C@H]3CN[C@H](C(=O)N4CCS[CH2:1]4)C3)CC2)n(-c2ccccc2)n1|Cc1cc(N2CCN([C@H]3CN[C@H](C(=O)N4CCSC4)C3)CC2)n(-c2cc[cH:1]cc2)n1|Cc1nn(-c2ccccc2)c(N2CCN([C@H]3CN[C@H](C(=O)N4CCSC4)C3)CC2)[cH:1]1|Cc1cc(N2CCN([C@H]3CN[C@H]([C:1](=O)N4CCSC4)C3)CC2)n(-c2ccccc2)n1|Cc1cc([N:1]2CCN([C@H]3CN[C@H](C(=O)N4CCSC4)C3)CC2)n(-c2ccccc2)n1|Cc1cc(N2CCN([C@H]3CN[C@H](C(=O)N4CCSC4)C3)CC2)n(-c2ccc[cH:1]c2)n1|Cc1cc(N2CCN([C@H]3CN[C@H](C(=O)[N:1]4CCSC4)C3)CC2)n(-c2ccccc2)n1|C[c:1]1cc(N2CCN([C@H]3CN[C@H](C(=O)N4CCSC4)C3)CC2)n(-c2ccccc2)n1|Cc1cc(N2CC[N:1]([C@H]3CN[C@H](C(=O)N4CCSC4)C3)CC2)n(-c2ccccc2)n1
Cc1cc2c(s1)Nc1ccccc1N=C2N1CCN(C)CC1,Cc1cc2c(s1)Nc1ccc(O)cc1N=C2N1CCN(C)CC1|Cc1cc2c(s1)Nc1ccccc1N=C2N1CCNCC1|CN1CCN(C2=Nc3ccccc3Nc3sc(CO)cc32)CC1|Cc1cc2c(s1)Nc1ccccc1N=C2N1CC[N+](C)([O-])CC1|Cc1cc2c(s1)N(C1OC(C(=O)O)C(O)C(O)C1O)c1ccccc1N=C2N1CCN(C)CC1,CN1CCN(C2=Nc3ccccc3Nc3sc([CH3:1])cc32)CC1|Cc1cc2c(s1)Nc1c[cH:1]ccc1N=C2N1CCN(C)CC1|Cc1cc2c(s1)Nc1ccccc1N=C2N1CC[N:1](C)CC1|Cc1cc2c(s1)Nc1cc[cH:1]cc1N=C2N1CCN(C)CC1|Cc1cc2c(s1)Nc1ccccc1N=C2N1CCN(C)[CH2:1]C1|Cc1cc2c(s1)Nc1ccccc1N=C2N1CCN([CH3:1])CC1|Cc1cc2c(s1)[NH:1]c1ccccc1N=C2N1CCN(C)CC1|Cc1cc2c(s1)Nc1c[cH:1]ccc1N=C2N1CC[N:1](C)CC1|C[N:1]1CCN(C2=Nc3ccccc3Nc3sc([CH3:1])cc32)CC1|Cc1sc2c([cH:1]1)C(N1CCN(C)CC1)=Nc1ccccc1N
Cc1ccc(-n2nccn2)c(C(=O)N2CCN(c3nc4cc(Cl)ccc4o3)CCC2C)c1,CC1CCN(c2nc3cc(Cl)ccc3o2)CCN1C(=O)c1cc(CO)ccc1-n1nccn1|Cc1ccc(-n2nccn2)c(C(=O)N2CCN(c3nc4cc(Cl)ccc4o3)CCC2CO)c1|Cc1ccc(-n2nccn2)c(C(=O)N2CCN(c3nc4cc(Cl)c(O)cc4o3)CCC2C)c1,Cc1ccc(-n2nccn2)c(C(=O)N2CCN(c3nc4cc(Cl)ccc4o3)C[CH2:1]C2C)c1|Cc1ccc(-n2nccn2)c(C(=O)N2CCN(c3nc4cc(Cl)[cH:1]cc4o3)CCC2C)c1|Cc1ccc(-n2nccn2)c(C(=O)N2CCN(c3nc4cc(Cl)ccc4o3)[CH2:1]CC2C)c1|Cc1ccc(-n2nc[cH:1]n2)c(C(=O)N2CCN(c3nc4cc(Cl)ccc4o3)CCC2C)c1|CC1CCN(c2nc3cc(Cl)ccc3o2)CCN1C(=O)c1cc([CH3:1])ccc1-n1nccn1|Cc1ccc(-n2nccn2)c(C(=O)N2CCN(c3nc4cc(Cl)ccc4o3)CC[CH:1]2C)c1|Cc1ccc(-n2nccn2)c(C(=O)N2CCN(c3nc4cc(Cl)c[cH:1]c4o3)CCC2C)c1|Cc1cc(C(=O)N2CCN(c3nc4cc(Cl)ccc4o3)CCC2C)c(-n2nccn2)c[cH:1]1|Cc1ccc(-n2nccn2)c(C(=O)N2CC[N:1](c3nc4cc(Cl)ccc4o3)CCC2C)c1|Cc1ccc(-n2nccn2)c(C(=O)N2CCN(c3nc4c(ccc(Cl)[cH:1]4)o3)CCC2C
Cc1ccc(S(=O)(=O)Nc2ccc(C(=O)/C=C/c3ccc(O)cc3)cc2)cc1,Cc1ccc(S(=O)(=O)Nc2ccc(C(=O)/C=C/c3ccc(O)c(O)c3)cc2)cc1|O=C(/C=C/c1ccc(O)cc1)c1ccc(NS(=O)(=O)c2ccc(CO)cc2)cc1,Cc1ccc(S(=O)(=O)Nc2ccc(C(=O)/C=C/c3ccc([OH:1])cc3)cc2)cc1|Cc1ccc(S(=O)(=O)Nc2ccc(C(=O)/C=C/c3ccc(O)[cH:1]c3)cc2)cc1|O=C(/C=C/c1ccc(O)cc1)c1ccc(NS(=O)(=O)c2ccc([CH3:1])cc2)cc1|Cc1ccc(S(=O)(=O)Nc2ccc(C(=O)/C=C/c3ccc(O)cc3)cc2)c[cH:1]1|Cc1ccc(S(=O)(=O)Nc2ccc(C(=O)/C=C/c3ccc(O)c[cH:1]3)cc2)cc1|Cc1ccc(S(=O)(=O)Nc2ccc(C(=O)/C=C/c3ccc(O)cc3)cc2)[cH:1]c1|Cc1ccc(S(=O)(=O)Nc2ccc(C(=O)/C=C/c3ccc(O)cc3)[cH:1]c2)cc1|Cc1ccc(S(=O)(=O)Nc2ccc(C(=O)/C=C/c3ccc(O)cc3)c[cH:1]2)cc1|Cc1ccc(S(=O)(=O)[NH:1]c2ccc(C(=O)/C=C/c3ccc(O)cc3)cc2)cc1|Cc1ccc(S(=O)(=O)Nc2ccc(C(=O)/[CH:1]=[CH:1]/c3ccc(O)cc3)cc2)cc1
Cc1cccc(C)c1OCC(=O)N[C@@H](Cc1ccccc1)[C@@H](O)C[C@H](Cc1ccccc1)NC(=O)[C@H](C(C)C)N1CCCNC1=O,Cc1cccc(C)c1OCC(=O)N[C@@H](Cc1ccccc1)[C@@H](O)C[C@H](Cc1ccccc1)NC(=O)[C@H](C(C)C)N1CCC(O)NC1=O|Cc1cccc(C)c1OCC(=O)N[C@@H](Cc1ccccc1)[C@@H](O)C[C@H](Cc1ccccc1)NC(=O)[C@H](C(C)C)N1C(=O)NCCC1O,Cc1cccc(C)c1OCC(=O)N[C@@H](Cc1ccccc1)[C@@H](O)C[C@H](Cc1ccccc1)NC(=O)[C@H](C(C)C)N1CC[CH2:1]NC1=O|Cc1cccc([CH3:1])c1OCC(=O)N[C@@H](Cc1ccccc1)[C@@H](O)C[C@H](Cc1ccccc1)NC(=O)[C@H](C(C)C)N1CCCNC1=O|Cc1cccc(C)c1OCC(=O)N[C@@H](Cc1ccccc1)[C@@H](O)[CH2:1][C@H](Cc1ccccc1)NC(=O)[C@H](C(C)C)N1CCCNC1=O|Cc1c[cH:1]cc(C)c1OCC(=O)N[C@@H](Cc1ccccc1)[C@@H](O)C[C@H](Cc1ccccc1)NC(=O)[C@H](C(C)C)N1CCCNC1=O|Cc1cccc(C)c1OCC(=O)N[C@@H](Cc1ccccc1)[C@@H](O)C[C@H](Cc1cc[cH:1]cc1)NC(=O)[C@H](C(C)C)N1CCCNC1=O|Cc1cccc(C)c1OCC(=O)N[C@@H](Cc1cc[cH:1]cc1)[C@@H](O)C[C@H](Cc1ccccc1)NC(=O)[C@H](C(C)C)N1CCCNC1=O|Cc1cccc(C)c1OCC(=O)N[C@@H](Cc1ccccc1)[C@@H](O)C[C@H](Cc1ccccc1)NC(=O)[C@H](C(C)C)N1CCC[NH:1]C1=O|Cc1cccc(C)c1OCC(=O)N[C@@H](Cc1ccccc1)[C@@H](O)C[C@H](Cc1ccccc1)NC(=O)[C@H](C(C)[CH3:1])N1CCCNC1=O|Cc1cccc(C)c1OCC(=O)N[C@@H](Cc1ccccc1)[C@@H](O)C[C@H](Cc1ccccc1)NC(=O)[C@H](C(C)C)N1CCCN[C:1]1=O|Cc1cccc(C)c1OCC(=O)N[C@@H](Cc1ccccc1)[C@@H](O)C[C@H](Cc1ccccc1)[NH:1]C(=O)[C@H](C(C)C)N1CCCNC1=O
Clc1ccc(CCCOCCCN2CCCCC2)cc1,O=C(O)CCCCNCCCOCCCc1ccc(Cl)cc1|[O-][N+]1(CCCOCCCc2ccc(Cl)cc2)CCCCC1,Clc1ccc(CCCOCCC[N:1]2CCCC[CH2:1]2)cc1|Clc1ccc(CCCOCCCN2CCC[CH2:1]C2)cc1|Clc1ccc(CCCOCCC[N:1]2CCCCC2)cc1|Clc1ccc(CCCOCCCN2CC[CH2:1]CC2)cc1|Clc1ccc([CH2:1]CCOCCCN2CCCCC2)cc1|Clc1ccc(CC[CH2:1][O:1]CCCN2CCCCC2)cc1|Clc1ccc(CCCOCCCN2CCCC[CH2:1]2)cc1|Clc1ccc(CCCOCC[CH2:1]N2CCCCC2)cc1|Clc1ccc(CC[CH2:1]OCCCN2CCCCC2)cc1|Clc1ccc(CCC[O:1]CCCN2CCCCC2)cc1
Clc1ccccc1CN1CCc2sccc2C1,O=C1C=C2CN(Cc3ccccc3Cl)CCC2S1|Clc1ccccc1CN1C=C2C=C[S+]=C2CC1|OC1CN(Cc2ccccc2Cl)Cc2ccsc21|O=S1C=CC2=C1CCN(Cc1ccccc1Cl)C2|Clc1ccccc1CN1C=Cc2sccc2C1|Clc1cc2c(s1)CCN(Cc1ccccc1Cl)C2|[O-][N+]1(Cc2ccccc2Cl)CCc2sccc2C1,Clc1ccccc1CN1CCc2s[cH:1]cc2C1|Clc1ccccc1CN1Cc2ccsc2[CH2:1]C1|Clc1ccccc1CN1CC[c:1]2[s:1][cH:1][cH:1][c:1]2C1|Clc1cc[cH:1]cc1CN1CCc2sccc2C1|Clc1ccccc1CN1CC[c:1]2[s:1][cH:1][cH:1][c:1]2[CH2:1]1|Clc1ccccc1[CH2:1]N1CCc2sccc2C1|Clc1ccccc1CN1CCc2sc[cH:1]c2C1|Clc1ccccc1C[N:1]1CCc2sccc2C1|Clc1c[cH:1]ccc1CN1CCc2sccc2C1|Clc1ccccc1CN1Cc2ccsc2C[CH2:1]1
Cn1c(=O)c2c(ncn2C)n(C)c1=O,Cn1c(=O)[nH]c2ncn(C)c2c1=O|Cn1c(=O)c2c([nH]c(=O)n2C)n(C)c1=O|Cn1cnc2c1c(=O)[nH]c(=O)n2C|Cn1c(=O)c2[nH]cnc2n(C)c1=O,Cn1c(=O)c2c(nc[n:1]2C)n(C)c1=O|Cn1c(=O)c2c(n[cH:1]n2C)n(C)c1=O|Cn1c(=O)c2c(ncn2[CH3:1])n(C)c1=O|Cn1c(=O)c2c(ncn2C)[n:1](C)c1=O|Cn1cnc2c1c(=O)[n:1](C)c(=O)n2C|Cn1c(=O)[n:1](C)c(=O)c2c1ncn2C|Cn1c(=O)c2c(ncn2C)n([CH3:1])c1=O|Cn1c(=O)[c:1]2[c:1](nc[n:1]2C)n(C)c1=O|Cn1c(=O)c2c([n:1]cn2C)n(C)c1=O|Cn1cnc2c1c(=O)n(C)[c:1](=O)n2C
Cn1nnc(-c2ccc(-c3ccc(N4C[C@H](CO)OC4=O)cc3F)cn2)n1,O=C1O[C@@H](CO)CN1c1ccc(-c2ccc(-c3nn[nH]n3)nc2)c(F)c1|Cn1nnc(-c2ccc(-c3ccc(N4C[C@H](C=S(=O)(O)O)OC4=O)cc3F)cn2)n1|Cn1nnc(-c2ccc(-c3ccc(NCC(=O)O)cc3F)cn2)n1|Cn1nnc(-c2ccc(-c3ccc(N4C[C@H](C(=O)O)OC4=O)cc3F)cn2)n1,Cn1nnc(-c2ccc(-c3ccc(N4C[C@H]([CH2:1]O)OC4=O)cc3F)cn2)n1|Cn1nnc(-c2ccc(-c3ccc(N4C[C@H](C[OH:1])OC4=O)cc3F)cn2)n1|Cn1nnc(-c2ccc(-c3ccc(N4C[C@H]([CH2:1][OH:1])OC4=O)cc3F)cn2)n1|C[n:1]1nnc(-c2ccc(-c3ccc(N4C[C@H](CO)OC4=O)cc3F)cn2)n1|Cn1nnc(-c2ccc(-c3ccc([N:1]4C[C@H:1](CO)[O:1]C4=[O:1])cc3F)cn2)n1|Cn1nnc(-c2ccc(-c3ccc([N:1]4C[C@H:1](CO)[O:1]C4=O)cc3F)cn2)n1|Cn1nnc(-c2ccc(-c3ccc([N:1]4C[C@H](CO)[O:1]C4=[O:1])cc3F)cn2)n1|Cn1nnc(-c2ccc(-c3ccc([N:1]4C[C@H:1](CO)OC4=[O:1])cc3F)cn2)n1|Cn1nnc(-c2ccc(-c3ccc(N4C[C@H:1](CO)[O:1]C4=O)cc3F)cn2)n1|Cn1nnc(-c2ccc(-c3ccc(N4C[C@H](CO)OC4=O)cc3F)cn2)[n:1]1
NC(=O)c1cn(Cc2c(F)cccc2F)nn1,O=C(O)c1cn(Cc2c(F)cccc2F)nn1,N[C:1](=O)c1cn(Cc2c(F)cccc2F)nn1|NC(=O)c1cn(Cc2c(F)c[cH:1]cc2F)nn1|NC(=O)c1cn(Cc2c(F)cc[cH:1]c2F)nn1|O=[C:1](c1cn(Cc2c(F)cccc2F)nn1)[NH2:1]|NC(=O)c1cn(Cc2c(F)cccc2F)n[n:1]1|O=C(c1cn(Cc2c(F)cccc2F)nn1)[NH2:1]|NC(=O)c1nnn(Cc2c(F)cccc2F)[cH:1]1|Fc1cccc(F)c1Cn1cc([C:1]([NH2:1])=[O:1])nn1|NC(=O)c1cn(Cc2c(F)cccc2F)[n:1]n1|NC(=O)c1cn(Cc2c(F)[cH:1]ccc2F)nn1
NC(=O)c1nc(F)cnc1O,NC(=O)c1nc(F)c(O)nc1O,NC(=O)c1nc(F)[cH:1]nc1O|NC(=O)c1nc(F)cnc1[OH:1]|NC(=O)c1nc(F)cn[c:1]1O|NC(=O)c1nc(F)c[n:1]c1O|O=C(c1nc(F)cnc1O)[NH2:1]|NC(=O)c1nc(F)cn[c:1]1[OH:1]|N[C:1](=O)c1nc(F)cnc1O|O=[C:1]([NH2:1])[c:1]1nc(F)cn[c:1]1[OH:1]|O=[C:1](c1nc(F)cnc1O)[NH2:1]|NC(=O)[c:1]1[n:1][c:1](F)[cH:1][n:1][c:1]1O
NC(N)=Nc1nc(CSCCC(N)=NS(N)(=O)=O)cs1,NC(N)=Nc1nc(CS(=O)CCC(N)=NS(N)(=O)=O)cs1,NC(N)=Nc1nc(C[S:1]CCC(N)=NS(N)(=O)=O)cs1|NC(N)=Nc1nc(CSCCC(N)=NS(=O)(=O)[NH2:1])cs1|NC(N)=Nc1nc(CSCC[C:1](N)=NS(N)(=O)=[O:1])cs1|NC(N)=Nc1nc([CH2:1]SCCC(N)=NS(N)(=O)=O)cs1|NC(N)=[N:1]c1nc(CSCCC(N)=NS(N)(=O)=O)cs1|NC(N)=Nc1nc(CSCC[C:1](N)=NS(N)(=[O:1])=[O:1])cs1|NC(N)=Nc1nc(CSCC[C:1]([NH2:1])=[N:1]S(N)(=O)=O)cs1|NC(N)=Nc1nc(CSCCC(N)=[N:1]S(N)(=O)=O)cs1|NC(N)=Nc1nc(CSCCC(N)=N[S:1](N)(=O)=[O:1])cs1|NC(=Nc1nc(CSCCC(N)=NS(=O)(=O)[NH2:1])cs1)[NH2:1]
N[C@@H](Cc1cc(O)c(O)cc1[18F])C(=O)O,NCCc1cc(O)c(O)cc1[18F],N[C@@H](Cc1cc(O)[c:1](O)cc1[18F])C(=O)O|N[C@@H](Cc1cc(O)c([OH:1])cc1[18F])C(=O)O|N[C@@H](Cc1cc(O)[c:1](O)cc1[Fe])C(=O)O|N[C@@H](Cc1c[c:1](O)c(O)cc1[18F])C(=O)O|N[C@@H](Cc1cc(O)[c:1](O)cc1[11CH3])C(=O)O|N[C@@H](Cc1cc([OH:1])c(O)cc1[18F])C(=O)O|N[C@@H:1](Cc1cc(O)c(O)cc1[18F])C(=O)O|N[C@@H](Cc1cc(O)c([OH:1])cc1[11CH3])C(=O)O|N[C@@H](Cc1cc(O)c(O)[cH:1]c1[18F])C(=O)O|O=C(O)[C@H](Cc1cc(O)c(O)cc13)[NH2:1]
O=C(NOCCO)c1ccc2cncn2c1Nc1ccc(I)cc1F,O=c1[nH]n(-c2ccc(I)cc2F)c2c1ccc1cncn12|NC(=O)c1ccc2cncn2c1Nc1ccc(I)cc1F,O=C(NOC[CH2:1]O)c1ccc2cncn2c1Nc1ccc(I)cc1F|O=C(NOCC[OH:1])c1ccc2cncn2c1Nc1ccc(I)cc1F|O=C(NOC[CH2:1][OH:1])c1ccc2cncn2c1Nc1ccc(I)cc1F|O=C(NOCCO)c1c[cH:1]c2cncn2c1Nc1ccc(I)cc1F|O=C(NOCCO)c1ccc2cncn2c1Nc1cc[c:1](I)cc1F|O=C(NOCCO)c1ccc2cncn2c1Nc1ccc(I)[cH:1]c1F|O=C(c1ccc2cncn2c1Nc1ccc(I)cc1F)[NH:1]OCCO|O=C(NOCCO)c1ccc2c[n:1]cn2c1Nc1ccc(I)cc1F|O=C(NOCCO)c1ccc2cncn2c1Nc1ccc(I)c[c:1]1[F:1]|O=C(NOCCO)c1ccc2n(cn[cH:1]2)c1Nc1ccc(I)cc1
O=C(N[C@H](CO)[C@H](O)c1ccc([N+](=O)[O-])cc1)C(Cl)Cl,O=C(CO)N[C@H](CO)[C@H](O)c1ccc([N+](=O)[O-])cc1|N[C@H](CO)[C@H](O)c1ccc([N+](=O)[O-])cc1|Nc1ccc([C@@H](O)[C@H](N)CO)cc1|O=C(O)C(=O)N[C@H](CO)[C@H](O)c1ccc([N+](=O)[O-])cc1|CC(=O)OC[C@@H](NC(=O)C(Cl)Cl)[C@H](O)c1ccc([N+](=O)[O-])cc1|O=C(N[C@H](COS(=O)(=O)O)[C@H](O)c1ccc([N+](=O)[O-])cc1)C(Cl)Cl|O=C(N[C@H](COC1O[C@H](C(=O)O)[C@@H](O)[C@H](O)[C@H]1O)[C@H](O)c1ccc([N+](=O)[O-])cc1)C(Cl)Cl,O=C(N[C@H](C[OH:1])[C@H](O)c1ccc([N+](=O)[O-])cc1)C(Cl)Cl|O=C(N[C@H](CO)[C@H](O)c1ccc([N+:1](=O)[O-])cc1)C(Cl)Cl|O=C(N[C@H](CO)[C@H](O)c1ccc([N+:1](=O)[O-:1])cc1)[CH:1](Cl)Cl|O=C(N[C@H](CO)[C@H](O)c1ccc([N+](=O)[O-])cc1)[CH:1](Cl)Cl|O=C(C(Cl)Cl)[NH:1][C@H](CO)[C@H](O)c1ccc([N+](=O)[O-])cc1|O=C(N[C@H](CO)[C@H](O)c1ccc([N+:1](=O)[O-:1])cc1)C(Cl)Cl|O=C(N[C@H](CO)[C@@H](c1ccc([N+](=O)[O-])cc1)[OH:1])C(Cl)Cl|O=C(N[C@H](CO)[C@H](O)c1ccc([N+](=O)[O-])[cH:1]c1)C(Cl)Cl|O=C(N[C@H](CO)[C@H:1](O)c1ccc([N+](=O)[O-])cc1)C(Cl)Cl|O=[N+]([O-])c1ccc([C@@H](O)[C@@H](CO)N[C:1](=O)C(Cl)Cl)cc1
O=C(O)CCC(=O)OC[C@@H](NC(=O)C(Cl)Cl)[C@H](O)c1ccc([N+](=O)[O-])cc1,O=C(N[C@H](CO)[C@H](O)c1ccc([N+](=O)[O-])cc1)C(Cl)Cl,O=C(O)CCC(=O)OC[C@H]([C@H](O)c1ccc([N+](=O)[O-])cc1)[NH:1]C(=O)C(Cl)Cl|O=C(O)CCC(=O)OC[C@@H](NC(=O)C(Cl)Cl)[C@@H](c1ccc([N+](=O)[O-])cc1)[OH:1]|O=C(O)CCC(=O)[O:1]C[C@@H](NC(=O)C(Cl)Cl)[C@H](O)c1ccc([N+](=O)[O-])cc1|O=C(O)CCC(=O)OC[C@@H](NC(=O)C(Cl)Cl)[C@@H:1](c1ccc([N+](=O)[O-])cc1)[OH:1]|O=C(O)CCC(=O)OC[C@@H](NC(=O)C(Cl)Cl)[C@H](O)c1ccc([N+:1](=O)[O-])cc1|O=C(O)CCC(=O)OC[C@@H](NC(=O)[CH:1](Cl)Cl)[C@H](O)c1ccc([N+](=O)[O-])cc1|O=C(CCC(=O)[OH:1])OC[C@@H](NC(=O)C(Cl)Cl)[C@H](O)c1ccc([N+](=O)[O-])cc1|O=C(O)CCC(=O)OC[C@@H](NC(=O)[CH:1](Cl)Cl)[C@@H](c1ccc([N+](=O)[O-])cc1)[OH:1]|O=C(O)C[CH2:1]C(=O)OC[C@@H](NC(=O)C(Cl)Cl)[C@H](O)c1ccc([N+](=O)[O-])cc1|O=C(OC[C@@H](NC(=O)C(Cl)Cl)[C@H](O)c1ccc([N+](=O)[O-])cc1)CCC(=O)[OH:1]
O=C(O)c1cc(O)c2c(c1)C(C1c3cc(C(=O)O)cc(O)c3C(=O)c3c(OC4OC(CO)C(O)C(O)C4O)cccc31)c1cccc(OC3OC(CO)C(O)C(O)C3O)c1C2=O,O=C(O)c1cc(O)c2c(c1)C(C1c3cccc(O)c3C(=O)c3c(O)cc(C(=O)O)cc31)c1cccc(O)c1C2=O,O=C(O)c1cc(O)c2c(c1)C(C1c3cc(C(=O)O)cc(O)c3C(=O)c3c1cccc3[O:1]C1OC(CO)C(O)C(O)C1O)c1cccc(OC3OC(CO)C(O)C(O)C3O)c1C2=O|O=C(O)c1cc(O)c2c(c1)C([CH:1]1c3cc(C(=O)O)cc(O)c3C(=O)c3c(OC4OC(CO)C(O)C(O)C4O)cccc31)c1cccc(OC3OC(CO)C(O)C(O)C3O)c1C2=O|O=C(O)c1cc(O)c2c(c1)[CH:1](C1c3cc(C(=O)O)cc(O)c3C(=O)c3c1cccc3[O:1]C1OC(CO)C(O)C(O)C1O)c1cccc(OC3OC(CO)C(O)C(O)C3O)c1C2=O|O=C(O)c1cc(O)c2c(c1)C(C1c3cc(C(=O)O)cc(O)c3C(=O)c3c1cccc3[O:1]C1OC(CO)C(O)C(O)C1O)c1cccc([O:1]C3OC(CO)C(O)C(O)C3O)c1C2=O|O=C(O)c1cc(O)c2c(c1)C([CH:1]1c3cc(C(=O)O)cc(O)c3C(=O)c3c1cccc3[O:1]C1OC(CO)C(O)C(O)C1O)c1cccc(OC3OC(CO)C(O)C(O)C3O)c1C2=O|O=C(O)c1cc(O)c2c(c1)C(C1c3cc(C(=O)O)cc(O)c3C(=O)c3c(OC4OC(CO)C(O)C(O)C4O)cccc31)c1cccc([O:1]C3OC(CO)C(O)C(O)C3O)c1C2=O|O=C(O)c1cc(O)c2c(c1)[CH:1](C1c3cc(C(=O)O)cc(O)c3C(=O)c3c(OC4OC(CO)C(O)C(O)C4O)cccc31)c1cccc(OC3OC(CO)C(O)C(O)C3O)c1C2=O|O=C(O)c1cc(O)c2c(c1)C(C1c3cc(C(=O)O)cc(O)c3C(=O)c3c1ccc[c:1]3[O:1]C1OC(CO)C(O)C(O)C1O)c1cccc(OC3OC(CO)C(O)C(O)C3O)c1C2=O|O=C(O)c1cc(O)c2c(c1)C(C1c3cc(C(=O)O)cc(O)c3C(=O)c3c1c[cH:1]cc3[O:1]C1OC(CO)C(O)C(O)C1O)c1cccc(OC3OC(CO)C(O)C(O)C3O)c1C2=O|O=C(O)c1cc(O)c2c(c1)C(C1c3cc(C(=O)O)cc(O)c3C(=O)c3c([O:1]C4OC(CO)C(O)C(O)C4O)cccc31)c1cccc(OC3OC(CO)C(O)C(O)C3O)c1C2=O
O=C1CN=C(c2ccccc2)c2cc(Cl)ccc2N1,O=C(O)[C@H]1OC(OC2CN=C(c3ccccc3)c3cc(Cl)ccc3N2)[C@H](O)[C@@H](O)[C@@H]1O|O=C1Nc2ccc(Cl)cc2C(c2ccccc2)=NC1O,O=C1CN=C(c2cc[cH:1]cc2)c2cc(Cl)ccc2N1|O=C1CN=C(c2ccccc2)c2cc(Cl)c[cH:1]c2N1|O=C1CN=C(c2ccccc2)c2cc(Cl)[cH:1]cc2N1|O=C1CN=C(c2ccccc2)c2cc(Cl)ccc2[NH:1]1|O=C1Nc2ccc(Cl)cc2C(c2ccccc2)=N[CH2:1]1|O=C1CN=C(c2ccc[cH:1]c2)c2cc(Cl)ccc2N1|Clc1ccc2c(c1)C(c1ccccc1)=NC[C:1](=[O:1])[NH:1]2|O=C1Nc2ccc(Cl)cc2C(c2cc[cH:1]cc2)=N[CH2:1]1|O=C1CN=C(c2cc[cH:1][cH:1]c2)c2cc(Cl)ccc2N1|O=[C:1]1[CH2:1][N:1]=[C:1](c2ccccc2)[c:1]2cc(Cl)cc[c:1]2[NH:1]1
O=C1Nc2ccc(Cl)cc2C(c2ccccc2)=NC1O,O=C(O)[C@H]1O[C@@H](OC2N=C(c3ccccc3)c3cc(Cl)ccc3N=C2O)[C@H](O)[C@@H](O)[C@@H]1O,O=C1Nc2ccc(Cl)cc2C(c2ccccc2)=NC1[OH:1]|O=C1Nc2ccc(Cl)cc2C(c2cc[cH:1]cc2)=NC1O|O=C1Nc2ccc(Cl)cc2C(c2ccccc2)=N[CH:1]1O|O=C1Nc2ccc(Cl)cc2C(c2ccc[cH:1]c2)=NC1O|O=C1C(O)N=C(c2ccccc2)c2cc(Cl)ccc2[NH:1]1|O=C1Nc2ccc(Cl)cc2C(c2ccccc2)=N[CH:1]1[OH:1]|O=C1Nc2c[cH:1]c(Cl)cc2C(c2ccccc2)=NC1O|Clc1ccc2c(c1)C(c1ccccc1)=NC([OH:1])[C:1](=[O:1]|Clc1ccc2c(c1)C(c1ccccc1)=NC(O)[C:1](=[O:1]|Clc1ccc2c(c1)C(c1ccccc1)=NC([OH:1])C(=[O:1]
O=P1(NCCCl)OCCCN1CCCl,O=CCCl|NP1(=O)OCCCN1CCCl|O=P1(NCCCl)OCCC(O)N1CCCl|O=P1(NCCCl)NCCCO1,O=P1([NH:1]CCCl)OCCCN1CCCl|O=P1(NCCCl)OCCC[N:1]1CCCl|O=P1(NCCCl)OCCCN1C[CH2:1]Cl|O=P1(NCCCl)OCC[CH2:1]N1CCCl|O=P1(NC[CH2:1]Cl)OCCCN1CCCl|O=P1(NCCCl)OCCCN1C[CH2:1][Cl:1]|ClCCNP1(=[O:1])OCCCN1CCCl|O=P1([NH:1]CCCl)OCCC[N:1]1CCCl|O=P1(NCCCl)OC[CH2:1]CN1CCCl|O=P1(NCCCl)O[CH2:1]CCN1CCCl
OCCOCCN1CCN(C(c2ccccc2)c2ccc(Cl)cc2)CC1,O=C(O)COCCN1CCN(C(c2ccccc2)c2ccc(Cl)cc2)CC1,O[CH2:1]COCCN1CCN(C(c2ccccc2)c2ccc(Cl)cc2)CC1|OCCOCC[N:1]1CCN(C(c2ccccc2)c2ccc(Cl)cc2)CC1|OCC[O:1]CCN1CCN(C(c2ccccc2)c2ccc(Cl)cc2)CC1|Clc1ccc(C(c2ccccc2)N2CCN(CCOC[CH2:1][OH:1])CC2)cc1|Clc1ccc(C(c2ccccc2)N2CCN(CCOCC[OH:1])CC2)cc1|OCCOCCN1CCN(C(c2ccc(Cl)cc2)c2cc[cH:1]cc2)CC1|OCCOCCN1CCN(C(c2ccccc2)c2ccc(Cl)[cH:1]c2)CC1|OCCOCCN1CC[N:1](C(c2ccccc2)c2ccc(Cl)cc2)CC1|OCCOCCN1CCN(C(c2ccc(Cl)cc2)[c:1]2[cH:1][cH:1][cH:1][cH:1][cH:1]2)CC1|OCCOCCN1CCN(C(c2ccccc2)c2ccc(Cl)c[cH:1]2)CC1
