substrate,Enzyme,site_truth,truth,site_count,our_predict
CC(C)(C)c1cc(C(C)(C)C)c(NC(=O)c2c[nH]c3ccccc3c2=O)cc1O,CYP3A4,CC(C)(C)c1cc(C(C)(C)[CH3:1])c(O)cc1NC(=O)c1c[nH]c2ccccc2c1=O,CC(C)(C)c1cc(C(C)(C)C(=O)O)c(O)cc1NC(=O)c1c[nH]c2ccccc2c1=O,1,CC(C)(C)c1cc(C(C)(C)CO)c(NC(=O)c2c[nH]c3ccccc3c2=O)cc1O|CC(C)(C)c1cc(C(C)(C)CO)c(O)cc1NC(=O)c1c[nH]c2ccccc2c1=O|CC(C)(C)c1cc(C(C)(C)C)c(NC(=O)c2c[nH]c3ccc(O)cc3c2=O)cc1O|CC(C)(C)c1cc(C(C)(C)C)c(NC(=O)c2c[nH]c3cc(O)ccc3c2=O)cc1O|CC(C)(C)c1cc(C(C)(C)C)c(NC(=O)c2c[nH]c3c(O)cccc3c2=O)cc1O|CC(C)(C)c1cc2c(cc1NC(=O)c1c[nH]c3ccccc3c1=O)OCC2(C)C|CC(C)(C)c1cc(C(C)(C)C)c(NC(=O)c2c[nH]c3c(c2=O)C=CC2OC32)cc1O|CC1(C)CCC(C)(C)c2cc1c(O)cc2NC(=O)c1c[nH]c2ccccc2c1=O|CC(C)(C)c1cc(C(C)(C)C)c(OS(=O)(=O)O)cc1NC(=O)c1c[nH]c2ccccc2c1=O|CC(C)(C)c1cc2c(cc1O)NC(=O)c1cn(c3ccccc3c1=O)CC2(C)C|CC(C)(C)c1cc2c(NC(=O)c3c[nH]c4ccccc4c3=O)cc1OCC2(C)C|CC(C)(C)c1cc(C(C)(C)C)c(NC(=O)c2c[nH]c3c(c2=O)C2OC2C=C3)cc1O|CC(C)(C)c1c(O)cc(NC(=O)c2c[nH]c3ccccc3c2=O)c(C(C)(C)C)c1O|CC(C)(C)c1cc(C(C)(C)C)c(NC(=O)C23OC2Nc2ccccc2C3=O)cc1O|CC(C)(C)c1cc(C(C)(C)C)c(NC(=O)c2c[nH]c3ccccc3c2=O)c(O)c1O|CC(C)c1cc(C(C)(C)C)c(NC(=O)c2c[nH]c3ccccc3c2=O)cc1O|CC(C)(C)c1c(O)cc(NC(=O)c2c[nH]c3ccccc3c2=O)c2c1CC2(C)C|CC(C)(C)c1cc2c(cc1O)N(C(=O)c1c[nH]c3ccccc3c1=O)CC2(C)C|CC(C)(C)c1cc(C(C)(C)C)c(NC(=O)c2c[nH]c3cccc(O)c3c2=O)cc1O|CC(C)(C)C1=CC(O)(C(C)(C)C)C(=O)C=C1NC(=O)c1c[nH]c2ccccc2c1=O
CC(C)(C)c1cc(NC(=O)Nc2ccc(-c3cn4c(n3)sc3cc(OCCN5CCOCC5)ccc34)cc2)no1,CYP3A4,CC(C)(c1cc(NC(=O)Nc2ccc(-c3cn4c(n3)sc3cc(OCCN5CCOCC5)ccc34)cc2)no1)[CH3:1],CC(C)(CO)c1cc(NC(=O)Nc2ccc(-c3cn4c(n3)sc3cc(OCCN5CCOCC5)ccc34)cc2)no1,1,CC(C)(CO)c1cc(NC(=O)Nc2ccc(-c3cn4c(n3)sc3cc(OCCN5CCOCC5)ccc34)cc2)no1|CC(C)(C)c1cc(NC(=O)Nc2ccc(-c3cn4c(n3)sc3cc(OCCN5CCOCC5O)ccc34)cc2)no1|CC(C)(C)c1cc(NC(=O)Nc2ccc(-c3cn4c(n3)sc3cc(OCCNCCOCC=O)ccc34)cc2)no1|CC(C)(C)c1cc(NC(=O)Nc2ccc(-c3cn4c(n3)sc3cc(OCCN(CC=O)CCO)ccc34)cc2)no1|CC(C)(C)c1cc(NC(=O)Nc2ccc(-c3cn4c(n3)sc3cc(OCCN(CCO)CCO)ccc34)cc2)no1|CC(C)(C)c1cc(NC(=O)Nc2ccc(-c3cn4c(n3)sc3cc(OCC=O)ccc34)cc2)no1|CC(C)(C)c1cc(NC(=O)Nc2ccc(-c3cn4c(n3)sc3cc(OCC[N+]5([O-])CCOCC5)ccc34)cc2)no1|CC(C)(C)c1cc(NC(=O)Nc2ccc(-c3cn4c(n3)sc3cc(OCCO)ccc34)cc2)no1|CC(C)(C)c1cc(NC(=O)Nc2ccc(-c3cn4c(n3)sc3cc(O)ccc34)cc2)no1|CC(C)(C)C1CC(NC(=O)Nc2ccc(-c3cn4c(n3)sc3cc(OCCN5CCOCC5)ccc34)cc2)=NO1|CC(C)(C)c1cc(NC(=O)Nc2ccc(-c3cn4c(n3)sc3cc(OCCN5CCOC(O)C5)ccc34)cc2)no1|CC(C)(C)c1cc(NC(=O)Nc2ccc(-c3cn4c(n3)S(=O)c3cc(OCCN5CCOCC5)ccc3-4)cc2)no1|CC(C)(C)C1ON=C(NC(=O)Nc2ccc(-c3cn4c(n3)sc3cc(OCCN5CCOCC5)ccc34)cc2)C1O|CC(C)(C)/C(O)=C/C(=N)NC(=O)Nc1ccc(-c2cn3c(n2)sc2cc(OCCN4CCOCC4)ccc23)cc1|CC(C)(C)c1cc(NC(=O)Nc2ccc(-c3cn4c(n3)sc3cc(OCCN5CCOCC5)ccc34)cc2O)no1|CC(C)(C)c1cc(NC(=O)Nc2ccc(-c3cn4c(n3)sc3cc(OCCN5CCOCC5)cc(O)c34)cc2)no1|CC(C)(C)c1cc(NC(=O)Nc2ccc(-c3cn4c(n3)sc3cc(OCCN5CCOCC5)c(O)cc34)cc2)no1|CC(C)(C)c1onc(NC(=O)Nc2ccc(-c3cn4c(n3)sc3cc(OCCN5CCOCC5)ccc34)cc2)c1O|CC(C)(C)c1cc(NC(=O)Nc2ccc(-c3cn4c(n3)sc3cc(OCCN5CCOCC5)ccc34)c(O)c2)no1|CC(C)(C)c1cc(NC(=O)Nc2ccc(-c3cn4c5ccc(OCCN6CCOCC6)cc5[s+](O)c4n3)cc2)no1
CC1(C)CC(=O)N(CCCCN2CCN(c3ncccn3)CC2)C(=O)C1,CYP3A4,CC1(C)CC(=O)N(CCCCN2CCN(c3ncccn3)CC2)C(=O)[CH2:1]1|CC1(C)CC(=O)N(CCCC[N:1]2CCN(c3ncccn3)CC2)C(=O)C1,CC1(C)CC(=O)N(CCCCN2CCN(c3ncccn3)CC2)C(=O)C1O|c1cnc(N2CCNCC2)nc1,2,c1cnc(N2CCNCC2)nc1|CC1(C)CC(=O)N(CCCCN2CCN(c3ncc(O)cn3)CC2)C(=O)C1|CN1CCN(c2ncccn2)CC1|CC1(C)CC(=O)N(CCCC[N+]2([O-])CCN(c3ncccn3)CC2)C(=O)C1|CC1(C)CC(=O)N(CCCCN2CCN(c3ncccn3)CC2)C(=O)C1O|CC1(CO)CC(=O)N(CCCCN2CCN(c3ncccn3)CC2)C(=O)C1|CC1(C)CC(=O)N(CCCCN2CCNCC2)C(=O)C1|CC1(C)CC(=O)N(CCCCN2CCN(c3nccc(O)n3)CC2)C(=O)C1|CC1(C)CC(=O)N(CCCCN2CCN(c3ncccn3)CC2O)C(=O)C1|CC1(C)CC(=O)N(CCCC=O)C(=O)C1|CC1(C)CC(=O)N(CCC[C+](O)N2CCN(c3ncccn3)CC2)C(=O)C1|CC1(C)CC(=O)N(CCCCN2CCN(c3ncccn3)C(O)C2)C(=O)C1|CC1(C)CC(=O)N(CCCCN2CC[N+]([O-])(c3ncccn3)CC2)C(=O)C1|CC1(C)CC(=O)N(CCCCN2CCN(c3nccc(=O)[nH]3)CC2)C(=O)C1|CC1(C)CC(=O)N(CCCCN2CCN(c3ncccn3)CC2)C(=O)[C@H]1O|CC1(C)CC(=O)N(CCCCN2CCN(c3nccc[n+]3[O-])CC2)C(=O)C1|CC1(C)CC(=O)N(CCCC(O)N2CCN(c3ncccn3)CC2)C(=O)C1|CC1(C)CC(=O)N(CCCCNCCN(CC=O)c2ncccn2)C(=O)C1|CCCCN1C(=O)CC(C)(C)CC1=O|CC1(C)CC(=O)N(CCCCN2CCN(c3nc(=O)cc[nH]3)CC2)C(=O)C1
CC1=C(/C=C/C(C)=C/C=C/C(C)=C/C(=O)O)C(C)(C)CCC1,CYP2C9,CC1=C(/C=C/C(C)=C/C=C/C(C)=C/C(=O)O)C(C)(C)CCC1,CC1=C(/C=C/C(C)=C\C=C\C(C)=C\C(=O)O)C(C)(C)CCC1,1,CC(/C=C/C1=C(CO)CCCC1(C)C)=C\C=C\C(C)=C\C(=O)O|CC1=C(/C=C/C(C)=C/C=C/C(C)=C/C(=O)O)C(C)(C)CCC1O|CC(/C=C/C12OC1(C)CCCC2(C)C)=C\C=C\C(C)=C\C(=O)O|CC1=C(/C=C/C(C)=C/C=C/C(C)=C/C(=O)O)C(C)(C)CC(O)C1|CC1=C(/C=C/C(C)=C/C=C/C(C)=C/C(=O)O)C(C)(C)CCC1=O|CC1=C(/C=C/C(C)=C/C=C/C(C)=C/C(=O)O)C(C)(C)C(O)CC1|CC1=C(/C=C/C(C)=C/C=C/C(C)=C/C(=O)O)C(C)(C)CC(=O)C1|CC1=C(/C=C/C(C)=C/C=C/C(C)=C/C(=O)O)C(C)(C)CCC1|CC(=CC=C1C(C)CCCC1(C)C)C(=O)/C=C/C(C)=C/C(=O)O|CC1=C(/C(O)=C\C(C)=C\C=C\C(C)=C\C(=O)O)C(C)(C)CCC1|CC(/C=C/C(O)/C(C)=C/C=C1\C(C)CCCC1(C)C)=C\C(=O)O|CC(/C=C/C(=O)/C(C)=C/C=C1\C(C)CCCC1(C)C)=C\C(=O)O|CC1=C(/C=C/C(C)=C(O)\C=C\C(C)=C\C(=O)O)C(C)(C)CCC1|CC1=C(/C=C/C(=C/C=C/C(C)=C/C(=O)O)CO)C(C)(C)CCC1|CC1=C(/C=C/C(C)=C/C=C/C(C)=C/C(=O)O)C(C)(C)C(=O)CC1|CC1=C(/C=C/C(C)=C/C=C/C(C)=C/C(=O)O)C(C)(CO)CCC1|C/C(C=C/C=C(C)/C=C/C12OC1(C)CCCC2(C)C)=C\C(=O)O|CC1=C(/C=C/C2(C)OC2/C=C/C(C)=C/C(=O)O)C(C)(C)CCC1|CC(/C=C/C/C(C)=C/C=C1/C(C)(C)CCCC1(C)O)=C\C(=O)O|CC(/C=C/[C@@]12O[C@@]1(C)CCCC2(C)C)=C\C=C\C(C)=C\C(=O)O
CC1=C(/C=C/C(C)=C/C=C/C(C)=C/C(=O)O)C(C)(C)CCC1,CYP3A4,CC1=C(/C=C/C(C)=C/C=C/C(C)=C/C(=O)O)C(C)(C)CCC1,CC1=C(/C=C/C(C)=C/C=C/C(C)=C\C(=O)O)C(C)(C)CCC1|CC1=C(/C=C/C(C)=C\C=C\C(C)=C\C(=O)O)C(C)(C)CCC1,1,CC(/C=C/C1=C(CO)CCCC1(C)C)=C\C=C\C(C)=C\C(=O)O|CC1=C(/C=C/C(C)=C/C=C/C(C)=C/C(=O)O)C(C)(C)CCC1O|CC(/C=C/C12OC1(C)CCCC2(C)C)=C\C=C\C(C)=C\C(=O)O|CC1=C(/C=C/C(C)=C/C=C/C(C)=C/C(=O)O)C(C)(C)CC(O)C1|CC1=C(/C=C/C(C)=C/C=C/C(C)=C/C(=O)O)C(C)(C)CCC1=O|CC1=C(/C=C/C(C)=C/C=C/C(C)=C/C(=O)O)C(C)(C)C(O)CC1|CC1=C(/C=C/C(C)=C/C=C/C(C)=C/C(=O)O)C(C)(C)CC(=O)C1|CC(=CC=C1C(C)CCCC1(C)C)C(=O)/C=C/C(C)=C/C(=O)O|CC1=C(/C=C/C(C)=C/C=C/C(C)=C/C(=O)O)C(C)(C)CCC1|CC1=C(/C=C/C(=C/C=C/C(C)=C/C(=O)O)CO)C(C)(C)CCC1|CC1=C(/C(O)=C\C(C)=C\C=C\C(C)=C\C(=O)O)C(C)(C)CCC1|CC1=C(/C=C/C(C)=C/C=C/C(C)=C/C(=O)O)C(C)(C)C(=O)CC1|CC1=C(/C=C/C(C)=C/C=C/C(C)=C/C(=O)O)C(C)(CO)CCC1|CC1=C(/C=C/C2(C)OC2/C=C/C(C)=C/C(=O)O)C(C)(C)CCC1|CC(/C=C/C(=O)/C(C)=C/C=C1\C(C)CCCC1(C)C)=C\C(=O)O|CC1=C(/C=C/C(C)=C(O)\C=C\C(C)=C\C(=O)O)C(C)(C)CCC1|C/C(C=C/C=C(C)/C=C/C12OC1(C)CCCC2(C)C)=C\C(=O)O|CC1=C(/C=C/C(C)=C/C=C/C(=C/C(=O)O)CO)C(C)(C)CCC1|CC1=C(/C=C/C(C)=C/C=C/C(C)=C/C(=O)O)C(C)(C)CC=C1|CC(/C=C/[C@@]12O[C@@]1(C)CCCC2(C)C)=C\C=C\C(C)=C\C(=O)O
CCC(=O)N1CC[C@H](Nc2ncnc3c2CN(c2cnc(OC)c(C(F)(F)F)c2)CC3)C1,CYP1A2,CCC(=O)N1CC[C@H](Nc2ncnc3c2CN(c2cnc(OC)c(C(F)(F)F)c2)CC3)C1,CCC(=O)N1CC[C@H](Nc2ncnc3c2CN(c2cnc(OC)c(C(F)(F)F)c2)CC3)C1,1,CCC(=O)N1CC[C@H](Nc2ncnc3c2CN(c2cnc(O)c(C(F)(F)F)c2)CC3)C1|COc1ncc(N2CCc3ncnc(N[C@H]4CCNC4)c3C2)cc1C(F)(F)F|CCC(=O)N1CC[C@H](Nc2ncnc3c2CN(c2c[nH]c(=O)c(C(F)(F)F)c2)C=C3)C1|CCC(=O)N1CC[C@H](Nc2ncnc3c2CN(C2=CC(C(F)(F)F)C(=O)NC2)CC3)C1|COc1ncc(N2CCc3ncnc(N)c3C2)cc1C(F)(F)F|CCC(=O)N1CC[C@H](Nc2ncnc3c2CN(C2=CC(C(F)(F)F)C(=O)N=C2)CC3)C1|COc1ncc(N2CCc3ncnc(N[C@H]4CCN(C(=O)CCO)C4)c3C2)cc1C(F)(F)F|CCC(=O)N1CC[C@H](Nc2ncnc3c2CN(c2cnc(OC)c(C(F)(F)F)c2)CC3O)C1|CCC(=O)N1CC[C@H](Nc2ncnc3c2CN(c2c[nH]c(=O)c(C(F)(F)F)c2)CC3)C1|COc1ncc(N2CCc3ncnc(N[C@H]4CCN(C(=O)C(C)O)C4)c3C2)cc1C(F)(F)F|CCC(=O)N1CC[C@H](Nc2ncnc3c2CN(c2cnc(OC)c(C(F)(F)F)c2)C(O)C3)C1|CCC(=O)N1CC[C@H](Nc2ncnc3c2CN(c2cnc(OC)c(C(F)(F)F)c2)C=C3)C1|CCC(=O)N1CC[C@H](Nc2ncnc3c2CN(c2cnc(OC)c(C(F)(F)F)c2)CC3)C1O|CCC(=O)N1CC[C@H](Nc2ncnc(CC=O)c2CNc2cnc(OC)c(C(F)(F)F)c2)C1|CCC(=O)N1CC[C@H](Nc2ncnc3c2CN(c2cnc(OC)c(C(F)F)c2)CC3)C1|C|CCC(=O)NCC[C@@H](C=O)Nc1ncnc2c1CN(c1cnc(OC)c(C(F)(F)F)c1)CC2|CCC(=O)N1CC[C@H](Nc2ncnc3c2CN(c2cc(C(F)(F)F)c(OC)[n+]([O-])c2)CC3)C1|COc1ncc(N2CCc3ncnc(NC4CCNC4)c3C2)cc1C(F)(F)F|CCC(=O)N1CC[C@H](Nc2ncncc2CN(CC=O)c2cnc(OC)c(C(F)(F)F)c2)C1
CCC(=O)N1CC[C@H](Nc2ncnc3c2CN(c2cnc(OC)c(C(F)(F)F)c2)CC3)C1,CYP2D6,CCC(=O)N1CC[C@H](Nc2ncnc3c2CN(c2cnc(OC)c(C(F)(F)F)c2)CC3)C1,CCC(=O)N1CC[C@H](Nc2ncnc3c2CN(c2cnc(OC)c(C(F)(F)F)c2)CC3)C1,1,CCC(=O)N1CC[C@H](Nc2ncnc3c2CN(c2cnc(O)c(C(F)(F)F)c2)CC3)C1|COc1ncc(N2CCc3ncnc(N[C@H]4CCNC4)c3C2)cc1C(F)(F)F|CCC(=O)N1CC[C@H](Nc2ncnc3c2CN(c2c[nH]c(=O)c(C(F)(F)F)c2)C=C3)C1|CCC(=O)N1CC[C@H](Nc2ncnc3c2CN(C2=CC(C(F)(F)F)C(=O)NC2)CC3)C1|COc1ncc(N2CCc3ncnc(N)c3C2)cc1C(F)(F)F|CCC(=O)N1CC[C@H](Nc2ncnc3c2CN(C2=CC(C(F)(F)F)C(=O)N=C2)CC3)C1|COc1ncc(N2CCc3ncnc(N[C@H]4CCN(C(=O)CCO)C4)c3C2)cc1C(F)(F)F|CCC(=O)N1CC[C@H](Nc2ncnc3c2CN(c2c[nH]c(=O)c(C(F)(F)F)c2)CC3)C1|CCC(=O)N1CC[C@H](Nc2ncnc3c2CN(c2cnc(OC)c(C(F)(F)F)c2)CC3O)C1|COc1ncc(N2CCc3ncnc(N[C@H]4CCN(C(=O)C(C)O)C4)c3C2)cc1C(F)(F)F|CCC(=O)N1CC[C@H](Nc2ncnc3c2CN(c2cnc(OC)c(C(F)(F)F)c2)C=C3)C1|CCC(=O)N1CC[C@H](Nc2ncnc3c2CN(c2cnc(OC)c(C(F)(F)F)c2)C(O)C3)C1|CCC(=O)N1CC[C@H](Nc2ncnc3c2CN(c2cnc(OC)c(C(F)(F)F)c2)CC3)C1O|CCC(=O)N1CC[C@H](Nc2ncnc(CC=O)c2CNc2cnc(OC)c(C(F)(F)F)c2)C1|CCC(=O)N1CC[C@H](Nc2ncnc3c2CN(c2cnc(OC)c(C(F)F)c2)CC3)C1|C|CCC(=O)NCC[C@@H](C=O)Nc1ncnc2c1CN(c1cnc(OC)c(C(F)(F)F)c1)CC2|CCC(=O)N1CC[C@H](Nc2ncnc3c2CN(c2cc(C(F)(F)F)c(OC)[n+]([O-])c2)CC3)C1|COc1ncc(N2CCc3ncnc(NC4CCNC4)c3C2)cc1C(F)(F)F|CCC(=O)N1CC[C@H](Nc2ncncc2CN(CC=O)c2cnc(OC)c(C(F)(F)F)c2)C1
CCC(=O)N1CC[C@H](Nc2ncnc3c2CN(c2cnc(OC)c(C(F)(F)F)c2)CC3)C1,CYP3A4,CCC(=O)N1CC[C@H](Nc2ncnc3c2CN(c2cnc(OC)c(C(F)(F)F)c2)CC3)C1,CCC(=O)N1CC[C@H](Nc2ncnc3c2CN(c2cnc(OC)c(C(F)(F)F)c2)CC3)C1,1,CCC(=O)N1CC[C@H](Nc2ncnc3c2CN(c2cnc(O)c(C(F)(F)F)c2)CC3)C1|COc1ncc(N2CCc3ncnc(N[C@H]4CCNC4)c3C2)cc1C(F)(F)F|CCC(=O)N1CC[C@H](Nc2ncnc3c2CN(c2c[nH]c(=O)c(C(F)(F)F)c2)C=C3)C1|COc1ncc(N2CCc3ncnc(N)c3C2)cc1C(F)(F)F|CCC(=O)N1CC[C@H](Nc2ncnc3c2CN(C2=CC(C(F)(F)F)C(=O)N=C2)CC3)C1|COc1ncc(N2CCc3ncnc(N[C@H]4CCN(C(=O)CCO)C4)c3C2)cc1C(F)(F)F|CCC(=O)N1CC[C@H](Nc2ncnc3c2CN(c2cnc(OC)c(C(F)(F)F)c2)CC3O)C1|CCC(=O)N1CC[C@H](Nc2ncnc3c2CN(c2c[nH]c(=O)c(C(F)(F)F)c2)CC3)C1|COc1ncc(N2CCc3ncnc(N[C@H]4CCN(C(=O)C(C)O)C4)c3C2)cc1C(F)(F)F|CCC(=O)N1CC[C@H](Nc2ncnc(CC=O)c2CNc2cnc(OC)c(C(F)(F)F)c2)C1|CCC(=O)N1CC[C@H](Nc2ncnc3c2CN(c2cnc(OC)c(C(F)(F)F)c2)CC3)C1O|CCC(=O)N1CC[C@H](Nc2ncnc3c2CN(c2cnc(OC)c(C(F)(F)F)c2)C=C3)C1|CCC(=O)N1CC[C@H](Nc2ncnc3c2CN(c2cnc(OC)c(C(F)(F)F)c2)C(O)C3)C1|CCC(=O)NCC[C@@H](C=O)Nc1ncnc2c1CN(c1cnc(OC)c(C(F)(F)F)c1)CC2|CCC(=O)N1CC[C@H](Nc2ncnc3c2CN(c2cnc(OC)c(C(F)F)c2)CC3)C1|C|CCC(=O)N1CC[C@H](Nc2ncnc3c2CN(c2cc(C(F)(F)F)c(OC)[n+]([O-])c2)CC3)C1|CCC(=O)N(C=O)CCCNc1ncnc2c1CN(c1cnc(OC)c(C(F)(F)F)c1)CC2|CCC(=O)N1CC[C@H](Nc2ncnc3c2CN(C2=CC(C(F)(F)F)C(=O)NC2)CC3)C1|COc1ncc(N2CCc3ncnc(NC4CCNC4)c3C2)cc1C(F)(F)F
CCC(C)n1ncn(-c2ccc(N3CCN(c4ccc(OC[C@H]5CO[C@](Cn6cncn6)(c6ccc(Cl)cc6Cl)O5)cc4)CC3)cc2)c1=O,CYP3A4,CC(n1ncn(-c2ccc(N3CCN(c4ccc(OC[C@H]5CO[C@](Cn6cncn6)(c6ccc(Cl)cc6Cl)O5)cc4)CC3)cc2)c1=O)[CH2:1]C,CC(O)C(C)n1ncn(-c2ccc(N3CCN(c4ccc(OC[C@@H]5CO[C@@](Cn6cncn6)(c6ccc(Cl)cc6Cl)O5)cc4)CC3)cc2)c1=O,1,O=c1[nH]ncn1-c1ccc(N2CCN(c3ccc(OC[C@H]4CO[C@](Cn5cncn5)(c5ccc(Cl)cc5Cl)O4)cc3)CC2)cc1|CC(O)C(C)n1ncn(-c2ccc(N3CCN(c4ccc(OC[C@H]5CO[C@](Cn6cncn6)(c6ccc(Cl)cc6Cl)O5)cc4)CC3)cc2)c1=O|CCC(C)n1ncn(-c2ccc(N3CCN(c4ccc(OCC(=O)CO[C@@](O)(Cn5cncn5)c5ccc(Cl)cc5Cl)cc4)CC3)cc2)c1=O|CC([C@@H](C)O)n1ncn(-c2ccc(N3CCN(c4ccc(OC[C@H]5CO[C@](Cn6cncn6)(c6ccc(Cl)cc6Cl)O5)cc4)CC3)cc2)c1=O|O=c1[nH]ncn1-c1ccc(N2CCN(c3ccc(OCC4COC(Cn5cncn5)(c5ccc(Cl)cc5Cl)O4)cc3)CC2)cc1|CCC(CO)n1ncn(-c2ccc(N3CCN(c4ccc(OC[C@H]5CO[C@](Cn6cncn6)(c6ccc(Cl)cc6Cl)O5)cc4)CC3)cc2)c1=O|CC([C@H](C)O)n1ncn(-c2ccc(N3CCN(c4ccc(OC[C@H]5CO[C@](Cn6cncn6)(c6ccc(Cl)cc6Cl)O5)cc4)CC3)cc2)c1=O|CC(CCO)n1ncn(-c2ccc(N3CCN(c4ccc(OC[C@H]5CO[C@](Cn6cncn6)(c6ccc(Cl)cc6Cl)O5)cc4)CC3)cc2)c1=O|CCC(C)n1ncn(-c2ccc(N3CCN(c4ccc(OC[C@@H](C=O)O[C@@](O)(Cn5cncn5)c5ccc(Cl)cc5Cl)cc4)CC3)cc2)c1=O|CCC(C)n1ncn(-c2ccc(N3CCN(c4ccc(OCC(=O)CO[C@](O)(Cn5cncn5)c5ccc(Cl)cc5Cl)cc4)CC3)cc2)c1=O|O=c1[nH]ncn1-c1ccc(N2CCN(c3ccc(OC[C@H]4COC(Cn5cncn5)(c5ccc(Cl)cc5Cl)O4)cc3)CC2)cc1|CC(O)C(C)n1ncn(-c2ccc(N3CCN(c4ccc(OCC5COC(Cn6cncn6)(c6ccc(Cl)cc6Cl)O5)cc4)CC3)cc2)c1=O|CCC(C)n1ncn(-c2ccc(N3CCN(c4ccc(OC[C@H]5CO[C@](Cn6cncn6)(c6ccc(Cl)cc6Cl)O5)cc4)CC3O)cc2)c1=O|CCC(C)(O)n1ncn(-c2ccc(N3CCN(c4ccc(OC[C@H]5CO[C@](Cn6cncn6)(c6ccc(Cl)cc6Cl)O5)cc4)CC3)cc2)c1=O|O=c1[nH]ncn1-c1ccc(N2CCN(c3ccc(OC[C@H]4CO[C@@](Cn5cncn5)(c5ccc(Cl)cc5Cl)O4)cc3)CC2)cc1|CC[C@@H](C)n1ncn(-c2ccc(N3CCN(c4ccc(OC[C@H]5CO[C@](Cn6cncn6)(c6ccc(Cl)cc6Cl)O5)cc4)CC3)cc2)c1=O|CCC(CO)n1ncn(-c2ccc(N3CCN(c4ccc(OCC5COC(Cn6cncn6)(c6ccc(Cl)cc6Cl)O5)cc4)CC3)cc2)c1=O|CC[C@H](C)n1ncn(-c2ccc(N3CCN(c4ccc(OC[C@H]5CO[C@](Cn6cncn6)(c6ccc(Cl)cc6Cl)O5)cc4)CC3)cc2)c1=O|CCn1ncn(-c2ccc(N3CCN(c4ccc(OC[C@H]5CO[C@](Cn6cncn6)(c6ccc(Cl)cc6Cl)O5)cc4)CC3)cc2)c1=O|CC(O)C(C)n1ncn(-c2ccc(N3CCN(c4ccc(OC[C@H]5COC(Cn6cncn6)(c6ccc(Cl)cc6Cl)O5)cc4)CC3)cc2)c1=O
CCCc1nc(C)c2c(=O)nc(-c3cc(S(=O)(=O)N4CCN(CC)CC4)ccc3OCC)[nH]n12,CYP3A4,CCCc1nc(C)c2c(=O)nc(-c3cc(S(=O)(=O)N4CC[N:1](CC)CC4)ccc3OCC)[nH]n12,CCCc1nc(C)c2c(=O)nc(-c3cc(S(=O)(=O)N4CCNCC4)ccc3OCC)[nH]n12,1,CCCc1nc(C)c2c(=O)nc(-c3cc(S(=O)(=O)N4CCNCC4)ccc3OCC)[nH]n12|CCCc1nc(C)c2c(=O)nc(-c3cc(S(=O)(=O)N4CCN(CC)C(O)C4)ccc3OCC)[nH]n12|CCCc1nc(C)c2c(=O)[nH]c(-c3cc(S(=O)(=O)N4CCNCC4)ccc3OCC)nn12|CCCc1nc(C)c2c(=O)nc(-c3cc(S(=O)(=O)N4CCN(C(C)O)CC4)ccc3OCC)[nH]n12|CCCc1nc(C)c2c(=O)nc(-c3cc(S(=O)(=O)N4CCN(CC)CC4O)ccc3OCC)[nH]n12|CCCc1nc(C)c2c(=O)[nH]c(-c3cc(S(=O)(=O)N(CC=O)CCNCC)ccc3OCC)nn12|CCCc1nc(C)c2c(=O)nc(-c3cc(S(=O)(=O)N4CC[N+]([O-])(CC)CC4)ccc3OCC)[nH]n12|CCOc1ccc(S(=O)(=O)N2CCN(CC)CC2)cc1-c1nc(=O)c2c(C)nc(C(O)CC)n2[nH]1|CCCc1nc(C)c2c(=O)nc(-c3cc(S(=O)(=O)N4CCN(CCO)CC4)ccc3OCC)[nH]n12|CCCc1nc(C)c2c(=O)nc(-c3cc(S(=O)(=O)N(CC=O)CCNCC)ccc3OCC)[nH]n12|CCCc1nc(C)c2c(=O)nc(-c3cc(S(=O)(=O)NCCN(CC)CC=O)ccc3OCC)[nH]n12|CCCc1nc(C)c2c(=O)[nH]c(-c3cc(S(=O)(=O)NCCN(CC)CC=O)ccc3OCC)nn12|CCCc1nc(CO)c2c(=O)nc(-c3cc(S(=O)(=O)N4CCN(CC)CC4)ccc3OCC)[nH]n12|CCCc1nc(C)c2c(=O)[nH]c(-c3cc(S(=O)(=O)N4CC[N+]([O-])(CC)CC4)ccc3OCC)nn12|CCCc1nc(C)c2c(=O)nc(-c3cc([SH](=O)=O)ccc3OCC)[nH]n12|CCOc1ccc(S(=O)(=O)N2CCN(CC)CC2)cc1-c1nc(=O)c2c(C)nc(CC(C)O)n2[nH]1|CCCc1nc(C)c2c(=O)nc(C3=CC(=S(=O)=O)C=CC3OCC)[nH]n12|CCCc1nc(C)c2c(=O)nc(-c3cc([S+](=O)(=O)(O)N4CCN(CC)CC4)ccc3OCC)[nH]n12|CCOc1ccc(S(=O)(=O)N2CCN(CC)CC2)cc1-c1nc(=O)c2c(C)nc(CCCO)n2[nH]1|CCCc1nc(C)c2c(=O)nc(-c3cc(S(=O)(=O)N4CCN(CC)CC4)ccc3O)[nH]n12
CCN(CC)C(=O)[C@@]1(c2ccccc2)C[C@H]1CN,CYP2D6,CC[N:1](CC)C(=O)[C@@]1(c2ccccc2)C[C@H]1CN,CCNC(=O)[C@@]1(c2ccccc2)C[C@H]1CN,1,CCNC(=O)[C@@]1(c2ccccc2)C[C@H]1CN|CCN(CC)C(=O)[C@@]1(c2ccccc2)C[C@H]1CNO|CCNC(=O)C1(c2ccccc2)CC1CN|CCN(CC)C(=O)[C@@]1(c2ccccc2)C[C@H]1CNC(C)=O|CCN(CCO)C(=O)[C@@]1(c2ccccc2)C[C@H]1CN|CCN(CC)C(=O)[C@@]1(c2ccccc2)C[C@H]1C=O|CCN(C(=O)[C@@]1(c2ccccc2)C[C@H]1CN)C(C)O|CCNC(=O)[C@]1(c2ccccc2)C[C@H]1CN|CCN(CC)C(=O)[C@@]1(c2ccccc2)C[C@H]1CNC|CCN(CC)C(=O)[C@@]1(c2ccc(O)cc2)C[C@H]1CN|NC[C@@H]1C[C@@]1(C(=O)O)c1ccccc1|CCNC(=O)[C@@]1(c2ccccc2)CC1CN|CCNC(=O)C1(c2ccccc2)C[C@H]1CN|CCN(CC)C(=O)C1(c2ccccc2)CC1CNO|CCN(CC)C(=O)[C@]1(c2ccccc2)C[C@H]1CNO|CCNC(=O)[C@]1(c2ccccc2)C[C@@H]1CN|CC=O|CCN(CC)C(=O)C1(c2ccccc2)CC1C=O|CCN=C(O)[C@@]1(c2ccccc2)C[C@H]1CN|CCN(C(=O)C1(c2ccccc2)CC1CN)C(C)O
CCN(CC)C(=O)[C@@]1(c2ccccc2)C[C@H]1CN,CYP3A4,CC[N:1](CC)C(=O)[C@@]1(c2ccccc2)C[C@H]1CN,CCNC(=O)[C@@]1(c2ccccc2)C[C@H]1CN,1,CCNC(=O)[C@@]1(c2ccccc2)C[C@H]1CN|CCN(CC)C(=O)[C@@]1(c2ccccc2)C[C@H]1CNO|CCNC(=O)C1(c2ccccc2)CC1CN|CCN(CC)C(=O)[C@@]1(c2ccccc2)C[C@H]1CNC(C)=O|CCN(CCO)C(=O)[C@@]1(c2ccccc2)C[C@H]1CN|CCN(CC)C(=O)[C@@]1(c2ccccc2)C[C@H]1C=O|CCN(C(=O)[C@@]1(c2ccccc2)C[C@H]1CN)C(C)O|CCN(CC)C(=O)[C@@]1(c2ccccc2)C[C@H]1CNC|CCNC(=O)[C@]1(c2ccccc2)C[C@H]1CN|CCN(CC)C(=O)[C@@]1(c2ccc(O)cc2)C[C@H]1CN|NC[C@@H]1C[C@@]1(C(=O)O)c1ccccc1|CCNC(=O)[C@@]1(c2ccccc2)CC1CN|CCNC(=O)C1(c2ccccc2)C[C@H]1CN|CCN(CC)C(=O)C1(c2ccccc2)CC1CNO|CCNC(=O)[C@]1(c2ccccc2)C[C@@H]1CN|CCN(CC)C(=O)[C@]1(c2ccccc2)C[C@H]1CNO|CCN(CC)C(=O)C1(c2ccccc2)CC1C=O|CC=O|CCN(CC)C(=O)[C@@]1(c2ccccc2)C[C@H]1CNC=O|CCN=C(O)[C@@]1(c2ccccc2)C[C@H]1CN
CCN[C@H]1CN(CCCOC)S(=O)(=O)c2sc(S(N)(=O)=O)cc21,CYP2C9,CC[NH:1][C@H]1CN(CCCOC)S(=O)(=O)c2sc(S(N)(=O)=O)cc21,COCCCN1C[C@H](N)c2cc(S(N)(=O)=O)sc2S1(=O)=O,1,COCCCN1C[C@H](N)c2cc(S(N)(=O)=O)sc2S1(=O)=O|CCN[C@H]1CN(CCCO)S(=O)(=O)c2sc(S(N)(=O)=O)cc21|CCN[C@H]1CNS(=O)(=O)c2sc(S(N)(=O)=O)cc21|CCN[C@H]1CN(CCC=O)S(=O)(=O)c2sc(S(N)(=O)=O)cc21|COCCCN1C[C@H](NCCO)c2cc(S(N)(=O)=O)sc2S1(=O)=O|CCNC1CN(CCCO)S(=O)(=O)c2sc(S(N)(=O)=O)cc21|COCCCN1C[C@H](NC(C)O)c2cc(S(N)(=O)=O)sc2S1(=O)=O|CCN[C@H]1CN(CCC(O)OC)S(=O)(=O)c2sc(S(N)(=O)=O)cc21|CCN[C@@H](C=O)c1cc(S(N)(=O)=O)sc1S(=O)(=O)NCCCOC|CO|CCN[C@H]1CN(CC(O)COC)S(=O)(=O)c2sc(S(N)(=O)=O)cc21|CCN[C@H]1CN(C(O)CCOC)S(=O)(=O)c2sc(S(N)(=O)=O)cc21|C=CCN1C[C@H](NCC)c2cc(S(N)(=O)=O)sc2S1(=O)=O|CCN[C@H]1CN(CCCOCO)S(=O)(=O)c2sc(S(N)(=O)=O)cc21|CCN[C@H]1CN(CCCOC)S(=O)(=O)C2=C1C1OC1(S(N)(=O)=O)S2|CCN(O)[C@H]1CN(CCCOC)S(=O)(=O)c2sc(S(N)(=O)=O)cc21|CCN([C@H]1CN(CCCOC)S(=O)(=O)c2sc(S(N)(=O)=O)cc21)S(=O)(=O)O|CCN[C@H]1CN(CCCOC)S(=O)(=O)c2sc(S(=O)(=O)O)cc21|CCNC1=CN(CCCO)S(=O)(=O)C2SC(S(N)(=O)=O)=CC12|CCN(C=O)[C@H]1CN(CCCOC)S(=O)(=O)c2sc(S(N)(=O)=O)cc21
CCN[C@H]1CN(CCCOC)S(=O)(=O)c2sc(S(N)(=O)=O)cc21,CYP3A4,CC[NH:1][C@H]1CN(CCCOC)S(=O)(=O)c2sc(S(N)(=O)=O)cc21,COCCCN1C[C@H](N)c2cc(S(N)(=O)=O)sc2S1(=O)=O,1,COCCCN1C[C@H](N)c2cc(S(N)(=O)=O)sc2S1(=O)=O|CCN[C@H]1CN(CCCO)S(=O)(=O)c2sc(S(N)(=O)=O)cc21|CCN[C@H]1CNS(=O)(=O)c2sc(S(N)(=O)=O)cc21|COCCCN1C[C@H](NCCO)c2cc(S(N)(=O)=O)sc2S1(=O)=O|CCN[C@H]1CN(CCC=O)S(=O)(=O)c2sc(S(N)(=O)=O)cc21|CCNC1CN(CCCO)S(=O)(=O)c2sc(S(N)(=O)=O)cc21|CCN[C@H]1CN(CCC(O)OC)S(=O)(=O)c2sc(S(N)(=O)=O)cc21|COCCCN1C[C@H](NC(C)O)c2cc(S(N)(=O)=O)sc2S1(=O)=O|CCN[C@@H](C=O)c1cc(S(N)(=O)=O)sc1S(=O)(=O)NCCCOC|CO|CCN[C@H]1CN(CC(O)COC)S(=O)(=O)c2sc(S(N)(=O)=O)cc21|CCN[C@H]1CN(C(O)CCOC)S(=O)(=O)c2sc(S(N)(=O)=O)cc21|C=CCN1C[C@H](NCC)c2cc(S(N)(=O)=O)sc2S1(=O)=O|CCN[C@H]1CN(CCCOCO)S(=O)(=O)c2sc(S(N)(=O)=O)cc21|CCN[C@@H]1c2cc(S(N)(=O)=O)sc2S(=O)(=O)N(CCCOC)C1O|CCN([C@H]1CN(CCCOC)S(=O)(=O)c2sc(S(N)(=O)=O)cc21)S(=O)(=O)O|COCCCN1CC(N)c2cc(S(N)(=O)=O)sc2S1(=O)=O|COCCCN1CC(NC(C)O)c2cc(S(N)(=O)=O)sc2S1(=O)=O|CCN(O)[C@H]1CN(CCCOC)S(=O)(=O)c2sc(S(N)(=O)=O)cc21|CCNC1CNS(=O)(=O)c2sc(S(N)(=O)=O)cc21
CC[C@@H](c1cccc(O)c1)[C@@H](C)CN(C)C,CYP2D6,CC[C@@H](c1cc(O)c[cH:1]c1)[C@@H](C)CN(C)C,CC[C@@H](c1cc(O)cc(O)c1)[C@@H](C)CN(C)C,1,CC[C@@H](c1cccc(O)c1)[C@@H](C)CNC|CC[C@@H](c1ccc(O)c(O)c1)[C@@H](C)CN(C)C|C[C@H](Cc1cccc(O)c1)CN(C)C|CC[C@@H](c1cccc(O)c1)[C@@H](C)C[N+](C)(C)[O-]|CC[C@H](c1ccc(O)c(O)c1)[C@@H](C)CN(C)C|CC[C@@H](c1cc(O)cc(O)c1)[C@@H](C)CN(C)C|CC[C@@H](c1cc(O)ccc1O)[C@@H](C)CN(C)C|CCC(c1cccc(O)c1)C(C)CNC|CC[C@H](c1cccc(O)c1)[C@@H](C)CNC|C[C@@H](CN(C)C)[C@@H](CCO)c1cccc(O)c1|CC[C@@H](c1cccc(OS(=O)(=O)O)c1)[C@@H](C)CN(C)C|CCC(c1ccc(O)c(O)c1)C(C)CN(C)C|CC[C@@H](c1cccc(O)c1)[C@H](C)CNC|CCC(=C1C=C(O)C=CC1)[C@@H](C)CN(C)C|CC[C@@H](c1cccc(O)c1)[C@@H](C)C=O|CC[C@@H](C1=CC(=O)C=CC1O)[C@@H](C)CN(C)C|CC[C@@H](c1cccc(O)c1O)[C@@H](C)CN(C)C|CC[C@@H](c1cccc(OC2OC(C(=O)O)C(O)C(O)C2O)c1)[C@@H](C)CN(C)C|CC(O)[C@@H](c1cccc(O)c1)[C@@H](C)CN(C)C|CC[C@H](c1cc(O)ccc1O)[C@@H](C)CN(C)C
CN(C)CCCC1(c2ccc(F)cc2)OCc2cc(C#N)ccc21,CYP2D6,C[N:1](C)CCCC1(c2ccc(F)cc2)OCc2cc(C#N)ccc21,C[N+](C)([O-])CCCC1(c2ccc(F)cc2)OCc2cc(C#N)ccc21,1,CNCCCC1(c2ccc(F)cc2)OCc2cc(C#N)ccc21|C[N+](C)([O-])CCCC1(c2ccc(F)cc2)OCc2cc(C#N)ccc21|N#Cc1ccc2c(c1)COC2(CCC=O)c1ccc(F)cc1|CN(C)CCCC(O)(c1ccc(F)cc1)c1ccc(C#N)cc1CO|CNC|CN(C)CCCC1(c2ccc(F)cc2)OC(O)c2cc(C#N)ccc21|CNCCC[C@]1(c2ccc(F)cc2)OCc2cc(C#N)ccc21|N#Cc1ccc2c(c1)COC2(CCCO)c1ccc(F)cc1|CN(C)CCCC(O)(c1ccc(F)cc1)c1ccc(C#N)cc1C=O|CN(CO)CCCC1(c2ccc(F)cc2)OCc2cc(C#N)ccc21|CNCCC[C@@]1(c2ccc(F)cc2)OCc2cc(C#N)ccc21|CN(C)CCCC1(c2ccc(F)cc2)OCc2cc(C#N)c(O)cc21|CN(C)[C+](O)CCC1(c2ccc(F)cc2)OCc2cc(C#N)ccc21|CN(C)C(O)CCC1(c2ccc(F)cc2)OCc2cc(C#N)ccc21|CN(C)CCCC1(c2ccc(F)cc2)OCc2cc(C#[N+]O)ccc21|CN(C)CCCC1(c2ccc(F)cc2)OCc2cc(C#N)cc(O)c21|CN(C)CCC[C@]1(c2ccc(F)cc2)OCc2cc(C#N)ccc21|CN(C)CCCC(c1ccc(F)cc1)c1ccc(C#N)cc1C=O|N#Cc1ccc2c(c1)COC2(CCC(=O)O)c1ccc(F)cc1|CN(C)CCC[C@@]1(c2ccc(F)cc2)OCc2cc(C#N)ccc21
CN(C)CCC[C@@]1(c2ccc(F)cc2)OCc2cc(C#N)ccc21,CYP2D6,C[N:1](C)CCC[C@@]1(c2ccc(F)cc2)OCc2cc(C#N)ccc21,C[N+](C)([O-])CCC[C@@]1(c2ccc(F)cc2)OCc2cc(C#N)ccc21,1,CNCCC[C@@]1(c2ccc(F)cc2)OCc2cc(C#N)ccc21|CNCCCC1(c2ccc(F)cc2)OCc2cc(C#N)ccc21|C[N+](C)([O-])CCC[C@@]1(c2ccc(F)cc2)OCc2cc(C#N)ccc21|CNC|N#Cc1ccc2c(c1)CO[C@@]2(CCC=O)c1ccc(F)cc1|CN(C)CCC[C@](O)(c1ccc(F)cc1)c1ccc(C#N)cc1CO|C[N+](C)([O-])CCCC1(c2ccc(F)cc2)OCc2cc(C#N)ccc21|CNCCC[C@]1(c2ccc(F)cc2)OCc2cc(C#N)ccc21|CN(CO)CCC[C@@]1(c2ccc(F)cc2)OCc2cc(C#N)ccc21|N#Cc1ccc2c(c1)CO[C@@]2(CCCO)c1ccc(F)cc1|CN(C)CCC[C@@]1(c2ccc(F)cc2)OC(O)c2cc(C#N)ccc21|CN(C)CCC[C@](O)(c1ccc(F)cc1)c1ccc(C#N)cc1C=O|C[N+](C)([O-])CCC[C@]1(c2ccc(F)cc2)OCc2cc(C#N)ccc21|CN(C)CCCC1(c2ccc(F)cc2)OC(O)c2cc(C#N)ccc21|CN(C)CCCC(O)(c1ccc(F)cc1)c1ccc(C#N)cc1CO|CN(C)C(O)CC[C@@]1(c2ccc(F)cc2)OCc2cc(C#N)ccc21|N#Cc1ccc2c(c1)CO[C@@]2(CCC(=O)O)c1ccc(F)cc1|CN(C)CCC[C@@]1(c2ccc(F)cc2)OCc2cc(C#N)c(O)cc21|N#Cc1ccc2c(c1)COC2(CCC=O)c1ccc(F)cc1|CN(C)CCC[C@@]1(c2ccc(O)cc2)OCc2cc(C#N)ccc21
CN1C(=O)CC(=O)N(c2ccc(O)cc2)c2cc(Cl)ccc21,CYP2C9,C[N:1]1C(=O)CC(=O)N(c2ccc(O)cc2)c2cc(Cl)ccc21,O=C1CC(=O)N(c2ccc(O)cc2)c2cc(Cl)ccc2N1,1,CN1C(=O)CC(=O)N(c2ccc(O)c(O)c2)c2cc(Cl)ccc21|O=C1CC(=O)N(c2ccc(O)cc2)c2cc(Cl)ccc2N1|CN1C(=O)CC(=O)[N+](=C2C=CC(=O)C=C2)c2cc(Cl)ccc21|CN1C(=O)CC(=O)N(c2ccc(O)cc2O)c2cc(Cl)ccc21|CN1C(=O)CC(=O)N(c2ccc(O)cc2)c2cc(Cl)c(O)cc21|CN1C(=O)CC(=O)N(c2ccc(O)cc2)c2cc(Cl)cc(O)c21|CN1C(=O)CC(=O)N(c2ccc(O)cc2)c2cc(Cl)ccc21|CN1C(=O)CC(=O)Nc2cc(Cl)ccc21|C[N+]1=CCC(=O)N(c2ccc(O)cc2)c2cc(Cl)ccc21|CNc1ccc(Cl)cc1N(C(=O)CC(=O)O)c1ccc(O)cc1|O=C1CC(O)=Nc2ccc(Cl)cc2N1c1ccc(O)cc1|O=C1C=C(O)N(c2ccc(O)cc2)c2cc(Cl)ccc2N1|CN1C(=O)CC(=O)N(c2ccc(O)cc2)c2cc(O)ccc21|CN(C(=O)CC=O)c1ccc(Cl)cc1N=C1C=CC(=O)C=C1|O=C1CC(O)Nc2ccc(Cl)cc2N1c1ccc(O)cc1|CN1C(=O)C(O)C(=O)N(c2ccc(O)cc2)c2cc(Cl)ccc21|CN1C(=O)CC(=O)N(C2=CCC(=O)C=C2)c2cc(Cl)ccc21|O=C1CC(O)=[N+](c2ccc(O)cc2)c2cc(Cl)ccc2N1|CN1C(=O)CC(=O)N(C2C=CC(=O)C=C2)c2cc(Cl)ccc21|O=CCC(=O)Nc1ccc(Cl)cc1Nc1ccc(O)cc1
CN1C(=O)CC(=O)N(c2ccc(O)cc2)c2cc(Cl)ccc21,CYP3A4,C[N:1]1C(=O)CC(=O)N(c2ccc(O)cc2)c2cc(Cl)ccc21,O=C1CC(=O)N(c2ccc(O)cc2)c2cc(Cl)ccc2N1,1,CN1C(=O)CC(=O)N(c2ccc(O)c(O)c2)c2cc(Cl)ccc21|O=C1CC(=O)N(c2ccc(O)cc2)c2cc(Cl)ccc2N1|CN1C(=O)CC(=O)[N+](=C2C=CC(=O)C=C2)c2cc(Cl)ccc21|CN1C(=O)CC(=O)N(c2ccc(O)cc2)c2cc(Cl)c(O)cc21|CN1C(=O)CC(=O)N(c2ccc(O)cc2O)c2cc(Cl)ccc21|CN1C(=O)CC(=O)N(c2ccc(O)cc2)c2cc(Cl)ccc21|CN1C(=O)CC(=O)Nc2cc(Cl)ccc21|CN1C(=O)CC(=O)N(c2ccc(O)cc2)c2cc(Cl)cc(O)c21|C[N+]1=CCC(=O)N(c2ccc(O)cc2)c2cc(Cl)ccc21|CN1C(=O)CC(=O)N(c2ccc(O)cc2)c2cc(O)ccc21|CN1C(=O)C(O)C(=O)N(c2ccc(O)cc2)c2cc(Cl)ccc21|CNc1ccc(Cl)cc1N(C(=O)CC(=O)O)c1ccc(O)cc1|O=C1C=C(O)N(c2ccc(O)cc2)c2cc(Cl)ccc2N1|O=C1CC(O)=Nc2ccc(Cl)cc2N1c1ccc(O)cc1|CN(C(=O)CC=O)c1ccc(Cl)cc1N=C1C=CC(=O)C=C1|CN1C(=O)CC(=O)N(C2=CCC(=O)C=C2)c2cc(Cl)ccc21|O=C1CC(O)Nc2ccc(Cl)cc2N1c1ccc(O)cc1|O=CCC(=O)Nc1ccc(Cl)cc1Nc1ccc(O)cc1|C|O=C1CC(=O)N(c2ccc(O)cc2)c2cc(Cl)ccc2N1CO
CN1CC[C@@H](NC(=O)Nc2ccc(C#N)cc2)C[C@@H]1c1nc2ccccc2[nH]1,CYP3A4,CN1[C@@H](c2nc3ccccc3[nH]2)C[C@H](NC(=O)Nc2ccc(C#N)cc2)[CH2:1][CH2:1]1,CN1C=C[C@@H](NC(=O)Nc2ccc(C#N)cc2)C[C@@H]1c1nc2ccccc2[nH]1,1,N#Cc1ccc(NC(=O)N[C@@H]2CCN[C@@H](c3nc4ccccc4[nH]3)C2)cc1|N#Cc1ccc(NC(=O)NC2CCNC(c3nc4ccccc4[nH]3)C2)cc1|CN1CCC(NC(=O)Nc2ccc(C#N)cc2)CC1c1nc2cc(O)ccc2[nH]1|CN1CC[C@@H](NC(=O)Nc2ccc(C#N)cc2)C[C@@H]1c1nc2cc(O)ccc2[nH]1|CN1CC[C@@H](NC(=O)Nc2ccc(C#N)cc2)C[C@@H]1c1nc2ccc(O)cc2[nH]1|N#Cc1ccc(NC(=O)N[C@H]2CCN[C@H](c3nc4ccccc4[nH]3)C2)cc1|CN1CCC(NC(=O)Nc2ccc(C#N)cc2)CC1c1nc2ccc(O)cc2[nH]1|CN1CC[C@@H](NC(=O)Nc2ccc(C#N)cc2)C[C@@H]1c1nc2c([nH]1)C=CC1OC21|C[N+]1([O-])CC[C@@H](NC(=O)Nc2ccc(C#N)cc2)C[C@@H]1c1nc2ccccc2[nH]1|N#Cc1ccc(NC(=O)N[C@@H]2CCN[C@H](c3nc4ccccc4[nH]3)C2)cc1|CN1CC[C@@H](NC(=O)Nc2ccc(C#N)cc2)C[C@@H]1c1nc2ccccc2[nH]1|N#Cc1ccc(NC(=O)N[C@H]2CCN[C@@H](c3nc4ccccc4[nH]3)C2)cc1|CN1CC[C@@H](NC(=O)Nc2ccc(C#N)cc2)C[C@@H]1c1nc2c(O)cccc2[nH]1|CN1CC[C@@H](NC(=O)Nc2ccc(C#N)cc2)C[C@@H]1c1nc2ccccc2n1O|CN1CC[C@@H](NC(=O)Nc2ccc(C#N)c(O)c2)C[C@@H]1c1nc2ccccc2[nH]1|N#Cc1ccc(NC(=O)N[C@@H]2CCN[C@@H](C3=NC4C=CC=CC4=N3)C2)cc1|C[N+]1([O-])CCC(NC(=O)Nc2ccc(C#N)cc2)CC1c1nc2ccccc2[nH]1|CN1CC[C@@H](NC(=O)Nc2ccc(C#N)cc2O)C[C@@H]1c1nc2ccccc2[nH]1|CN1CC(O)[C@H](NC(=O)Nc2ccc(C#N)cc2)C[C@@H]1c1nc2ccccc2[nH]1|CN1CC[C@@H](NC(=O)Nc2ccc(C#N)cc2)C[C@@H]1C(=O)Nc1ccccc1N
CNC(=O)c1cc(Oc2ccc(NC(=O)Nc3ccc(Cl)c(C(F)(F)F)c3)cc2)ccn1,CYP3A4,CNC(=O)c1cc(Oc2ccc(NC(=O)Nc3ccc(Cl)c(C(F)(F)F)c3)cc2)cc[n:1]1,CNC(=O)c1cc(Oc2ccc(NC(=O)Nc3ccc(Cl)c(C(F)(F)F)c3)cc2)cc[n+]1[O-],1,CNC(=O)c1cc(Oc2ccc(N)cc2)ccn1|CNC(=O)c1cc(Oc2ccc(NC(=O)Nc3ccc(Cl)c(C(F)(F)F)c3)cc2)cc[n+]1[O-]|NC(=O)c1cc(Oc2ccc(NC(=O)Nc3ccc(Cl)c(C(F)(F)F)c3)cc2)ccn1|CNC(=O)c1cc(Oc2ccc(NC(=O)Nc3ccc(Cl)c(C(F)F)c3)cc2)ccn1|O=C(Nc1ccc(Oc2ccnc(C(=O)NCO)c2)cc1)Nc1ccc(Cl)c(C(F)(F)F)c1|NC(=O)c1cc(Oc2ccc(NC(=O)Nc3ccc(Cl)c(C(F)F)c3)cc2)ccn1|CNC(=O)c1cc(Oc2ccc(NC(=O)Nc3ccc(O)c(C(F)(F)F)c3)cc2)ccn1|CNC(=O)c1cc(Oc2ccc(NC(=O)Nc3ccc(Cl)c(CF)c3)cc2)ccn1|Nc1ccc(Cl)c(C(F)(F)F)c1|O=C(Nc1ccc(Oc2ccnc(C(=O)O)c2)cc1)Nc1ccc(Cl)c(C(F)(F)F)c1|CNC(=O)c1cc(Oc2ccc(NC(=O)Nc3ccc(Cl)c(C(F)(F)F)c3)c(O)c2)ccn1|CNC(=O)c1cc(Oc2ccc(NC(=O)Nc3ccc(Cl)c(C(F)(F)F)c3)cc2O)ccn1|CNC(=O)c1cc(Oc2ccc(NC(=O)Nc3ccc(Cl)c(C(O)(F)F)c3)cc2)ccn1|O=C(Nc1ccc(Oc2ccnc(C(=O)NCO)c2)cc1)Nc1ccc(Cl)c(C(F)F)c1|CNC(=O)c1cc(Oc2ccc(NC(=O)Nc3ccc(Cl)c(C(F)(F)F)c3)cc2)c(O)cn1|CNC(=O)c1cc(Oc2ccc(NC(N)=O)cc2)ccn1|CNC(=O)c1cc(Oc2ccc(NC(=O)Nc3ccc(Cl)c(C(O)F)c3)cc2)ccn1|CNC(=O)c1cc(Oc2ccc(NC(=O)Nc3cccc(C(F)(F)F)c3)cc2)ccn1|CNC(=O)c1cc(Oc2ccc(NC(=O)Nc3ccc(Cl)c(C(F)(F)F)c3)cc2)cc(O)n1|CNC(=O)c1cc(Oc2ccc(NC(=O)Nc3cc(C(F)F)c(Cl)cc3O)cc2)ccn1
CNCCCC1(c2ccc(F)cc2)OCc2cc(C#N)ccc21,CYP2D6,C[NH:1]CCCC1(c2ccc(F)cc2)OCc2cc(C#N)ccc21,N#Cc1ccc2c(c1)COC2(CCCN)c1ccc(F)cc1,1,N#Cc1ccc2c(c1)COC2(CCCN)c1ccc(F)cc1|N#Cc1ccc2c(c1)COC2(CCC=O)c1ccc(F)cc1|N#Cc1ccc2c(c1)CO[C@]2(CCCN)c1ccc(F)cc1|CNCCCC1(c2ccc(F)cc2)OC(O)c2cc(C#N)ccc21|N#Cc1ccc2c(c1)COC2(CCC(=O)O)c1ccc(F)cc1|CN(O)CCCC1(c2ccc(F)cc2)OCc2cc(C#N)ccc21|N#Cc1ccc2c(c1)COC2(CCCNCO)c1ccc(F)cc1|CNCCCC(O)(c1ccc(F)cc1)c1ccc(C#N)cc1CO|CNCCCC(O)(c1ccc(F)cc1)c1ccc(C#N)cc1C=O|CNCCCC(O)(c1ccc(F)cc1)c1ccc(C#N)cc1C(=O)O|CNCCCC1(c2ccc(F)cc2)OCc2c1ccc(C#N)c2O|N#Cc1ccc2c(c1)CO[C@@]2(CCCN)c1ccc(F)cc1|CNCCCC1(c2ccc(F)cc2)OCc2cc(C#N)c(O)cc21|CNCCCC1(c2ccc(O)cc2)OCc2cc(C#N)ccc21|N#Cc1ccc2c(c1)COC2(CCCO)c1ccc(F)cc1|CNCCCC1(c2ccc(F)cc2)OCc2cc(C#N)cc(O)c21|N#Cc1ccc2c(c1)COC2(CCCN)c1ccc(O)cc1|N#Cc1ccc2c(c1)CO[C@]2(CCC=O)c1ccc(F)cc1|N#Cc1ccc2c(c1)COC2(CCCNC=O)c1ccc(F)cc1|CNCCCC1(c2ccc(F)cc2O)OCc2cc(C#N)ccc21
COc1c(OCCCN2CCOCC2)ccc2c1N=C(NC(=O)c1cnc(N)nc1)N1CCN=C21,CYP3A4,COc1c(OCCC[N:1]2CC[O:1]CC2)ccc2c1N=C(NC(=O)c1cnc(N)nc1)N1CCN=C21|COc1c(OCCC[N:1]2CC[O:1][CH2:1]C2)ccc2c1N=C(NC(=O)c1cnc(N)nc1)N1CCN=C21|COc1c(OCCC[N:1]2CC[O:1][CH2:1][CH2:1]2)ccc2c1N=C(NC(=O)c1cnc(N)nc1)N1CCN=C21|COc1c(OCC[CH2:1]N2CC[O:1]CC2)ccc2c1N=C(NC(=O)c1cnc(N)nc1)N1CCN=C21|COc1c([O:1]CCCN2CCOCC2)ccc2c1N=C(NC(=O)c1cnc(N)nc1)N1CCN=C21,COc1c(O)ccc2c1N=C(NC(=O)c1cnc(N)nc1)N1CCN=C21|COc1c(OCCC(=O)O)ccc2c1N=C(NC(=O)c1cnc(N)nc1)N1CCN=C21|COc1c(OCCCN(C=O)CCO)ccc2c1N=C(NC(=O)c1cnc(N)nc1)N1CCN=C21|COc1c(OCCCN2CCOCC2=O)ccc2c1N=C(NC(=O)c1cnc(N)nc1)N1CCN=C21|COc1c(OCCCNCCO)ccc2c1N=C(NC(=O)c1cnc(N)nc1)N1CCN=C21|COc1c(OCCCO)ccc2c1N=C(NC(=O)c1cnc(N)nc1)N1CCN=C21,5,COc1c(OCCCN2CCOCC2)ccc2c1N=C(NC(=O)c1cnc(N)nc1)N1CC(O)N=C21|Nc1ncc(C(=O)NC2=Nc3c(ccc(OCCCN4CCOCC4)c3O)C3=NCCN23)cn1|COc1c(OCCCN2CCOCC2)ccc2c1N=C(NC(=O)c1cnc(N)nc1O)N1CCN=C21|COc1c(O)ccc2c1N=C(NC(=O)c1cnc(N)nc1)N1CCN=C21|COc1c(OCCCN2CCOCC2)ccc2c1N=C(NC(=O)c1cnc(N)nc1)N1C2=NCC1O|COc1c(OCCC=O)ccc2c1N=C(NC(=O)c1cnc(N)nc1)N1CCN=C21|COc1c(OCCCN(C=O)CCO)ccc2c1N=C(NC(=O)c1cnc(N)nc1)N1CCN=C21|COc1c(OCCCN(CC=O)CCO)ccc2c1N=C(NC(=O)c1cnc(N)nc1)N1CCN=C21|COc1c(OCCCN2CCOCC2O)ccc2c1N=C(NC(=O)c1cnc(N)nc1)N1CCN=C21|COc1c(OCCCNCCOCC=O)ccc2c1N=C(NC(=O)c1cnc(N)nc1)N1CCN=C21|COc1c(OCCC[N+]2([O-])CCOCC2)ccc2c1N=C(NC(=O)c1cnc(N)nc1)N1CCN=C21|COc1c(OCCCN2CCOCC2)ccc2c1N=C(N)N1CCN=C21|COc1c(OCCCN2CCOCC2)ccc2c1N=C(NC(=O)c1cnc(N)[n+]([O-])c1)N1CCN=C21|COc1c(OCCCN2CCOCC2)ccc2c1nc(NC(=O)c1cnc(N)nc1)n1ccnc21|COc1c(OCCCN2CCOC(O)C2)ccc2c1N=C(NC(=O)c1cnc(N)nc1)N1CCN=C21|COc1c(OCCCN2CCOCC2)ccc2c(=O)n(CCN)c(NC(=O)c3cnc(N)nc3)nc12|COc1c(OCCCNCCO)ccc2c1N=C(NC(=O)c1cnc(N)nc1)N1CCN=C21|COc1c(OCCCO)ccc2c1N=C(NC(=O)c1cnc(N)nc1)N1CCN=C21|COc1c2c(cc(O)c1OCCCN1CCOCC1)C1=NCCN1C(NC(=O)c1cnc(N)nc1)=N2|COc1c(OCC(O)CN2CCOCC2)ccc2c1N=C(NC(=O)c1cnc(N)nc1)N1CCN=C21
COc1cc(Nc2c(C#N)cnc3cc(OCCCN4CCN(C)CC4)c(OC)cc23)c(Cl)cc1Cl,CYP3A4,COc1cc(Nc2c(C#N)cnc3cc(OCCCN4CCN(C)CC4)c(OC)cc23)c(Cl)cc1Cl|COc1cc(Nc2c(C#N)cnc3cc(OCCCN4CC[N:1](C)CC4)c(OC)cc23)c(Cl)cc1Cl,COc1cc(Nc2c(C#N)cnc3cc(OCCCN4CCN(C)CC4)c(OC)cc23)c(Cl)cc1O|COc1cc(Nc2c(C#N)cnc3cc(OCCCN4CCNCC4)c(OC)cc23)c(Cl)cc1Cl,2,COc1cc(Nc2c(C#N)cnc3cc(OCCCN4CCNCC4)c(OC)cc23)c(Cl)cc1Cl|COc1cc2c(Nc3cc(O)c(Cl)cc3Cl)c(C#N)cnc2cc1OCCCN1CCN(C)CC1|COc1cc(Nc2c(C#N)cnc3cc(OCCCN4CC[N+](C)([O-])CC4)c(OC)cc23)c(Cl)cc1Cl|COc1cc(Nc2c(C#N)cnc3cc(OCCCN4CCN(C)CC4)c(O)cc23)c(Cl)cc1Cl|COc1cc(Nc2c(C#N)cnc3cc(OCCCN4CCN(C)CC4O)c(OC)cc23)c(Cl)cc1Cl|COc1cc(Nc2c(C#N)cnc3cc(OCCCN4CCN(C)C(O)C4)c(OC)cc23)c(Cl)cc1Cl|COc1cc2c(Nc3cc(OC)c(Cl)c(O)c3Cl)c(C#N)cnc2cc1OCCCN1CCN(C)CC1|COc1cc2c(Nc3cc(OC)c(Cl)cc3Cl)c(C#N)cnc2cc1O|COc1cc(Nc2c(C#N)cnc3cc(OCCC(O)N4CCN(C)CC4)c(OC)cc23)c(Cl)cc1Cl|COc1cc(Nc2c(C#N)cnc3cc(OCCC[N+]4([O-])CCN(C)CC4)c(OC)cc23)c(Cl)cc1Cl|CN1CCNCC1|COc1cc(Nc2c(C#N)cnc3cc(OCCCNCCN(C)CC=O)c(OC)cc23)c(Cl)cc1Cl|COc1cc(Nc2c(C#N)cnc3cc(OCCCN4CCN(C)CC4)c(OC)cc23)c(Cl)cc1Cl|COc1cc2c(N)c(C#N)cnc2cc1OCCCN1CCN(C)CC1|COc1cc(Nc2c(C#N)c(=O)[nH]c3cc(OCCCN4CCN(C)CC4)c(OC)cc23)c(Cl)cc1Cl|CNCCN(CC=O)CCCOc1cc2ncc(C#N)c(Nc3cc(OC)c(Cl)cc3Cl)c2cc1OC|COc1cc2c(Nc3c(Cl)cc(Cl)c(OC)c3O)c(C#N)cnc2cc1OCCCN1CCN(C)CC1|COc1cc(Nc2c(C#N)cnc3c(O)c(OCCCN4CCN(C)CC4)c(OC)cc23)c(Cl)cc1Cl|COc1cc(Nc2c(C#N)cnc3cc(OCCCN4CCN(CO)CC4)c(OC)cc23)c(Cl)cc1Cl|COc1cc(Nc2c(C#N)cnc3cc(OCCC[N+]4=CCN(C)CC4)c(OC)cc23)c(Cl)cc1Cl
COc1cc(OC)cc(N(CCNC(C)C)c2ccc3ncc(-c4cnn(C)c4)nc3c2)c1,CYP2C9,COc1cc(N(CCNC(C)C)c2ccc3ncc(-c4cnn(C)c4)nc3c2)cc([O:1]C)c1,COc1cc(O)cc(N(CCNC(C)C)c2ccc3ncc(-c4cnn(C)c4)nc3c2)c1,1,COc1cc(OC)cc(N(CCN)c2ccc3ncc(-c4cnn(C)c4)nc3c2)c1|COc1cc(O)cc(N(CCNC(C)C)c2ccc3ncc(-c4cnn(C)c4)nc3c2)c1|COc1cc(OC)cc(N(CCNC(C)C)c2ccc3ncc(-c4cn[nH]c4)nc3c2)c1|COc1cc(Nc2ccc3ncc(-c4cnn(C)c4)nc3c2)cc(OC)c1|COc1cc(OC)cc(N(CC=O)c2ccc3ncc(-c4cnn(C)c4)nc3c2)c1|COc1cc(N(CCNC(C)C)c2ccc3ncc(-c4cnn(C)c4)nc3c2)cc(OC)c1O|COc1cc(OC)cc(N(CCNC(C)C)c2ccc3nc(O)c(-c4cnn(C)c4)nc3c2)c1|COc1cc(OC)c(O)c(N(CCNC(C)C)c2ccc3ncc(-c4cnn(C)c4)nc3c2)c1|COc1cc(OC)cc(N(CCNC(C)C)c2ccc3[nH]c(=O)c(-c4cnn(C)c4)nc3c2)c1|COc1cc(OC)cc(N(CCN(O)C(C)C)c2ccc3ncc(-c4cnn(C)c4)nc3c2)c1|COc1cc(OC)cc(N(CCO)c2ccc3ncc(-c4cnn(C)c4)nc3c2)c1|COc1cc(OC)cc(N(CCNC(C)C)c2cc(O)c3ncc(-c4cnn(C)c4)nc3c2)c1|COc1cc(OC)cc(N(CCNC(C)(C)O)c2ccc3ncc(-c4cnn(C)c4)nc3c2)c1|CC(C)NCCNc1ccc2ncc(-c3cnn(C)c3)nc2c1|COc1cc(OC)cc(N(CCNC(C)C)c2ccc3ncc(-c4cnn(C)c4)nc3c2O)c1|COc1cc(OC)cc(N(CCNC(C)C)c2cc3nc(-c4cnn(C)c4)cnc3cc2O)c1|COc1cc(OC)cc(N(CCNC(C)C)c2ccc3c(c2)NC(c2cnn(C)c2)C(=O)N3)c1|COc1cc(OC)cc(N(CCNC(C)C)c2ccc3ncc(-c4cn(C)nc4O)nc3c2)c1|COC1=CC(N(CCNC(C)C)c2ccc3ncc(-c4cnn(C)c4)nc3c2)=CC(=O)C1|CC(C)N
COc1cc(OC)cc(N(CCNC(C)C)c2ccc3ncc(-c4cnn(C)c4)nc3c2)c1,CYP3A4,COc1cc(N(CCNC(C)C)c2ccc3ncc(-c4cnn(C)c4)nc3c2)cc([O:1]C)c1,COc1cc(O)cc(N(CCNC(C)C)c2ccc3ncc(-c4cnn(C)c4)nc3c2)c1,1,COc1cc(OC)cc(N(CCN)c2ccc3ncc(-c4cnn(C)c4)nc3c2)c1|COc1cc(O)cc(N(CCNC(C)C)c2ccc3ncc(-c4cnn(C)c4)nc3c2)c1|COc1cc(OC)cc(N(CCNC(C)C)c2ccc3ncc(-c4cn[nH]c4)nc3c2)c1|COc1cc(Nc2ccc3ncc(-c4cnn(C)c4)nc3c2)cc(OC)c1|COc1cc(OC)cc(N(CC=O)c2ccc3ncc(-c4cnn(C)c4)nc3c2)c1|COc1cc(N(CCNC(C)C)c2ccc3ncc(-c4cnn(C)c4)nc3c2)cc(OC)c1O|COc1cc(OC)cc(N(CCNC(C)C)c2ccc3[nH]c(=O)c(-c4cnn(C)c4)nc3c2)c1|COc1cc(OC)cc(N(CCNC(C)C)c2ccc3nc(O)c(-c4cnn(C)c4)nc3c2)c1|COc1cc(OC)c(O)c(N(CCNC(C)C)c2ccc3ncc(-c4cnn(C)c4)nc3c2)c1|COc1cc(OC)cc(N(CCN(O)C(C)C)c2ccc3ncc(-c4cnn(C)c4)nc3c2)c1|COc1cc(OC)cc(N(CCO)c2ccc3ncc(-c4cnn(C)c4)nc3c2)c1|CC(C)NCCNc1ccc2ncc(-c3cnn(C)c3)nc2c1|COc1cc(OC)cc(N(CCNC(C)C)c2cc(O)c3ncc(-c4cnn(C)c4)nc3c2)c1|COc1cc(OC)cc(N(CCNC(C)(C)O)c2ccc3ncc(-c4cnn(C)c4)nc3c2)c1|COc1cc(OC)cc(N(CCNC(C)C)c2cc3nc(-c4cnn(C)c4)cnc3cc2O)c1|COc1cc(OC)cc(N(CCNC(C)C)c2ccc3ncc(-c4cn(C)nc4O)nc3c2)c1|COc1cc(OC)cc(N(CCNC(C)CO)c2ccc3ncc(-c4cnn(C)c4)nc3c2)c1|COc1cc(OC)cc(N(CCNC(C)C)c2ccc3ncc(-c4cnn(C)c4)nc3c2O)c1|COc1cc(NCCNC(C)C)cc(OC)c1|COc1cc(OC)cc(N(CCNC(C)C)c2ccc3c(c2)NC(c2cnn(C)c2)C(=O)N3)c1
COc1cc2c(cc1OC)[C@H]1C[C@@H](O)[C@H](CC(C)C)CN1CC2,CYP2D6,COc1cc2c(cc1[O:1]C)CCN1C[C@@H](CC(C)C)[C@H](O)C[C@H]21|COc1cc2c(cc1[O:1]C)[C@H]1C[C@@H](O)[C@H](CC(C)C)CN1CC2,COc1cc2c(cc1O)CCN1C[C@@H](CC(C)C)[C@H](O)C[C@H]21|COc1cc2c(cc1O)[C@H]1C[C@@H](O)[C@H](CC(C)C)CN1CC2,2,COc1cc2c(cc1O)CCN1C[C@@H](CC(C)C)[C@H](O)C[C@H]21|COc1cc2c(cc1O)[C@H]1C[C@@H](O)[C@H](CC(C)C)CN1CC2|COc1cc2c(cc1OC)C1CC(O)C(CC(C)(C)O)CN1CC2|COc1cc2c(cc1OC)[C@H]1C[C@@H](O)[C@H](CC(C)(C)O)CN1CC2|COc1cc2c(cc1OC)[C@H]1C[C@@H](O)[C@H](CC(C)CO)CN1CC2|COc1cc2c(cc1O)CCN1CC(CC(C)C)C(O)CC21|COc1cc2c(cc1O)C1CC(O)C(CC(C)C)CN1CC2|COc1cc2c(cc1OC)C1CC(O)C(CC(C)CO)CN1CC2|COc1cc2c(cc1O)[C@@H]1C[C@@H](O)[C@H](CC(C)C)CN1CC2|COc1cc2c(cc1O)CCN1C[C@@H](CC(C)C)[C@H](O)C[C@@H]21|COc1cc2c(cc1OC)C1CC(=O)C(CC(C)C)CN1CC2|COc1cc2c(cc1OC)[C@H]1C[C@@H](O)[C@H](CC(C)C)CN1C[C@H]2O|COc1cc2c(cc1OC)[C@H]1C[C@@H](O)[C@H](CC(C)C)CN1C[C@@H]2O|COc1cc2c(cc1O)CCN1C[C@@H](CC(C)C)[C@@H](O)C[C@@H]21|COc1cc2c(cc1O)[C@@H]1C[C@H](O)[C@H](CC(C)C)CN1CC2|COc1cc2c(cc1O)CCN1C[C@@H](CC(C)C)[C@@H](O)C[C@H]21|COc1cc2c(cc1OC)[C@H]1C[C@@H](O)[C@H](CC(C)C)CN1CC2O|COc1cc2c(cc1O)[C@H]1C[C@H](O)[C@@H](CC(C)C)CN1CC2|COc1cc2c(cc1OC)[C@H]1CC(=O)C(CC(C)C)CN1CC2|COc1cc2c(cc1O)CCN1C[C@@H](CC(C)C)[C@H](O)CC21
COc1nc2ccc(Br)cc2cc1[C@@H](c1ccccc1)[C@@](O)(CCN(C)C)c1cccc2ccccc12,CYP3A4,COc1nc2ccc(Br)cc2cc1[C@@H](c1ccccc1)[C@@](O)(CC[N:1](C)C)c1cccc2ccccc12,CNCC[C@@](O)(c1cccc2ccccc12)[C@H](c1ccccc1)c1cc2cc(Br)ccc2nc1OC,1,CNCC[C@@](O)(c1cccc2ccccc12)[C@H](c1ccccc1)c1cc2cc(Br)ccc2nc1OC|CNCCC(O)(c1cccc2ccccc12)C(c1ccccc1)c1cc2cc(Br)ccc2nc1OC|CN(C)CC[C@@](O)(c1cccc2ccccc12)[C@H](c1ccccc1)c1cc2cc(Br)ccc2nc1O|CN(C)CCC(O)(c1cccc2ccccc12)C(c1ccccc1)c1cc2cc(Br)ccc2nc1O|CNCC[C@](O)(c1cccc2ccccc12)[C@H](c1ccccc1)c1cc2cc(Br)ccc2nc1OC|CNCCC(O)(c1cccc2ccccc12)[C@H](c1ccccc1)c1cc2cc(Br)ccc2nc1OC|CNCC[C@@](O)(c1cccc2ccccc12)C(c1ccccc1)c1cc2cc(Br)ccc2nc1OC|CN(C)CC[C@@](O)(c1cccc2ccccc12)C(c1ccccc1)c1cc2cc(Br)ccc2nc1O|COc1nc2ccc(Br)cc2cc1[C@@H](/C(=C/CN(C)C)c1cccc2ccccc12)c1ccccc1|COc1nc2ccc(Br)cc2cc1[C@@H](c1ccccc1)[C@@](O)(CC[N+](C)(C)[O-])c1cccc2ccccc12|COc1nc2ccc(Br)cc2cc1[C@@H](c1ccccc1)[C@@](O)(CCN(C)C)c1cccc2c1C=CC1OC21|COc1nc2ccccc2cc1[C@@H](c1ccccc1)[C@@](O)(CCN(C)C)c1cccc2ccccc12|COc1nc2ccc(Br)cc2cc1C(c1ccccc1)C(O)c1cccc2ccccc12|CN(C)CCC(O)(c1cccc2ccccc12)[C@H](c1ccccc1)c1cc2cc(Br)ccc2nc1O|CN(C)CC[C@](O)(c1cccc2ccccc12)[C@H](c1ccccc1)c1cc2cc(Br)ccc2nc1O|COc1nc2ccc(Br)cc2cc1C(/C(=C/CN(C)C)c1cccc2ccccc12)c1ccccc1|CN(C)CC[C@@](O)(c1cccc2ccccc12)[C@H](c1ccccc1)c1cc2cc(Br)ccc2[nH]c1=O|CNCC[C@](O)(c1cccc2ccccc12)[C@@H](c1ccccc1)c1cc2cc(Br)ccc2nc1OC|CN(C)CC[C@@H](O)c1cccc2ccccc12|COc1nc2ccc(Br)cc2cc1[C@@H](c1ccccc1)[C@@](O)(CC=O)c1cccc2ccccc12
CS(=O)(=O)c1ccc(C(=O)Nc2ccc(Cl)c(-c3ccccn3)c2)c(Cl)c1,CYP2C9,CS(=O)(=O)c1ccc(C(=O)Nc2ccc(Cl)c(-c3cc[cH:1]cn3)c2)c(Cl)c1,CS(=O)(=O)c1ccc(C(=O)Nc2ccc(Cl)c(-c3ccc(O)cn3)c2)c(Cl)c1,1,CS(=O)(=O)c1ccc(C(=O)Nc2ccc(Cl)c(-c3cccc[n+]3[O-])c2)c(Cl)c1|CS(=O)(=O)c1ccc(C(=O)Nc2ccc(Cl)c(-c3ccc(O)cn3)c2)c(Cl)c1|Nc1ccc(Cl)c(-c2ccccn2)c1|CS(=O)(=O)c1ccc(C(=O)Nc2ccc(Cl)c(-c3ncccc3O)c2)c(Cl)c1|CS(=O)(=O)c1ccc(C(=O)Nc2cc(-c3ccccn3)c(Cl)cc2O)c(Cl)c1|CS(=O)(=O)c1ccc(CNc2ccc(Cl)c(-c3ccccn3)c2)c(Cl)c1|CS(=O)(=O)c1ccc(C(=O)Nc2cc(O)c(Cl)c(-c3ccccn3)c2)c(Cl)c1|CS(=O)(=O)C1=CC(Cl)=C(C(=O)Nc2ccc(Cl)c(-c3ccccn3)c2)C2OC12|CS(=O)(=O)c1ccc(C(=O)Nc2ccc(Cl)c(C3=NC4OC4C=C3)c2)c(Cl)c1|CS(=O)(=O)c1cc(Cl)c(C(=O)Nc2ccc(Cl)c(-c3ccccn3)c2)cc1O|CS(=O)(=O)c1ccc(C(=O)Nc2ccc(O)c(-c3ccccn3)c2)c(Cl)c1|CS(=O)(=O)c1ccc(C(=O)Nc2ccc(Cl)c(C3=NC=CC4OC34)c2)c(Cl)c1|CS(=O)(=O)c1ccc(C(=O)Nc2ccc(Cl)c(-c3ccccn3)c2)c(Cl)c1|CS(=O)(=O)c1ccc(C(=N)Nc2ccc(Cl)c(-c3ccccn3)c2)c(Cl)c1|O=C(Nc1ccc(Cl)c(-c2ccccn2)c1)c1ccc(S(=O)(=O)CO)cc1Cl|CS(=O)c1ccc(C(=O)Nc2ccc(Cl)c(-c3ccccn3)c2)c(Cl)c1|CS(=O)(=O)c1ccc(C(=O)Nc2ccc(Cl)c(-c3ccccn3)c2)c(Cl)c1O|CS(=O)(=O)c1ccc(C(=O)NC2=CC(c3ccccn3)=C(Cl)C3OC23)c(Cl)c1|CS(=O)(=O)c1ccc(C(N)=O)c(Cl)c1|CS(=O)(=O)c1ccc(C(=O)Nc2ccc(Cl)c(-c3cccc(O)n3)c2)c(Cl)c1
CS(=O)(=O)c1ccc(C(=O)Nc2ccc(Cl)c(-c3ccccn3)c2)c(Cl)c1,CYP3A4,CS(=O)(=O)c1ccc(C(=O)Nc2cc(-c3ccccn3)c(Cl)[cH:1]c2)c(Cl)c1,CS(=O)(=O)c1ccc(C(=O)Nc2cc(O)c(Cl)c(-c3ccccn3)c2)c(Cl)c1,1,CS(=O)(=O)c1ccc(C(=O)Nc2ccc(Cl)c(-c3cccc[n+]3[O-])c2)c(Cl)c1|Nc1ccc(Cl)c(-c2ccccn2)c1|CS(=O)(=O)c1ccc(C(=O)Nc2ccc(Cl)c(-c3ccc(O)cn3)c2)c(Cl)c1|CS(=O)(=O)c1ccc(C(=O)Nc2ccc(Cl)c(-c3ncccc3O)c2)c(Cl)c1|CS(=O)(=O)c1ccc(CNc2ccc(Cl)c(-c3ccccn3)c2)c(Cl)c1|CS(=O)(=O)c1ccc(C(=O)Nc2cc(-c3ccccn3)c(Cl)cc2O)c(Cl)c1|CS(=O)(=O)c1ccc(C(=O)Nc2cc(O)c(Cl)c(-c3ccccn3)c2)c(Cl)c1|CS(=O)(=O)C1=CC(Cl)=C(C(=O)Nc2ccc(Cl)c(-c3ccccn3)c2)C2OC12|CS(=O)(=O)c1ccc(C(=O)Nc2ccc(Cl)c(C3=NC4OC4C=C3)c2)c(Cl)c1|CS(=O)(=O)c1ccc(C(=O)Nc2ccc(O)c(-c3ccccn3)c2)c(Cl)c1|CS(=O)(=O)c1ccc(C(=O)Nc2ccc(Cl)c(C3=NC=CC4OC34)c2)c(Cl)c1|CS(=O)(=O)c1ccc(C(=N)Nc2ccc(Cl)c(-c3ccccn3)c2)c(Cl)c1|CS(=O)(=O)c1ccc(C(=O)Nc2ccc(Cl)c(-c3ccccn3)c2)c(Cl)c1|O=C(Nc1ccc(Cl)c(-c2ccccn2)c1)c1ccc(S(=O)(=O)CO)cc1Cl|CS(=O)(=O)c1cc(Cl)c(C(=O)Nc2ccc(Cl)c(-c3ccccn3)c2)cc1O|CS(=O)c1ccc(C(=O)Nc2ccc(Cl)c(-c3ccccn3)c2)c(Cl)c1|CS(=O)(=O)c1ccc(C(=O)Nc2ccc(Cl)c(-c3ccccn3)c2)c(Cl)c1O|CS(=O)(=O)c1ccc(C(N)=O)c(Cl)c1|CS(=O)(=O)c1ccc(C(=O)NC2=CC(c3ccccn3)=C(Cl)C3OC23)c(Cl)c1|CS(=O)(=O)c1ccc(C(=O)Nc2ccc(Cl)c(-c3cccc(O)n3)c2)c(Cl)c1
C[C@]12CC[C@H]3[C@@H](CC=C4C[C@@H](O)CC[C@@]43C)[C@@H]1CC=C2c1cccnc1,CYP3A4,C[C@]12CC[C@H]3[C@@H](CC=C4C[C@@H]([OH:1])CC[C@@]43C)[C@@H]1CC=C2c1cccnc1,C[C@]12CC[C@H]3[C@@H](CC=C4C[C@@H](OS(=O)(=O)O)CC[C@@]43C)[C@@H]1CC=C2c1cccnc1,1,CC12CCC(O)CC1=CCC1C2CCC2(C)C(c3ccc[n+]([O-])c3)=CCC12|C[C@]12CC[C@H]3[C@@H](CC=C4CC(=O)CC[C@@]43C)[C@@H]1CC=C2c1cccnc1|C[C@]12CC[C@H]3[C@@H](CC=C4C[C@@H](O)CC[C@@]43C)[C@@H]1CC=C2c1ccc[n+]([O-])c1|CC12CCC(O)CC1=CC(O)C1C2CCC2(C)C(c3cccnc3)=CCC12|CC12CCC(O)CC1=CCC1C2CC[C@]2(C)C(c3ccc[n+]([O-])c3)=CCC12|CC12CCC(=O)CC1=CCC1C2CCC2(C)C(c3cccnc3)=CCC12|CC12CCC3C(CCC4CC(O)CCC43C)C1CC=C2c1cccnc1|C[C@]12CC[C@H]3[C@@H]([C@H](O)C=C4C[C@@H](O)CC[C@@]43C)[C@@H]1CC=C2c1cccnc1|C[C@]12CCC3C(CC=C4C[C@@H](O)CC[C@@]43C)C1CC=C2c1ccc[n+]([O-])c1|CC12CCC3C(CC=C4C(O)C(O)CCC43C)C1CC=C2c1cccnc1|CC12CCC3C(CC=C4CC(O)CC[C@@]43C)C1CC=C2c1ccc[n+]([O-])c1|C[C@]12CC[C@H]3[C@@H](CC[C@H]4C[C@@H](O)CC[C@@]43C)[C@@H]1CC=C2c1cccnc1|C[C@]12CC[C@H]3[C@@H](CCC4C[C@@H](O)CC[C@]43C)[C@@H]1CC=C2c1cccnc1|C[C@]12CC[C@H]3[C@H]([C@@H]1CC=C2c1cccnc1)[C@@H](O)C=C1C[C@@H](O)CC[C@@]13C|CC12CCC3C(CC=C4C[C@@H](O)CC[C@@]43C)C1CC=C2c1ccc[n+]([O-])c1|C[C@]12CC[C@H]3[C@@H](CC=C4C[C@@H](O)CC[C@@]43C)[C@@H]1[C@@H](O)C=C2c1cccnc1|C[C@]12CC[C@H]3[C@@H](CCC4C[C@@H](O)CC[C@@]43C)[C@@H]1CC=C2c1cccnc1|C[C@@]12C(c3cccnc3)=CC[C@H]1[C@@H]1CC=C3C[C@@H](O)CC[C@]3(C)[C@H]1C[C@H]2O|C[C@]12CC[C@H]3[C@@H](CCC4=CC(=O)CC[C@@]43C)[C@@H]1CC=C2c1cccnc1|CC12CCC(=O)CC1=CCC1C2CC[C@]2(C)C(c3cccnc3)=CCC12
Cc1c(OCC(F)(F)F)ccnc1C[S@@](=O)c1nc2ccccc2[nH]1,CYP3A4,Cc1c(OCC(F)(F)F)ccnc1C[S@@:1](=O)c1nc2ccccc2[nH]1,Cc1c(OCC(F)(F)F)ccnc1CS(=O)(=O)c1nc2ccccc2[nH]1,1,Cc1c(OCC(F)(F)F)ccnc1C[S@@](=O)c1nc2cc(O)ccc2[nH]1|Cc1c(O)ccnc1CS(=O)c1nc2ccccc2[nH]1|O=CC(F)(F)F|Cc1c(OCC(F)(F)F)ccnc1CSc1nc2ccccc2[nH]1|Cc1c(OCC(F)(F)F)ccnc1CS(=O)(=O)c1nc2ccccc2[nH]1|Cc1c(OCC(F)(F)F)ccnc1CS(=O)c1nc2cc(O)ccc2[nH]1|Cc1c(C[S@@](=O)c2nc3ccccc3[nH]2)[nH]ccc1=O|Cc1c(OCC(F)(F)F)ccnc1CS(=O)c1nc2c(O)cccc2[nH]1|Cc1c(OCC(F)(F)F)ccnc1C[S@@](=O)c1nc2c(O)cccc2[nH]1|O=S(Cc1nccc(OCC(F)(F)F)c1CO)c1nc2ccccc2[nH]1|O=[S@](Cc1nccc(OCC(F)(F)F)c1CO)c1nc2ccccc2[nH]1|Cc1c(OCC(F)(F)F)cc[n+]([O-])c1CS(=O)c1nc2ccccc2[nH]1|Cc1c(OCC(F)(F)F)ccnc1C[S@@](=O)c1nc2ccc(O)cc2[nH]1|Cc1c(OCC(F)(F)F)ccnc1CS(=O)c1nc2ccc(O)cc2[nH]1|Cc1c(O)ccnc1C[S@@](=O)c1nc2ccccc2[nH]1|CC1C(=O)C=CN=C1CS(=O)c1nc2ccccc2[nH]1|Cc1c(CS(=O)c2nc3ccccc3[nH]2)ncc(O)c1OCC(F)(F)F|CC1C(=O)C=CN=C1C[S@@](=O)c1nc2ccccc2[nH]1|CC1=C(OCC(F)(F)F)C=CNC1(O)C[S@@](=O)c1nc2ccccc2[nH]1|Cc1c(OCC(F)(F)F)cc[n+]([O-])c1C[S@@](=O)c1nc2ccccc2[nH]1
Cc1nc(Nc2ncc(C(=O)Nc3c(C)cccc3Cl)s2)cc(N2CCN(CCO)CC2)n1,CYP3A4,Cc1nc(Nc2ncc(C(=O)Nc3c(C)c[cH:1]cc3Cl)s2)cc(N2CCN(CCO)CC2)n1|Cc1nc(Nc2ncc(C(=O)Nc3c(C)cccc3Cl)s2)cc(N2CC[N:1](CCO)CC2)n1|Cc1nc(Nc2ncc(C(=O)Nc3c(Cl)cccc3[CH3:1])s2)cc(N2CCN(CCO)CC2)n1,Cc1nc(Nc2ncc(C(=O)Nc3c(C)cc(O)cc3Cl)s2)cc(N2CCN(CCO)CC2)n1|Cc1nc(Nc2ncc(C(=O)Nc3c(C)cccc3Cl)s2)cc(N2CCNCC2)n1|Cc1nc(Nc2ncc(C(=O)Nc3c(Cl)cccc3CO)s2)cc(N2CCN(CCO)CC2)n1,3,Cc1nc(Nc2ncc(C(=O)Nc3c(C)cc(O)cc3Cl)s2)cc(N2CCN(CCO)CC2)n1|C=C1C=CC=C(Cl)/C1=N\C(=O)c1cnc(Nc2cc(N3CCN(CCO)CC3)nc(C)n2)s1|Cc1nc(Nc2ncc(C(=O)Nc3c(C)cccc3Cl)s2)cc(N2CC[N+]([O-])(CCO)CC2)n1|Cc1nc(Nc2ncc(C(=O)Nc3c(Cl)cccc3CO)s2)cc(N2CCN(CCO)CC2)n1|C=C1C=CC=C(Cl)/C1=N/C(=O)c1cnc(Nc2cc(N3CCN(CCO)CC3)nc(C)n2)s1|Cc1nc(Nc2ncc(C(=O)Nc3c(Cl)ccc(O)c3C)s2)cc(N2CCN(CCO)CC2)n1|Cc1cccc(Cl)c1NC(=O)c1cnc(Nc2cc(N3CCN(CCO)CC3)nc(CO)n2)s1|CC1=CC2OC2C(Cl)=C1NC(=O)c1cnc(Nc2cc(N3CCN(CCO)CC3)nc(C)n2)s1|Cc1nc(Nc2ncc(C(=O)Nc3c(C)cccc3Cl)s2)cc(N2CCNCC2)n1|Cc1nc(NCCN(CC=O)CCO)cc(Nc2ncc(C(=O)Nc3c(C)cccc3Cl)s2)n1|C=C1C=CC=C(Cl)C1=NC(=O)c1cnc(Nc2cc(N3CCN(CCO)CC3)nc(C)n2)s1|Cc1nc(Nc2ncc(C(=O)Nc3c(C)ccc(O)c3Cl)s2)cc(N2CCN(CCO)CC2)n1|Cc1nc(Nc2ncc(C(=O)NC3=C(Cl)C=CC4OC34C)s2)cc(N2CCN(CCO)CC2)n1|Cc1nc(Nc2ncc(CNc3c(C)cccc3Cl)s2)cc(N2CCN(CCO)CC2)n1|Cc1nc(Nc2ncc(C(=O)Nc3c(C)cccc3Cl)s2)cc(N2CCN(CCO)CC2O)n1|Cc1nc(Nc2ncc(C(O)Nc3c(C)cccc3Cl)s2)cc(N2CCN(CCO)CC2)n1|Cc1nc(Nc2ncc(/C(=N/c3c(C)cccc3Cl)OO)s2)cc(N2CCN(CCO)CC2)n1|Cc1nc(Nc2ncc(C(=O)Nc3c(C)cccc3Cl)s2)cc(N2CCN(CCO)CC2)n1|Cc1nc(Nc2ncc(C(=O)Nc3c(C)cccc3Cl)s2)cc(N2CCN(CCO)C(O)C2)n1|Cc1nc(Nc2ncc(/C(O)=N/c3c(C)cccc3Cl)s2)cc(N2CCN(CCO)CC2)n1
Cc1ncc2n1-c1ccc(Cl)cc1C(c1ccccc1F)=NC2O,CYP3A4,OC1N=C(c2ccccc2F)c2cc(Cl)ccc2-n2c1cnc2[CH3:1],OCc1ncc2n1-c1ccc(Cl)cc1C(c1ccccc1F)=NC2O,1,OCc1ncc2n1-c1ccc(Cl)cc1C(c1ccccc1F)=NC2O|Cc1ncc2c(=O)nc(-c3ccccc3F)c3cc(Cl)ccc3n12|Cc1nc(O)c2n1-c1ccc(Cl)cc1C(c1ccccc1F)=NC2O|Cc1ncc(CO)n1-c1ccc(Cl)cc1C(=O)c1ccccc1F|Cc1ncc2n1-c1ccc(Cl)cc1C(c1ccc(O)cc1F)=NC2O|Cc1ncc2n1-c1ccc(Cl)cc1C(c1cc(O)ccc1F)=NC2O|Cc1ncc(C(=O)O)n1-c1ccc(Cl)cc1C(=O)c1ccccc1F|Cc1n2c(c[n+]1[O-])C(O)N=C(c1ccccc1F)c1cc(Cl)ccc1-2|OC1N=C(c2ccccc2F)c2cc(Cl)ccc2-n2cncc21|Cc1ncc(C(N)O)n1-c1ccc(Cl)cc1C(=O)c1ccccc1F|Cc1ncc2n1-c1ccc(Cl)cc1C(c1cccc(O)c1F)=NC2O|O=c1[nH]cc2n1-c1ccc(Cl)cc1C(c1ccccc1F)=NC2O|CC1N(O)C=C2C(O)N=C(c3ccccc3F)c3cc(Cl)ccc3N21|Cc1ncc2n1-c1cc(O)c(Cl)cc1C(c1ccccc1F)=NC2O|Cc1ncc(C=O)n1-c1ccc(Cl)cc1C(=O)c1ccccc1F|O=c1nc(-c2ccccc2F)c2cc(Cl)ccc2n2c(CO)ncc12|Cc1ncc2n1-c1ccc(Cl)cc1C(c1ccccc1O)=NC2O|CC1NC(=O)C2C(O)N=C(c3ccccc3F)c3cc(Cl)ccc3N12|CC(=O)NC=C1Nc2ccc(Cl)cc2C(c2ccccc2F)=NC1O|C=c1ncc2n1-c1ccc(Cl)cc1C(c1ccccc1F)=NC=2O
N#CCNC(=O)c1ccc(-c2ccnc(Nc3ccc(N4CCOCC4)cc3)n2)cc1,CYP1A2,N#CCNC(=O)c1ccc(-c2ccnc(Nc3ccc(N4CCOC[CH2:1]4)cc3)n2)cc1,N#CCNC(=O)c1ccc(-c2ccnc(Nc3ccc(N4CCOCC4=O)cc3)n2)cc1,1,N#CCNC(=O)c1ccc(-c2ccnc(Nc3ccc(N4CCOCC4O)cc3)n2)cc1|NC(=O)c1ccc(-c2ccnc(Nc3ccc(N4CCOCC4)cc3)n2)cc1|N#CCNC(=O)c1ccc(-c2ccnc(Nc3ccc(N4CCOC(O)C4)cc3)n2)cc1|N#CCNC(=O)c1ccc(-c2ccnc(Nc3ccc(N(CC=O)CCO)cc3)n2)cc1|N#CCNC(=O)c1ccc(-c2ccnc(Nc3ccc(N4CCOCC4)cc3O)n2)cc1|N#CCNC(=O)c1ccc(-c2ccnc(Nc3ccc(NCCOCC=O)cc3)n2)cc1|O=C(O)CNC(=O)c1ccc(-c2ccnc(Nc3ccc(N4CCOCC4)cc3)n2)cc1|N#CCNC(=O)c1ccc(-c2ccnc(Nc3ccc(N4CCOCC4=O)cc3)n2)cc1|N#CCNC(=O)c1ccc(-c2ccnc(Nc3ccc(N4CCOCC4)cc3)n2)cc1O|N#CCNC(=O)c1ccc(-c2nc(Nc3ccc(N4CCOCC4)cc3)ncc2O)cc1|N#CCNC(=O)c1ccc(-c2ccnc(Nc3ccc(N4CCOCC4)cc3)n2)c(O)c1|N#CCNC(=O)c1ccc(-c2ccnc(Nc3ccc(N4CCOCC4)c(O)c3)n2)cc1|N#CC(O)NC(=O)c1ccc(-c2ccnc(Nc3ccc(N4CCOCC4)cc3)n2)cc1|N#CCNC(=O)c1ccc(-c2cc[n+]([O-])c(Nc3ccc(N4CCOCC4)cc3)n2)cc1|O=C(NCC(O)C(=O)O)c1ccc(-c2ccnc(Nc3ccc(N4CCOCC4)cc3)n2)cc1|N#CCNC(=O)c1ccc(-c2ccnc(Nc3ccc(N4CCOC(=O)C4)cc3)n2)cc1|N#CCNC(=O)c1ccc(-c2ccnc(Nc3ccc(N4C=COCC4)cc3)n2)cc1|N#CCNC(=O)c1ccc(-c2cc(O)nc(Nc3ccc(N4CCOCC4)cc3)n2)cc1|N#CCN(O)C(=O)c1ccc(-c2ccnc(Nc3ccc(N4CCOCC4)cc3)n2)cc1|O=C(O)NC(=O)c1ccc(-c2ccnc(Nc3ccc(N4CCOCC4)cc3)n2)cc1
N#CCNC(=O)c1ccc(-c2ccnc(Nc3ccc(N4CCOCC4)cc3)n2)cc1,CYP2C9,N#CCNC(=O)c1ccc(-c2ccnc(Nc3ccc(N4CCOC[CH2:1]4)cc3)n2)cc1,N#CCNC(=O)c1ccc(-c2ccnc(Nc3ccc(N4CCOCC4=O)cc3)n2)cc1,1,N#CCNC(=O)c1ccc(-c2ccnc(Nc3ccc(N4CCOCC4O)cc3)n2)cc1|N#CCNC(=O)c1ccc(-c2ccnc(Nc3ccc(N4CCOC(O)C4)cc3)n2)cc1|NC(=O)c1ccc(-c2ccnc(Nc3ccc(N4CCOCC4)cc3)n2)cc1|N#CCNC(=O)c1ccc(-c2ccnc(Nc3ccc(N(CC=O)CCO)cc3)n2)cc1|N#CCNC(=O)c1ccc(-c2ccnc(Nc3ccc(NCCOCC=O)cc3)n2)cc1|O=C(O)CNC(=O)c1ccc(-c2ccnc(Nc3ccc(N4CCOCC4)cc3)n2)cc1|N#CCNC(=O)c1ccc(-c2ccnc(Nc3ccc(N4CCOCC4=O)cc3)n2)cc1|N#CCNC(=O)c1ccc(-c2ccnc(Nc3ccc(N4CCOCC4)cc3)n2)cc1O|N#CCNC(=O)c1ccc(-c2ccnc(Nc3ccc(N4CCOCC4)cc3O)n2)cc1|N#CCNC(=O)c1ccc(-c2nc(Nc3ccc(N4CCOCC4)cc3)ncc2O)cc1|N#CCNC(=O)c1ccc(-c2ccnc(Nc3ccc(N4CCOCC4)cc3)n2)c(O)c1|N#CCNC(=O)c1ccc(-c2ccnc(Nc3ccc(N4CCOCC4)c(O)c3)n2)cc1|N#CC(O)NC(=O)c1ccc(-c2ccnc(Nc3ccc(N4CCOCC4)cc3)n2)cc1|N#CCNC(=O)c1ccc(-c2cc[n+]([O-])c(Nc3ccc(N4CCOCC4)cc3)n2)cc1|O=C(NCC(O)C(=O)O)c1ccc(-c2ccnc(Nc3ccc(N4CCOCC4)cc3)n2)cc1|N#CCNC(=O)c1ccc(-c2ccnc(Nc3ccc(N4CCOC(=O)C4)cc3)n2)cc1|N#CCNC(=O)c1ccc(-c2ccnc(Nc3ccc(N4C=COCC4)cc3)n2)cc1|N#CCN(O)C(=O)c1ccc(-c2ccnc(Nc3ccc(N4CCOCC4)cc3)n2)cc1|NC(=O)CNC(=O)c1ccc(-c2ccnc(Nc3ccc(N4CCOCC4)cc3)n2)cc1|N#CCNC(=O)c1ccc(-c2ccnc(Nc3ccc([N+]4([O-])CCOCC4)cc3)n2)cc1
N#CCNC(=O)c1ccc(-c2ccnc(Nc3ccc(N4CCOCC4)cc3)n2)cc1,CYP3A4,N#CCNC(=O)c1ccc(-c2ccnc(Nc3ccc(N4CCOC[CH2:1]4)cc3)n2)cc1,N#CCNC(=O)c1ccc(-c2ccnc(Nc3ccc(N4CCOCC4=O)cc3)n2)cc1,1,N#CCNC(=O)c1ccc(-c2ccnc(Nc3ccc(N4CCOCC4O)cc3)n2)cc1|NC(=O)c1ccc(-c2ccnc(Nc3ccc(N4CCOCC4)cc3)n2)cc1|N#CCNC(=O)c1ccc(-c2ccnc(Nc3ccc(N4CCOC(O)C4)cc3)n2)cc1|N#CCNC(=O)c1ccc(-c2ccnc(Nc3ccc(N(CC=O)CCO)cc3)n2)cc1|N#CCNC(=O)c1ccc(-c2ccnc(Nc3ccc(NCCOCC=O)cc3)n2)cc1|O=C(O)CNC(=O)c1ccc(-c2ccnc(Nc3ccc(N4CCOCC4)cc3)n2)cc1|N#CCNC(=O)c1ccc(-c2ccnc(Nc3ccc(N4CCOCC4=O)cc3)n2)cc1|N#CCNC(=O)c1ccc(-c2ccnc(Nc3ccc(N4CCOCC4)cc3O)n2)cc1|N#CCNC(=O)c1ccc(-c2ccnc(Nc3ccc(N4CCOCC4)cc3)n2)c(O)c1|N#CCNC(=O)c1ccc(-c2ccnc(Nc3ccc(N4CCOCC4)cc3)n2)cc1O|N#CCNC(=O)c1ccc(-c2nc(Nc3ccc(N4CCOCC4)cc3)ncc2O)cc1|N#CCNC(=O)c1ccc(-c2ccnc(Nc3ccc(N4CCOCC4)c(O)c3)n2)cc1|N#CC(O)NC(=O)c1ccc(-c2ccnc(Nc3ccc(N4CCOCC4)cc3)n2)cc1|N#CCNC(=O)c1ccc(-c2ccnc(Nc3ccc(N4C=COCC4)cc3)n2)cc1|N#CCNC(=O)c1ccc(-c2ccnc(Nc3ccc(N4CCOC(=O)C4)cc3)n2)cc1|N#CCN(O)C(=O)c1ccc(-c2ccnc(Nc3ccc(N4CCOCC4)cc3)n2)cc1|O=C(O)NC(=O)c1ccc(-c2ccnc(Nc3ccc(N4CCOCC4)cc3)n2)cc1|N#CCNC(=O)c1ccc(-c2cc[n+]([O-])c(Nc3ccc(N4CCOCC4)cc3)n2)cc1|O=C(NCC(O)C(=O)O)c1ccc(-c2ccnc(Nc3ccc(N4CCOCC4)cc3)n2)cc1|N#CCNC(=O)c1ccc(-c2cc(O)nc(Nc3ccc(N4CCOCC4)cc3)n2)cc1
O=C(C1CCCCC1)N1CC(=O)N2CCc3ccccc3C2C1,CYP1A2,O=C(C1CC[CH2:1]CC1)N1CC(=O)N2CCc3ccccc3C2C1,O=C(C1CCC(O)CC1)N1CC(=O)N2CCc3ccccc3C2C1,1,O=C1CNCC2c3ccccc3CCN12|O=C(C1CCC(O)CC1)N1CC(=O)N2CCc3ccccc3C2C1|O=C(C1CCCC(O)C1)N1CC(=O)N2CCc3ccccc3C2C1|O=C(C1CCCCC1)N1CC(=O)N2CCC3=C(C=CC4OC34)C2C1|O=C(O)Cc1ccccc1C1CN(C(=O)C2CCCCC2)CC(=O)N1|O=C(O)CN(CC1NCCc2ccccc21)C(=O)C1CCCCC1|O=C(C1CCCCC1)N1CC(=O)N2CC(O)c3ccccc3C2C1|O=C(C1CCCCC1)N1CC(=O)N2C(O)Cc3ccccc3C2C1|O=C(C1CCCCC1)N1CC(=O)N2CCc3cc(O)ccc3C2C1|O=C(C1CCCCC1)N1CC(=O)N2CCC3=C(C4OC4C=C3)C2C1|O=C(C1CCCCC1)N1CC(=O)N2CCc3ccc(O)cc3C2C1|O=C(C1CCCCC1)N1CC(=O)N2CCc3c(O)cccc3C2C1|O=C(C1CCCCC1)N1CC(=O)N2CCc3cccc(O)c3C2C1|O=C(C1CCCCC1)N1CC2c3ccccc3CCN2C(=O)C1O|O=C(C1CCCCC1O)N1CC(=O)N2CCc3ccccc3C2C1|O=CCc1ccccc1C1CN(C(=O)C2CCCCC2)CC(=O)N1|O|O=C1CN(C(=O)C2CCCCC2)CC(O)c2ccccc2CCN1|O=CC(=O)N1CCc2ccccc2C1CNC(=O)C1CCCCC1|O=C(C1CCC[C@@H](O)C1)N1CC(=O)N2CCc3ccccc3C2C1
O=C(C1CCCCC1)N1CC(=O)N2CCc3ccccc3C2C1,CYP2C9,O=C(C1CC[CH2:1]CC1)N1CC(=O)N2CCc3ccccc3C2C1,O=C(C1CCC(O)CC1)N1CC(=O)N2CCc3ccccc3C2C1,1,O=C1CNCC2c3ccccc3CCN12|O=C(C1CCC(O)CC1)N1CC(=O)N2CCc3ccccc3C2C1|O=C(C1CCCC(O)C1)N1CC(=O)N2CCc3ccccc3C2C1|O=C(C1CCCCC1)N1CC(=O)N2CCC3=C(C=CC4OC34)C2C1|O=C(O)CN(CC1NCCc2ccccc21)C(=O)C1CCCCC1|O=C(C1CCCCC1)N1CC(=O)N2CC(O)c3ccccc3C2C1|O=C(C1CCCCC1)N1CC(=O)N2C(O)Cc3ccccc3C2C1|O=C(O)Cc1ccccc1C1CN(C(=O)C2CCCCC2)CC(=O)N1|O=C(C1CCCCC1)N1CC(=O)N2CCC3=C(C4OC4C=C3)C2C1|O=C(C1CCCCC1)N1CC(=O)N2CCc3cc(O)ccc3C2C1|O=C(C1CCCCC1)N1CC(=O)N2CCc3ccc(O)cc3C2C1|O=C(C1CCCCC1)N1CC(=O)N2CCc3c(O)cccc3C2C1|O=C(C1CCCCC1)N1CC(=O)N2CCc3cccc(O)c3C2C1|O=C(C1CCCCC1)N1CC2c3ccccc3CCN2C(=O)C1O|O=CCc1ccccc1C1CN(C(=O)C2CCCCC2)CC(=O)N1|O=C(C1CCCCC1O)N1CC(=O)N2CCc3ccccc3C2C1|O=C1CN(C(=O)C2CCCCC2)CC(O)c2ccccc2CCN1|O|O=C(C1CCC[C@@H](O)C1)N1CC(=O)N2CCc3ccccc3C2C1|O=CC(=O)N1CCc2ccccc2C1CNC(=O)C1CCCCC1
O=C(C1CCCCC1)N1CC(=O)N2CCc3ccccc3C2C1,CYP3A4,O=C(C1CC[CH2:1]CC1)N1CC(=O)N2CCc3ccccc3C2C1,O=C(C1CCC(O)CC1)N1CC(=O)N2CCc3ccccc3C2C1,1,O=C1CNCC2c3ccccc3CCN12|O=C(C1CCC(O)CC1)N1CC(=O)N2CCc3ccccc3C2C1|O=C(C1CCCC(O)C1)N1CC(=O)N2CCc3ccccc3C2C1|O=C(C1CCCCC1)N1CC(=O)N2CCC3=C(C=CC4OC34)C2C1|O=C(C1CCCCC1)N1CC(=O)N2CC(O)c3ccccc3C2C1|O=C(O)CN(CC1NCCc2ccccc21)C(=O)C1CCCCC1|O=C(O)Cc1ccccc1C1CN(C(=O)C2CCCCC2)CC(=O)N1|O=C(C1CCCCC1)N1CC(=O)N2C(O)Cc3ccccc3C2C1|O=C(C1CCCCC1)N1CC(=O)N2CCC3=C(C4OC4C=C3)C2C1|O=C(C1CCCCC1)N1CC(=O)N2CCc3cc(O)ccc3C2C1|O=C(C1CCCCC1)N1CC(=O)N2CCc3ccc(O)cc3C2C1|O=C(C1CCCCC1)N1CC(=O)N2CCc3c(O)cccc3C2C1|O=C(C1CCCCC1)N1CC(=O)N2CCc3cccc(O)c3C2C1|O=CCc1ccccc1C1CN(C(=O)C2CCCCC2)CC(=O)N1|O=C(C1CCCCC1)N1CC2c3ccccc3CCN2C(=O)C1O|O=C(C1CCCCC1O)N1CC(=O)N2CCc3ccccc3C2C1|O=C(C1CCCCC1)N1CC(O)N2CCc3ccccc3C2C1|O=C1CN(C(=O)C2CCCCC2)CC(O)c2ccccc2CCN1|O=CC(=O)N1CCc2ccccc2C1CNC(=O)C1CCCCC1|O
O=C(O)CNC(=O)C1C(=O)N(C2CCCCC2)C(=O)N(C2CCCCC2)C1=O,CYP3A4,O=C(O)CNC(=O)C1C(=O)N(C2CCC[CH2:1]C2)C(=O)N(C2CCC[CH2:1]C2)C1=O|O=C(O)CNC(=O)C1C(=O)N(C2CCC[CH2:1]C2)C(=O)N(C2CCC[CH2:1]C2)[C:1]1=[O:1]|O=C(O)CNC(=O)C1C(=O)N(C2CCC[CH2:1]C2)C(=O)N(C2CC[CH2:1]CC2)[C:1]1=[O:1]|O=C(O)CNC(=O)C1C(=O)N(C2CC[CH2:1]CC2)C(=O)N(C2CC[CH2:1]CC2)[C:1]1=[O:1],O=C(O)CNC(=O)C1C(=O)N(C2CCC(O)CC2)C(=O)N([C@H]2CC[C@H](O)CC2)C1O|O=C(O)CNC(=O)C1C(=O)N(C2CCC[C@@H](O)C2)C(=O)N([C@H]2CC[C@H](O)CC2)C1O|O=C(O)CNC(=O)C1C(=O)N(C2CCC[C@H](O)C2)C(=O)N([C@@H]2CCC[C@H](O)C2)C1=O|O=C(O)CNC(=O)C1C(=O)N(C2CCC[C@H](O)C2)C(=O)N([C@H]2CCC[C@H](O)C2)C1O,4,O=C(O)CNC(=O)C1C(=O)N(C2CCCCC2)C(=O)N(C2CCC(O)CC2)C1=O|O=C(O)CNC(=O)C1C(=O)N(C2CCCCC2)C(=O)N([C@H]2CCC[C@H](O)C2)C1=O|O=C(O)CNC(=O)C1C(=O)N(C2CCCCC2)C(=O)N(C2CCCC(O)C2)C1=O|NC(=O)C1C(=O)N(C2CCCCC2)C(=O)N(C2CCCCC2)C1=O|O=C(O)CNC(=O)C1C(=O)N(C2CCCCC2)C(=O)N([C@@H]2CCC[C@H](O)C2)C1=O|O=C(O)CNC(=O)C1C(=O)N(C2CCCCC2)C(=O)N([C@H]2CCC[C@@H](O)C2)C1=O|O=C(O)CNC(=O)C1C(=O)N(C2CCCCC2)C(=O)N([C@@H]2CCC[C@@H](O)C2)C1=O|O=C(O)CNC(=O)C1C(=O)N(C2CCCCC2)C(=O)N([C@@H]2CCCC[C@@H]2O)C1=O|O=C(O)CNC(=O)C1C(=O)N(C2CCCCC2)C(=O)N([C@H]2CCCC[C@@H]2O)C1=O|O=C(O)CNC(=O)C1C(=O)N(C2CCCCC2)C(=O)N(C2CCCCC2O)C1=O|O=C(O)CNC(=O)C1C(=O)N(C2CCCCC2)C(=O)N([C@H]2CCCC[C@H]2O)C1=O|O=C(O)CNC(=O)C1C(=O)N(C2CCCCC2)C(=O)N([C@@H]2CCCC[C@H]2O)C1=O|O=C(O)CNC(=O)[C@@H]1C(=O)N(C2CCCCC2)C(=O)N([C@H]2CCC[C@@H](O)C2)C1=O|O=C(O)CNC(=O)[C@H]1C(=O)N(C2CCCCC2)C(=O)N([C@H]2CCC[C@@H](O)C2)C1=O|O=C(O)CNC(=O)C1(O)C(=O)N(C2CCCCC2)C(=O)N(C2CCCCC2)C1=O|NC(=O)CNC(=O)C1C(=O)N(C2CCCCC2)C(=O)N(C2CCCCC2)C1=O|O=C(NCC(O)O)C1C(=O)N(C2CCCCC2)C(=O)N(C2CCCCC2)C1=O|O=C(O)CNC(=O)C1C(=O)N(C2CCCCC2)C(=O)N(C2CCCC[C@@H]2O)C1=O|CC(=O)CNC(=O)C1C(=O)N(C2CCCCC2)C(=O)N(C2CCCCC2)C1=O|
O=C(O)CNC(=O)C1C(=O)N(C2CCC[C@H](O)C2)C(=O)N([C@H]2CC[C@H](O)CC2)C1O,CYP3A4,O=C(O)CNC(=O)C1C(=O)N(C2CC[CH2:1][C@H](O)C2)C(=O)N([C@H]2CC[C@H](O)CC2)C1O,O=C(O)CNC(=O)C1C(=O)N(C2CC[C@H](O)[C@H](O)C2)C(=O)N([C@H]2CC[C@H](O)CC2)C1O,1,O=C(O)CNC(=O)C1C(=O)N([C@@H]2CCC[C@H](O)C2)C(=O)N(C2CCC(=O)CC2)C1O|O=C(O)CNC(=O)C1C(=O)N([C@@H]2CCCC(=O)C2)C(=O)N([C@H]2CC[C@H](O)CC2)C1O|O=C(O)CNC(=O)C1C(=O)N(C2CCC[C@H](O)C2)C(=O)N(C2CCC(=O)CC2)C1O|O=C(O)CNC(=O)C1C(=O)N([C@H]2CC[C@@H](O)[C@H](O)C2)C(=O)N([C@H]2CC[C@H](O)CC2)C1O|O=C(O)CNC(=O)C1C(=O)N(C2CCCC(=O)C2)C(=O)N([C@H]2CC[C@H](O)CC2)C1O|O=C(O)CNC(=O)C1C(=O)N([C@H]2CCC[C@H](O)C2)C(=O)N(C2CCC(=O)CC2)C1O|O=C(O)CNC(=O)C1C(=O)N([C@@H]2CCC[C@H](O)C2)C(=O)N([C@H]2CC[C@H](O)CC2)C1=O|O=C(O)CNC(=O)C1C(=O)N([C@H]2CCCC(=O)C2)C(=O)N([C@H]2CC[C@H](O)CC2)C1O|O=C(O)CNC(=O)C1C(=O)N([C@H]2CC[C@H](O)[C@H](O)C2)C(=O)N([C@H]2CC[C@H](O)CC2)C1O|O=C(O)CNC(=O)C1C(=O)N([C@@H]2CC[C@@H](O)[C@H](O)C2)C(=O)N([C@H]2CC[C@H](O)CC2)C1O|O=C(O)CNC(=O)C1C(=O)N([C@@H]2CC[C@H](O)[C@H](O)C2)C(=O)N([C@H]2CC[C@H](O)CC2)C1O|O=C(O)CNC(=O)C1C(=O)N([C@H]2CCC[C@H](O)C2)C(=O)N([C@H]2CC[C@H](O)CC2)C1=O|O=C(O)CNC(=O)C1C(=O)N(C2CCC[C@H](O)C2)C(=O)N([C@H]2CC[C@H](O)CC2)C1=O|O=C(O)CNC(=O)C1C(=O)N(C2CCC[C@H](O)C2)C(=O)NC1O|O=C(O)CNC(=O)C(C(=O)O)C(O)N(C(=O)NC1CCC[C@H](O)C1)[C@H]1CC[C@H](O)CC1|O=C(O)CNC(=O)C1C(=O)N(C2CCC(O)C(O)C2)C(=O)N([C@H]2CC[C@H](O)CC2)C1O|O=C(O)CNC(=O)C1C(=O)N([C@@H]2CCC[C@H](O)C2)C(=O)NC1O|O=C(O)CNC(=O)C1C(=O)N(C2CCCC(O)C2)C(=O)N(C2CCC(O)C(O)C2)C1O|O=C(O)CNC(=O)C1C(=O)N([C@@H]2CC[C@@H](O)[C@@H](O)C2)C(=O)N([C@H]2CC[C@H](O)CC2)C1O|O=CC(C(=O)NCC(=O)O)C(O)N(C(=O)NC1CCC[C@H](O)C1)[C@H]1CC[C@H](O)CC1
O=C(O)C[C@H](O)C[C@H](O)/C=C/c1c(C2CC2)nc2ccccc2c1-c1ccc(F)cc1,CYP2C9,O=C(O)C[C@H](O)C[C@H](O)/C=C/c1c(C2CC2)nc2c(ccc[cH:1]2)c1-c1ccc(F)cc1,O=C(O)C[C@H](O)C[C@H](O)/C=C/c1c(C2CC2)nc2c(O)cccc2c1-c1ccc(F)cc1,1,O=C(O)CC(=O)CC(O)/C=C/c1c(C2CC2)nc2ccccc2c1-c1ccc(F)cc1|O=C(O)CC(=O)C[C@H](O)/C=C/c1c(C2CC2)nc2ccccc2c1-c1ccc(F)cc1|O=C(O)C[C@H](O)CC(=O)/C=C/c1c(C2CC2)nc2ccccc2c1-c1ccc(F)cc1|O=C(O)CC(O)CC(O)/C=C/c1c(C2CC2)nc2ccc(O)cc2c1-c1ccc(F)cc1|O=C(C[C@H](O)C[C@H](O)/C=C/c1c(C2CC2)nc2ccccc2c1-c1ccc(F)cc1)OC1O[C@H](C(=O)O)[C@@H](O)[C@H](O)[C@H]1O|O=C(O)CC(O)CC(O)/C=C/c1c(C2CC2)nc2ccccc2c1-c1ccc(F)c(O)c1|O=C(O)C[C@H](O)C[C@H](O)/C=C/C12OC1(c1ccc(F)cc1)c1ccccc1N=C2C1CC1|O=C(O)C[C@H](O)C[C@H](O)/C=C/c1c(C2CC2)nc2ccc(O)cc2c1-c1ccc(F)cc1|O=C(O)C[C@H](O)C[C@H](O)/C=C/c1c(C2CC2)nc2c(c1-c1ccc(F)cc1)C1OC1C=C2|O=C(O)CC(O)CC(O)/C=C/c1c(C2CC2)nc2ccccc2c1-c1ccc(F)cc1O|O=C(O)CCC[C@H](O)/C=C/c1c(C2CC2)nc2ccccc2c1-c1ccc(F)cc1|O=C(O)C[C@H](O)C[C@H](O)/C=C/C1=C(C2CC2)N(O)c2ccccc2C1c1ccc(F)cc1|O=C(O)C[C@H](O)C[C@H](O)/C=C/c1c(C2CC2)nc2cc(O)ccc2c1-c1ccc(F)cc1|O=C(O)CC(O)CC(O)/C=C/c1c(C2CC2)nc2cc(O)ccc2c1-c1ccc(F)cc1|O=C(O)C[C@H](O)C[C@H](O)/C=C/C1=C(C2CC2)Nc2ccccc2C1(O)c1ccc(F)cc1|O=C(O)CC(C[C@H](O)/C=C/c1c(C2CC2)nc2ccccc2c1-c1ccc(F)cc1)OC1OC(C(=O)O)C(O)C(O)C1O|O=C(O)CC(O)CC(=O)/C=C/c1c(C2CC2)nc2ccccc2c1-c1ccc(F)cc1|O=C(O)CC(O)CC(O)/C=C/c1c(C2CC2)nc2ccccc2c1-c1ccc(F)cc1|O=C(O)CC(O)CC(O)/C=C/c1c(C2CC2)nc2cccc(O)c2c1-c1ccc(F)cc1|O=C(O)C[C@H](O)C[C@H](O)/C=C/c1c(C2CC2)nc2cccc(O)c2c1-c1ccc(F)cc1
O=C1CC(O)CC(/C=C/c2c(C3CC3)nc3ccccc3c2-c2ccc(F)cc2)O1,CYP3A4,O=[C:1]1CC(O)C[CH:1](/C=C/c2c(C3CC3)nc3ccccc3c2-c2ccc(F)cc2)[O:1]1,O=C(O)CC(O)CC(=O)/C=C/c1c(C2CC2)nc2ccccc2c1-c1ccc(F)cc1,1,O=C1C=CCC(/C=C/c2c(C3CC3)nc3ccccc3c2-c2ccc(F)cc2)O1|O=C(O)CC(O)CC(O)/C=C/c1c(C2CC2)nc2ccccc2c1-c1ccc(F)cc1|O=C1CC(O)CC(/C=C/c2c(C3CC3)nc3ccc(O)cc3c2-c2ccc(F)cc2)O1|O=C1CC(O)CC(/C=C/c2c(C3CC3)nc3cc(O)ccc3c2-c2ccc(F)cc2)O1|O=C1CC(O)CC(/C=C/c2c(-c3ccc(F)cc3)c3ccccc3[n+]([O-])c2C2CC2)O1|O=C1OC(/C=C/c2c(C3CC3)nc3ccccc3c2-c2ccc(F)cc2)CC=C1O|O=C1CC=CC(/C=C/c2c(C3CC3)nc3ccccc3c2-c2ccc(F)cc2)O1|O=C1CC(O)CC(/C=C/c2c(C3CC3)nc3c(c2-c2ccc(F)cc2)C=CC2OC32)O1|O=C1CC(O)CC(/C=C/c2c(C3CC3)nc3c(O)cccc3c2-c2ccc(F)cc2)O1|O=C1C=C(O)CC(/C=C/c2c(C3CC3)nc3ccccc3c2-c2ccc(F)cc2)O1|O=C1CC(=O)OC(/C=C/c2c(C3CC3)nc3ccccc3c2-c2ccc(F)cc2)C1|O=C1CC(O)CC(/C=C/c2c(C3CC3)nc3cccc(O)c3c2-c2ccc(F)cc2)O1|O=C1CC(O)C(O)C(/C=C/c2c(C3CC3)nc3ccccc3c2-c2ccc(F)cc2)O1|O=C1CC(O)CC(/C=C/c2c(C3CC3)nc3c(c2-c2ccc(F)cc2)C2OC2C=C3)O1|O=c1cccc(/C=C/c2c(C3CC3)nc3ccccc3c2-c2ccc(F)cc2)o1|O=C(O)C[C@H](O)CC(O)/C=C/c1c(C2CC2)nc2ccccc2c1-c1ccc(F)cc1|O=C1CC(O)CC(/C=C/C2=C(C3CC3)N(O)c3ccccc3C2c2ccc(F)cc2)O1|O=C1CC(O)CC(/C=C/c2c(C3CC3)nc3ccccc3c2-c2ccc(F)cc2)O1|O=C(O)C[C@H](O)C[C@@H](O)/C=C/c1c(C2CC2)nc2ccccc2c1-c1ccc(F)cc1|O=C(O)C[C@@H](O)CC(O)/C=C/c1c(C2CC2)nc2ccccc2c1-c1ccc(F)cc1
O=C1CN=C(c2ccccc2F)c2cc(Cl)ccc2N1CC(F)(F)F,CYP2C9,O=C1CN=C(c2ccccc2F)c2cc(Cl)ccc2[N:1]1CC(F)(F)F|O=C1N(CC(F)(F)F)c2ccc(Cl)cc2C(c2ccccc2F)=N[CH2:1]1,O=C1C(O)N=C(c2ccccc2F)c2cc(Cl)ccc2N1CC(F)(F)F|O=C1CN=C(c2ccccc2F)c2cc(Cl)ccc2N1,2,O=C1CN=C(c2ccccc2F)c2cc(Cl)ccc2N1|O=C1C=NC(c2ccccc2F)c2cc(Cl)ccc2N1|O=C1CNC(c2ccccc2F)c2cc(Cl)ccc2N1|O=C1Nc2ccc(Cl)cc2C(c2ccccc2F)NC1=O|O=C1C(O)N=C(c2ccccc2F)c2cc(Cl)ccc2N1CC(F)(F)F|O=C1[C@@H](O)N=C(c2ccccc2F)c2cc(Cl)ccc2N1CC(F)(F)F|NCC(=O)Nc1ccc(Cl)cc1C(=O)c1ccccc1F|O=C1CNC(c2ccccc2F)=c2cc(Cl)ccc2=N1|O=C1Nc2ccc(Cl)cc2C(c2ccccc2F)=NC1O|O=C1[C@H](O)N=C(c2ccccc2F)c2cc(Cl)ccc2N1CC(F)(F)F|O=C1NC(c2ccccc2F)c2cc(Cl)ccc2N(CC(F)(F)F)C1=O|CC(F)(F)F|O=C1CNC(c2ccccc2F)c2cc(Cl)c(O)cc2N1CC(F)(F)F|O=CC(=O)N(CC(F)(F)F)c1ccc(Cl)cc1C(=O)c1ccccc1F|O=C1CN=C(c2ccc(O)cc2F)c2cc(Cl)ccc2N1CC(F)(F)F|O=C1CNC(c2ccccc2F)=C2C=C(Cl)C=CC2N1|NCC(=O)N(CC(F)(F)F)c1ccc(Cl)cc1C(=O)c1ccccc1F|OC1=CNC(c2ccccc2F)c2cc(Cl)ccc2N1|O=CC(F)(F)F|O=C1Nc2ccc(Cl)cc2C(c2ccccc2F)=N[C@H]1O
O=C1CN=C(c2ccccc2F)c2cc(Cl)ccc2N1CC(F)(F)F,CYP3A4,O=C1CN=C(c2ccccc2F)c2cc(Cl)ccc2[N:1]1CC(F)(F)F|O=C1N(CC(F)(F)F)c2ccc(Cl)cc2C(c2ccccc2F)=N[CH2:1]1,O=C1C(O)N=C(c2ccccc2F)c2cc(Cl)ccc2N1CC(F)(F)F|O=C1CN=C(c2ccccc2F)c2cc(Cl)ccc2N1,2,O=C1CN=C(c2ccccc2F)c2cc(Cl)ccc2N1|O=C1C=NC(c2ccccc2F)c2cc(Cl)ccc2N1|O=C1CNC(c2ccccc2F)c2cc(Cl)ccc2N1|O=C1Nc2ccc(Cl)cc2C(c2ccccc2F)NC1=O|O=C1C(O)N=C(c2ccccc2F)c2cc(Cl)ccc2N1CC(F)(F)F|O=C1CNC(c2ccccc2F)=c2cc(Cl)ccc2=N1|O=C1[C@@H](O)N=C(c2ccccc2F)c2cc(Cl)ccc2N1CC(F)(F)F|NCC(=O)Nc1ccc(Cl)cc1C(=O)c1ccccc1F|O=C1Nc2ccc(Cl)cc2C(c2ccccc2F)=NC1O|CC(F)(F)F|O=C1[C@H](O)N=C(c2ccccc2F)c2cc(Cl)ccc2N1CC(F)(F)F|O=C1NC(c2ccccc2F)c2cc(Cl)ccc2N(CC(F)(F)F)C1=O|O=C1CNC(c2ccccc2F)c2cc(Cl)c(O)cc2N1CC(F)(F)F|O=C1Nc2ccc(Cl)cc2C(c2ccccc2F)=N[C@H]1O|O=C1CNC(c2ccccc2F)=C2C=C(Cl)C=CC2N1|O=C1CN=C(c2ccc(O)cc2F)c2cc(Cl)ccc2N1CC(F)(F)F|O=CC(=O)N(CC(F)(F)F)c1ccc(Cl)cc1C(=O)c1ccccc1F|OC1=CNC(c2ccccc2F)c2cc(Cl)ccc2N1|OC1=Nc2ccc(Cl)cc2C(c2ccccc2F)N=C1|O=CC(F)(F)F
OC(c1ccccc1)(c1ccccc1)C12CC[N+](CCOCc3ccccc3)(CC1)CC2,CYP2D6,OC(c1ccccc1)(c1ccccc1)C12CC[N+](CCOCc3cc[cH:1]cc3)(CC1)CC2|OC(c1ccccc1)(c1ccccc1)C12CC[N+](CC[O:1]Cc3ccccc3)(CC1)CC2,OCC[N+]12CCC(C(O)(c3ccccc3)c3ccccc3)(CC1)CC2|Oc1ccc(COCC[N+]23CCC(C(O)(c4ccccc4)c4ccccc4)(CC2)CC3)cc1,2,OCC[N+]12CCC(C(O)(c3ccccc3)c3ccccc3)(CC1)CC2|OC(c1ccccc1)(c1ccccc1)C12CCN(CC1)CC2|Oc1ccc(C(O)(c2ccccc2)C23CC[N+](CCOCc4ccccc4)(CC2)CC3)cc1|Oc1ccc(COCC[N+]23CCC(C(O)(c4ccccc4)c4ccccc4)(CC2)CC3)cc1|OC1C[N+]2(CCOCc3ccccc3)CCC1(C(O)(c1ccccc1)c1ccccc1)CC2|OC1CC2(C(O)(c3ccccc3)c3ccccc3)CC[N+]1(CCOCc1ccccc1)CC2|O=Cc1ccccc1|Oc1cccc(C(O)(c2ccccc2)C23CC[N+](CCOCc4ccccc4)(CC2)CC3)c1|OC(OCC[N+]12CCC(C(O)(c3ccccc3)c3ccccc3)(CC1)CC2)c1ccccc1|OC(c1ccccc1)(c1ccccc1)C12C=C[N+](CCOCc3ccccc3)(CC1)CC2|OCc1ccccc1|Oc1cccc(COCC[N+]23CCC(C(O)(c4ccccc4)c4ccccc4)(CC2)CC3)c1|O=CCC1(C(O)(c2ccccc2)c2ccccc2)CCN(CCOCc2ccccc2)CC1|Oc1ccccc1C(O)(c1ccccc1)C12CC[N+](CCOCc3ccccc3)(CC1)CC2|Oc1ccccc1COCC[N+]12CCC(C(O)(c3ccccc3)c3ccccc3)(CC1)CC2|O=CC[N+]12CCC(C(O)(c3ccccc3)c3ccccc3)(CC1)CC2|c1ccc(COCC[N+]23CCC(C(c4ccccc4)c4ccccc4)(CC2)CC3)cc1|OC(c1ccccc1)(c1ccccc1)C12CC[N+](CCOCc3ccccc3)(CC1)CC2|COCC[N+]12CCC(C(O)(c3ccccc3)c3ccccc3)(CC1)CC2|O=C(OCC[N+]12CCC(C(O)(c3ccccc3)c3ccccc3)(CC1)CC2)c1ccccc1
OC[C@H]1O[C@@H](c2ccc(Cl)c(Cc3ccc(OCCOC4CC4)cc3)c2)[C@H](O)[C@@H](O)[C@@H]1O,CYP2D6,OC[C@H]1O[C@@H](c2ccc(Cl)c(Cc3ccc(OCC[O:1]C4CC4)cc3)c2)[C@H](O)[C@@H](O)[C@@H]1O|OC[C@H]1O[C@@H](c2ccc(Cl)c([CH2:1]c3ccc(OCCOC4CC4)cc3)c2)[C@H](O)[C@@H](O)[C@@H]1O,OCCOc1ccc(Cc2cc([C@@H]3O[C@H](CO)[C@@H](O)[C@H](O)[C@H]3O)ccc2Cl)cc1|OC[C@H]1O[C@@H](c2ccc(Cl)c(C(O)c3ccc(OCCOC4CC4)cc3)c2)[C@H](O)[C@@H](O)[C@@H]1O,2,OC[C@H]1O[C@@H](c2ccc(Cl)c(Cc3ccc(O)cc3)c2)[C@H](O)[C@@H](O)[C@@H]1O|OC[C@H]1O[C@@H](c2ccc(Cl)c(Cc3ccc(OCCOC4CC4O)cc3)c2)[C@H](O)[C@@H](O)[C@@H]1O|O=CCOc1ccc(Cc2cc([C@@H]3O[C@H](CO)[C@@H](O)[C@H](O)[C@H]3O)ccc2Cl)cc1|OCCOc1ccc(Cc2cc([C@@H]3O[C@H](CO)[C@@H](O)[C@H](O)[C@H]3O)ccc2Cl)cc1|OC[C@H]1O[C@@H](c2ccc(Cl)c(Cc3ccc(OCCO[C@@H]4C[C@H]4O)cc3)c2)[C@H](O)[C@@H](O)[C@@H]1O|OC1CC1|OCC1OC(c2ccc(Cl)c(Cc3ccc(O)cc3)c2)C(O)C(O)C1O|OC[C@H]1O[C@@H](c2ccc(Cl)c(Cc3ccc(OCCOC4CC4)cc3O)c2)[C@H](O)[C@@H](O)[C@@H]1O|OC[C@H]1O[C@@H](c2ccc(Cl)c(Cc3ccc(OCCO[C@@H]4C[C@@H]4O)cc3)c2)[C@H](O)[C@@H](O)[C@@H]1O|OC[C@H]1O[C@@H](c2ccc(Cl)c(Cc3ccc(OCCOC4(O)CC4)cc3)c2)[C@H](O)[C@@H](O)[C@@H]1O|OC[C@H]1O[C@@H](c2ccc(Cl)c(C(O)c3ccc(OCCOC4CC4)cc3)c2)[C@H](O)[C@@H](O)[C@@H]1O|OC[C@H]1O[C@@H](c2ccc(Cl)c([C@H](O)c3ccc(OCCOC4CC4)cc3)c2)[C@H](O)[C@@H](O)[C@@H]1O|OC[C@H]1O[C@@H](c2ccc(Cl)c([C@@H](O)c3ccc(OCCOC4CC4)cc3)c2)[C@H](O)[C@@H](O)[C@@H]1O|OC[C@H]1O[C@@H](c2ccc(Cl)c(Cc3ccc(OCCOC4CC4)c(O)c3)c2)[C@H](O)[C@@H](O)[C@@H]1O|O=C[C@@H]1O[C@@H](c2ccc(Cl)c(Cc3ccc(OCCOC4CC4)cc3)c2)[C@H](O)[C@@H](O)[C@@H]1O|OC[C@H]1O[C@H](c2ccc(Cl)c(Cc3ccc(O)cc3)c2)[C@H](O)[C@@H](O)[C@@H]1O|OC[C@H]1O[C@@H](c2ccc(Cl)c(Cc3ccc(OC(O)COC4CC4)cc3)c2)[C@H](O)[C@@H](O)[C@@H]1O|OC[C@H]1O[C@@H](c2cc(Cc3ccc(OCCOC4CC4)cc3)c(Cl)cc2O)[C@H](O)[C@@H](O)[C@@H]1O|OC[C@H]1O[C@@H](c2cc(O)c(Cl)c(Cc3ccc(OCCOC4CC4)cc3)c2)[C@H](O)[C@@H](O)[C@@H]1O|OC[C@H]1O[C@@H](c2ccc(Cl)c(Cc3ccc(OCCOC4C[C@H]4O)cc3)c2)[C@H](O)[C@@H](O)[C@@H]1O
OC[C@H]1O[C@@H](c2ccc(Cl)c(Cc3ccc(OCCOC4CC4)cc3)c2)[C@H](O)[C@@H](O)[C@@H]1O,CYP3A4,OC[C@H]1O[C@@H](c2ccc(Cl)c(Cc3ccc(OCC[O:1]C4CC4)cc3)c2)[C@H](O)[C@@H](O)[C@@H]1O|OC[C@H]1O[C@@H](c2ccc(Cl)c(Cc3ccc(OC[CH2:1][O:1]C4CC4)cc3)c2)[C@H](O)[C@@H](O)[C@@H]1O|OC[C@H]1O[C@@H](c2ccc(Cl)c([CH2:1]c3ccc(OCCOC4CC4)cc3)c2)[C@H](O)[C@@H](O)[C@@H]1O,O=C(O)COc1ccc(Cc2cc([C@@H]3O[C@H](CO)[C@@H](O)[C@H](O)[C@H]3O)ccc2Cl)cc1|OCCOc1ccc(Cc2cc([C@@H]3O[C@H](CO)[C@@H](O)[C@H](O)[C@H]3O)ccc2Cl)cc1|OC[C@H]1O[C@@H](c2ccc(Cl)c(C(O)c3ccc(OCCOC4CC4)cc3)c2)[C@H](O)[C@@H](O)[C@@H]1O,3,OC[C@H]1O[C@@H](c2ccc(Cl)c(Cc3ccc(O)cc3)c2)[C@H](O)[C@@H](O)[C@@H]1O|OC[C@H]1O[C@@H](c2ccc(Cl)c(Cc3ccc(OCCOC4CC4O)cc3)c2)[C@H](O)[C@@H](O)[C@@H]1O|O=CCOc1ccc(Cc2cc([C@@H]3O[C@H](CO)[C@@H](O)[C@H](O)[C@H]3O)ccc2Cl)cc1|OCCOc1ccc(Cc2cc([C@@H]3O[C@H](CO)[C@@H](O)[C@H](O)[C@H]3O)ccc2Cl)cc1|OC[C@H]1O[C@@H](c2ccc(Cl)c(Cc3ccc(OCCO[C@@H]4C[C@H]4O)cc3)c2)[C@H](O)[C@@H](O)[C@@H]1O|OC1CC1|OC[C@H]1O[C@@H](c2ccc(Cl)c(C(O)c3ccc(OCCOC4CC4)cc3)c2)[C@H](O)[C@@H](O)[C@@H]1O|OC[C@H]1O[C@@H](c2ccc(Cl)c(Cc3ccc(OCCOC4CC4)cc3O)c2)[C@H](O)[C@@H](O)[C@@H]1O|OC[C@H]1O[C@@H](c2ccc(Cl)c(Cc3ccc(OCCOC4(O)CC4)cc3)c2)[C@H](O)[C@@H](O)[C@@H]1O|OC[C@H]1O[C@@H](c2ccc(Cl)c(Cc3ccc(OCCO[C@@H]4C[C@@H]4O)cc3)c2)[C@H](O)[C@@H](O)[C@@H]1O|OCC1OC(c2ccc(Cl)c(Cc3ccc(O)cc3)c2)C(O)C(O)C1O|OC[C@H]1O[C@@H](c2ccc(Cl)c([C@@H](O)c3ccc(OCCOC4CC4)cc3)c2)[C@H](O)[C@@H](O)[C@@H]1O|OC[C@H]1O[C@@H](c2ccc(Cl)c([C@H](O)c3ccc(OCCOC4CC4)cc3)c2)[C@H](O)[C@@H](O)[C@@H]1O|OC[C@H]1O[C@@H](c2ccc(Cl)c(Cc3ccc(OCCOC4CC4)c(O)c3)c2)[C@H](O)[C@@H](O)[C@@H]1O|OC[C@H]1O[C@@H](c2ccc(Cl)c(Cc3ccc(OC(O)COC4CC4)cc3)c2)[C@H](O)[C@@H](O)[C@@H]1O|OC[C@H]1O[C@@H](c2cc(Cc3ccc(OCCOC4CC4)cc3)c(Cl)cc2O)[C@H](O)[C@@H](O)[C@@H]1O|OC[C@H]1O[C@@H](c2cc(O)c(Cl)c(Cc3ccc(OCCOC4CC4)cc3)c2)[C@H](O)[C@@H](O)[C@@H]1O|OC[C@H]1O[C@H](c2ccc(Cl)c(Cc3ccc(O)cc3)c2)[C@H](O)[C@@H](O)[C@@H]1O|O=C[C@@H]1O[C@@H](c2ccc(Cl)c(Cc3ccc(OCCOC4CC4)cc3)c2)[C@H](O)[C@@H](O)[C@@H]1O|OC[C@H]1O[C@@H](c2ccc(Cl)c(Cc3ccc(OCCOC4C[C@H]4O)cc3)c2)[C@H](O)[C@@H](O)[C@@H]1O
OCc1ncc2n1-c1ccc(Cl)cc1C(c1ccccc1F)=NC2,CYP3A4,OCc1ncc2n1-c1ccc(Cl)cc1C(c1ccccc1F)=N[CH2:1]2,OCc1ncc2n1-c1ccc(Cl)cc1C(c1ccccc1F)=NC2O,1,O=Cc1cnc(CO)n1-c1ccc(Cl)cc1C(=O)c1ccccc1F|Fc1ccccc1C1=NCc2cncn2-c2ccc(Cl)cc21|OCc1ncc2n1-c1ccc(Cl)cc1C(c1ccccc1F)=NC2O|O=Cc1ncc2n1-c1ccc(Cl)cc1C(c1ccccc1F)=NC2|Fc1ccccc1C1N=Cc2cncn2-c2ccc(Cl)cc21|O=C(c1ccccc1F)c1cc(Cl)ccc1-n1c(CO)cnc1CO|O=C1NC(CO)[N+]2=C1CN=C(c1ccccc1F)c1cc(Cl)ccc12|O=c1[nH]cc2n1-c1ccc(Cl)cc1C(c1ccccc1F)=NC2|O=C1CN=C(c2ccccc2F)c2cc(Cl)ccc2N1CCO|OCc1ncc2n1-c1ccc(Cl)cc1C(c1ccccc1O)=NC2|O=C(O)c1ncc2n1-c1ccc(Cl)cc1C(c1ccccc1F)=NC2|Cc1cnc(CO)n1-c1ccc(Cl)cc1C(=O)c1ccccc1F|O=C(CO)NC=C1CN=C(c2ccccc2F)c2cc(Cl)ccc2N1|Fc1ccccc1C1=NCC2=CNCN2c2ccc(Cl)cc21|O=C1NC(c2ccccc2F)c2cc(Cl)ccc2-n2c1cnc2CO|OCc1ncc2n1-c1ccc(Cl)cc1C(c1ccccc1O)=NC2O|OCc1ncc2n1-c1ccc(Cl)cc1C(c1ccccc1)=NC2|NCc1cnc(CO)n1-c1ccc(Cl)cc1C(=O)c1ccccc1F|OC1N=C(c2ccccc2F)c2cc(Cl)ccc2-n2cncc21|O=C(CO)NC(=O)C1=Nc2ccc(Cl)cc2C(c2ccccc2F)=NC1
