substrate,all_predictions,metabolite
COc1ccc2ccc(=O)oc2c1CC=C(C)C,COC1=CC=C2C=C(C(=O)OC2=C1CC=C(C)C)O|OC1=CC=C2C=CC(=O)OC2=C1CC=C(C)C|COC1=CC=C2C=CC(=O)OC2=C1CC3C(C)(C)O3|COC1=C(C=C2C=CC(=O)OC2=C1CC=C(C)C)O|COC1=CC=C2C=CC(=O)OC2=C1CC=C(C)CO|O=C|COC1=CC=C2C=CC(=O)OC2=C1C(C=C(C)C)O|COC1=CC=C2C3C(C(=O)OC2=C1CC=C(C)C)O3,COc1ccc2c(c1CC=C(C)C)OC(O)C(CC(=O)O)=C2|CC(C)=CCc1c(O)ccc2ccc(=O)oc12|C=C(C)/C=C/c1c(OC)ccc2ccc(=O)oc12|COc1ccc2ccc(=O)oc2c1C/C=C(\C)CO|COc1ccc2cc(O)c(=O)oc2c1CC=C(C)C
CNCc1cc(-c2ccccc2F)n(S(=O)(=O)c2cccnc2)c1,C1(C=2C(F)=CC=CC2)=CC(=CN1S(C3=CC=CN=C3)(=O)=O)C(NC)O|C1(C=2C(F)=C(C=CC2)O)=CC(=CN1S(C3=CC=CN=C3)(=O)=O)CNC|C1(C=2C(F)=CC=C(C2)O)=CC(=CN1S(C3=CC=CN=C3)(=O)=O)CNC|C1(C=2C(F)=CC=CC2)=CC(=CN1S(C3=CC=CN=C3)(=O)=O)C=O|C1(C=2C(F)=CC=CC2)=CC(=CN1S(C3=CC=C[N+](=C3)[O-])(=O)=O)CNC|C1(C=2C(F)=CC=CC2)=CC(=CN1S(C3=CC=CN=C3)(=O)=O)CN|O=C|C1(C=2C(F)=CC(=CC2)O)=CC(=CN1S(C3=CC=CN=C3)(=O)=O)CNC|C1(C=2C(F)=CC=CC2O)=CC(=CN1S(C3=CC=CN=C3)(=O)=O)CNC|NC,NCc1cc(-c2ccccc2F)n(S(=O)(=O)c2cccnc2)c1|C/[N+]([O-])=C/c1cc(-c2ccccc2F)n(S(=O)(=O)c2cccnc2)c1|O=C(O)c1cc(-c2ccccc2F)n(S(=O)(=O)c2cccnc2)c1
Cc1ccc(-n2nccn2)c(C(=O)N2CCN(c3nc4cc(Cl)ccc4o3)CCC2C)c1,C(C1=CC=C(N2N=CC=N2)C(C(=O)N3CCN(C4=NC5=CC(Cl)=CC=C5O4)CCC3C)=C1)O|CC1=CC=C(N2N=CC=N2)C(C(=O)N3CC(N(C4=NC5=CC(Cl)=CC=C5O4)CCC3C)O)=C1|CC1=CC=C(N2N=CC=N2)C(C(=O)N3CCN(C4=NC5=CC(Cl)=CC=C5O4)C(CC3C)O)=C1|CC1=CC=C(N2N=CC=N2)C(C(=O)N3CCN(C4=NC5=CC(Cl)=CC(=C5O4)O)CCC3C)=C1|CC1=CC=C(N2N=CC=N2)C(C(=O)N3C(CN(C4=NC5=CC(Cl)=CC=C5O4)CCC3C)O)=C1|CC1=CC=C(N2N=CC=N2)C(C(=O)N(CC=O)C(CCNC3=NC4=CC(Cl)=CC=C4O3)C)=C1|CC1=CC=C(N2N=CC=N2)C(C(=O)N3CCN(C4=NC5=CC(Cl)=CC=C5O4)CC(C3C)O)=C1|CC1=CC=C(N2N=CC=N2)C(C(=O)N3CCN(C4=NC5=CC(Cl)=CC=C5O4)CCC3CO)=C1|CC1=CC=C(N2N=CC=N2)C(C(=O)N(CCNC3=NC4=CC(Cl)=CC=C4O3)C(CC=O)C)=C1|CC1=CC=C(N2N=CC=N2)C(C(=O)N3CCN(C4=NC5=CC(Cl)=C(C=C5O4)O)CCC3C)=C1|CC1=CC=C(N2N=CC=N2)C(C(=O)N3CCN(C4=NC5=C(C(Cl)=CC=C5O4)O)CCC3C)=C1,Cc1ccc(-n2nccn2)c(C(=O)N2CCN(c3nc4cc(Cl)c(O)cc4o3)CCC2C)c1|Cc1ccc(-n2nccn2)c(C(=O)N2CCN(c3nc4cc(Cl)ccc4o3)CCC2CO)c1|CC1CCN(c2nc3cc(Cl)ccc3o2)CCN1C(=O)c1cc(CO)ccc1-n1nccn1
Cc1ccc(S(=O)(=O)Nc2ccc(C(=O)/C=C/c3ccc(O)cc3)cc2)cc1,CC1=CC=C(S(=O)(=O)NC2=CC=C(C(=O)/C=C/C3=CC=CC=C3)C=C2)C=C1|C1(=CC=C(S(=O)(=O)NC2=CC=C(C(=O)C=CC3=CC=C(O)C=C3)C=C2)C=C1)CO|CC1=CC=C(S(=O)(=O)NC2=CC=C(C(=O)C3C(C4=CC=C(O)C=C4)O3)C=C2)C=C1|CC1=CC=C(S(=O)(=O)[NH](C2=CC=C(C(=O)/C=C/C3=CC=C(O)C=C3)C=C2)C4OC(C(O)C(O)C4O)C(O)=O)C=C1|CC1=CC=C(S(=O)(=O)NC2=CC=C(C(=O)/C=C/C3=CC=C(OC4OC(C(O)C(O)C4O)C(O)=O)C=C3)C=C2)C=C1|CC1=CC=C(S(=O)(=O)NC2=CC=C(C(=O)/C=C/C3=CC=C(O)C(=C3)O)C=C2)C=C1|CC1=CC=C(S(=O)(=O)NC2=CC=C(C(O)/C=C/C3=CC=C(O)C=C3)C=C2)C=C1|CC1=CC=C(S(=O)(=O)NC2=CC=C(C(=O)/C=C/C3=CC=C(O)C=C3)C(=C2)O)C=C1|CC1=CC=C(S(=O)(=O)NC2=CC=C(C(=O)CCC3=CC=C(O)C=C3)C=C2)C=C1|C(C1=CC=C(S(=O)(=O)NC2=CC=C(C(=O)/C=C/C3=CC=C(O)C=C3)C=C2)C=C1)O|CC1=CC=C(S(=O)(=O)NC2=CC=C(C(=O)/C=C/C3=CC=C(O)C=C3)C=C2)C(=C1)O,O=C(/C=C/c1ccc(O)cc1)c1ccc(NS(=O)(=O)c2ccc(CO)cc2)cc1|Cc1ccc(S(=O)(=O)Nc2ccc(C(=O)/C=C/c3ccc(O)c(O)c3)cc2)cc1
C[C@H]1CNCCCN1S(=O)(=O)c1cccc2cncc(F)c12,C[C@H]1CNCCCN1S(=O)(=O)C2=CC=C(C3=CN=CC(F)=C23)O|CC1CNCCC(N1S(=O)(=O)C2=CC=CC3=CN=CC(F)=C23)O|C[C@H]1CNCCC(N1S(=O)(=O)C2=CC=CC3=CN=CC(F)=C23)O|C([C@H]1CNCCCN1S(=O)(=O)C2=CC=CC3=CN=CC(F)=C23)O|C[C@H]1C(NCCCN1S(=O)(=O)C2=CC=CC3=CN=CC(F)=C23)O|C[C@H]1CNCC(CN1S(=O)(=O)C2=CC=CC3=CN=CC(F)=C23)O|C[C@H]1CNCCCN1S(=O)(=O)C2=C(C=CC3=CN=CC(F)=C23)O|CC1CNCCCN1S(=O)(=O)C2=CC=CC3=C[N+](=CC(F)=C23)[O-]|C[C@H]1CNCCCN1S(=O)(=O)C2=CC=CC3=C(N=CC(F)=C23)O|C[C@H]1CNC(CCN1S(=O)(=O)C2=CC=CC3=CN=CC(F)=C23)O|CC1CNC(CCN1S(=O)(=O)C2=CC=CC3=CN=CC(F)=C23)O|C[C@H]1CNCCCN1S(=O)(=O)C2=CC=CC3=CN=C(C(F)=C23)O|C[C@H]1CNCCCN1S(=O)(=O)C2=CC(=CC3=CN=CC(F)=C23)O,C[C@H]1CNC(=O)CCN1S(=O)(=O)c1cccc2cncc(F)c12|C[C@H]1C[N+]([O-])=CCCN1S(=O)(=O)c1cccc2cncc(F)c12
C[C@@H](Oc1cc(-c2cnn(C3CCNCC3)c2)cnc1N)c1c(Cl)ccc(F)c1Cl,C[C@@H](OC1=CC(C=2C=NN(C3CC(NCC3)O)C2)=CN=C1N)C4=C(Cl)C=CC(F)=C4Cl|C[C@@H](OC1=CC(C=2C=NN(C3CCNCC3)C2)=CN=C1N)C4=C(C=CC(F)=C4Cl)SCC(NC(=O)CCC(N)C(O)=O)C(=O)NCC(O)=O|CC(OC1=CC(C=2C=NN(C3CCNCC3)C2)=CN=C1[NH2+][O-])C4=C(Cl)C=CC(F)=C4Cl|CC(C1=C(Cl)C=CC(F)=C1Cl)=O|C[C@@H](OC1=CC(C=2C=NN(C3CCNCC3)C2)=CN=C1N)C4=C(Cl)C(C=C(F)C4Cl)SCC(NC(=O)CCC(N)C(O)=O)C(=O)NCC(O)=O|CC(OC1=CC(C=2C=NN(C3CCNCC3)C2)=CN=C1N)(C4=C(Cl)C=CC(F)=C4Cl)O|C[C@@H](OC1=CC(C=2C=NN(C3CCNCC3)C2)=C[N+](=C1N)C4OC(C(O)C(O)C4O)C(O)=O)C5=C(Cl)C=CC(F)=C5Cl|C[C@@H](OC1=CC(C=2C=NN(C3CCNCC3)C2)=CN=C1NO)C4=C(Cl)C=CC(F)=C4Cl|CC(OC1=CC(C=2C=NN(C3CC(NCC3)O)C2)=CN=C1N)C4=C(Cl)C=CC(F)=C4Cl|C[C@@H](OC1=CC(C=2C=NN(C3CCNCC3)C2)=CN=C1N)C4=C(Cl)C(=CC(F)=C4Cl)O|C[C@@H](OC1=CC(C=2C=NN(C3CCNCC3)C2)=CN=C1N)C4=C(Cl)C=C(C(F)=C4Cl)O|C[C@@H](OC1=CC(C=2C=NN(C3C(CNCC3)O)C2)=CN=C1N)C4=C(Cl)C=CC(F)=C4Cl|C[C@@H](OC1=CC(C=2C=NN(C3CCNCC3)C2)=CN=C1NC4OC(C(O)C(O)C4O)C(O)=O)C5=C(Cl)C=CC(F)=C5Cl|OC1=CC(C=2C=NN(C3CCNCC3)C2)=CN=C1N|C[C@@H](OC1=CC(C=2C=NN(C(CCN)CC(O)=O)C2)=CN=C1N)C3=C(Cl)C=CC(F)=C3Cl|C[C@@H](OC1=CC(C=2C=NN(C3CCNCC3)C2)=C[N+](=C1N)[O-])C4=C(Cl)C=CC(F)=C4Cl|C=C(OC1=CC(C=2C=NN(C3CCNCC3)C2)=CN=C1N)C4=C(Cl)C=CC(F)=C4Cl|C[C@@H](OC1=CC(C=2C=NN(C3CCNCC3)C2)=CN=C1N)C4=C(Cl)C=CC(=C4Cl)SCC(NC(=O)CCC(N)C(O)=O)C(=O)NCC(O)=O|C[C@@H](OC1=CC(C=2C=NN(C3CCNCC3)C2)=CN=C1N)C4=C(Cl)C=CC(F)=C4SCC(NC(=O)CCC(N)C(O)=O)C(=O)NCC(O)=O|C([C@@H](OC1=CC(C=2C=NN(C3CCNCC3)C2)=CN=C1N)C4=C(Cl)C=CC(F)=C4Cl)O,Nc1ncc(-c2cnn(C3CCNCC3)c2)cc1O
CC(C)CNCc1ccc(-c2ccccc2S(=O)(=O)N2CCCC2)cc1,C(C(C)CNCC1=CC=C(C2=CC=CC=C2S(=O)(=O)N3CCCC3)C=C1)O|CC(C)CNCC1=CC=C(C2=CC=CC=C2S(=O)(=O)N3CCCC3)C(=C1)O|NCC1=CC=C(C2=CC=CC=C2S(=O)(=O)N3CCCC3)C=C1|C(C1=CC=C(C2=CC=CC=C2S(=O)(=O)N3CCCC3)C=C1)=O|CC(C)CNCC1=CC=C(C2=CC=CC=C2S(=O)(=O)N3CC(CC3)O)C=C1|CC(C)CNCC1=C(C=C(C2=CC=CC=C2S(=O)(=O)N3CCCC3)C=C1)O|CC(C)CNC(C1=CC=C(C2=CC=CC=C2S(=O)(=O)N3CCCC3)C=C1)O|CC(C)CNCC1=CC=C(C2=CC=CC=C2S(=O)(=O)N3C(CCC3)O)C=C1|CC(C)CN|CC(=C)CNCC1=CC=C(C2=CC=CC=C2S(=O)(=O)N3CCCC3)C=C1|CC(C)(CNCC1=CC=C(C2=CC=CC=C2S(=O)(=O)N3CCCC3)C=C1)O|CC(C)C=O|CC(C)CNCC1=CC=C(C2=CC=C(C=C2S(=O)(=O)N3CCCC3)O)C=C1|CC(C)CNCC1=CC=C(C2=C(C=CC=C2S(=O)(=O)N3CCCC3)O)C=C1,CC(C)CNC(=O)c1ccc(-c2ccccc2S(=O)(=O)N2CCCC2)cc1|CC(C)CNCc1ccc(-c2ccccc2S(=O)(=O)N2CCC(O)C2)cc1|CC(CO)CNCc1ccc(-c2ccccc2S(=O)(=O)N2CCCC2)cc1|CC(C)CNCc1ccc(-c2ccccc2S(=O)(=O)N2CCCC2O)cc1|NCc1ccc(-c2ccccc2S(=O)(=O)N2CCCC2)cc1|CC(C)(O)CNCc1ccc(-c2ccccc2S(=O)(=O)N2CCCC2)cc1
COc1ccc(S(=O)(=O)N2Cc3[nH]c4ccccc4c3CC2C(N)=O)cc1,COC1=CC=C(S(=O)(=O)N2C(C=3NC4=CC=CC=C4C3CC2C(N)=O)O)C=C1|COC1=CC=C(S(=O)(=O)N2CC=3NC4=C(C=CC=C4C3CC2C(N)=O)O)C=C1|O=C|COC1=CC=C(S(=O)(=O)N2CC=3NC4=CC=CC=C4C3C(C2C(N)=O)O)C=C1|COC1=CC=C(S(=O)(=O)N2CC=3NC4=CC(=CC=C4C3CC2C(N)=O)O)C=C1|COC1=CC=C(S(=O)(=O)N2CC=3NC4=CC=CC=C4C3CC2C(NC5C(C(O)C(C(O5)C(O)=O)O)O)=O)C=C1|COC1=CC=C(S(=O)(=O)N2CC=3NC4=CC=CC(=C4C3CC2C(N)=O)O)C=C1|COC1=CC=C(S(=O)(=O)N2CC=3NC4=CC=C(C=C4C3CC2C(N)=O)O)C=C1|COC1=CC=C(S(=O)(=O)N2CC=3NC4=CC=CC=C4C3CC2C(N)=O)C(=C1)O|OC1=CC=C(S(=O)(=O)N2CC=3NC4=CC=CC=C4C3CC2C(N)=O)C=C1,COc1ccc(S(=O)(=O)N2Cc3[nH]c4ccccc4c3C=C2C(N)=O)cc1|COc1ccc(S(=O)(=O)N2Cc3[nH]c4ccccc4c3CC2C(N)=O)cc1O|NC(=O)C1Cc2c([nH]c3ccccc23)CN1S(=O)(=O)c1ccc(O)cc1
Cc1cc(N2CCN([C@H]3CN[C@H](C(=O)N4CCSC4)C3)CC2)n(-c2ccccc2)n1,CC=1C=C(N2CCN([C@H]3C(N[C@H](C(=O)N4CCSC4)C3)O)CC2)N(C5=CC=CC=C5)N1|CC=1C=C(N2CC(N([C@H]3CN[C@H](C(=O)N4CCSC4)C3)CC2)O)N(C5=CC=CC=C5)N1|C=1(C=C(N2CCN(C3CNC(C(=O)N4CCSC4)C3)CC2)N(C5=CC=CC=C5)N1)CO|CC=1C=C(N2CCN([C@H]3CN[C@H](C(=O)N4CCS(C4)=O)C3)CC2)N(C5=CC=CC=C5)N1|CC=1C=C(N2CCN(C3(CN[C@H](C(=O)N4CCSC4)C3)O)CC2)N(C5=CC=CC=C5)N1|C(C=1C=C(N2CCN([C@H]3CN[C@H](C(=O)N4CCSC4)C3)CC2)N(C5=CC=CC=C5)N1)O|CC=1C=C(N2CCN([C@H]3CN[C@H](C(=O)N4C(CSC4)O)C3)CC2)N(C5=CC=CC=C5)N1|CC=1C=C(N2C(CN([C@H]3CN[C@H](C(=O)N4CCSC4)C3)CC2)O)N(C5=CC=CC=C5)N1|CC=1C=C(NCCN(CC=O)[C@H]2CN[C@H](C(=O)N3CCSC3)C2)N(C4=CC=CC=C4)N1|C1(CN[C@H](C(=O)N2CCSC2)C1)=O|CC=1C=C(N2CC[N+]([C@H]3CN[C@H](C(=O)N4CCSC4)C3)(CC2)[O-])N(C5=CC=CC=C5)N1|CC=1C=C(N2CCN([C@H]3CN[C@H](C(=O)N4CC(SC4)O)C3)CC2)N(C5=CC=CC=C5)N1|CC=1C=C(N2CCN([C@H]3CN[C@H](C(=O)N4CCSC4)C3O)CC2)N(C5=CC=CC=C5)N1|CC=1C=C(N2CCN(C3CNC(C(=O)N4CCSC4)C3)CC2)N(C5=CC=C(C=C5)O)N1|CC=1C=C(N2CCNCC2)N(C3=CC=CC=C3)N1,Cc1cc(N2CCN([C@H]3CN[C@H](C(=O)N4CCS(=O)C4)C3)CC2)n(-c2ccccc2)n1|Cc1cc(N2CCN([C@H]3CN[C@H](C(=O)O)C3)CC2)n(-c2ccccc2)n1|O=C([C@@H]1C[C@@H](N2CCN(c3cc(CO)nn3-c3ccccc3)CC2)CN1)N1CCSC1
CC1(C)CCC(CN2CCN(c3ccc(C(=O)NS(=O)(=O)c4ccc(NCC5CCOCC5)c([N+](=O)[O-])c4)c(Oc4cnc5[nH]ccc5c4)c3)CC2)=C(c2ccc(Cl)cc2)C1,CC1(CCC(=C(C1)C2=C(C=C(C=C2)Cl)O)CN3CCN(CC3)C4=CC=C(C(=C4)OC=5C=C6C=CNC6=NC5)C(=O)NS(=O)(=O)C7=CC=C(C(=C7)[N+](=O)[O-])NCC8CCOCC8)C|CC1(CCC(=C(C1)C2=CC=C(C=C2)Cl)C(N3CCN(CC3)C4=CC=C(C(=C4)OC=5C=C6C=CNC6=NC5)C(=O)NS(=O)(=O)C7=CC=C(C(=C7)[N+](=O)[O-])NCC8CCOCC8)O)C|CC1(CCC(=C(C1)C2=CC=C(C=C2)Cl)CN3CCN(CC3)C4=CC=C(C(=C4)OC=5C=C6C=CNC6=NC5)C(=O)NS(=O)(=O)C7=CC=C(C(=C7)NO)NCC8CCOCC8)C|CC1(CCC(=C(C1)C2=CC=C(C=C2)Cl)C=O)C|CC1(CCC(=C(C1)C2=CC=C(C=C2)Cl)CN3CC[N+](CC3)(C4=CC=C(C(=C4)OC=5C=C6C=CNC6=NC5)C(=O)NS(=O)(=O)C7=CC=C(C(=C7)[N+](=O)[O-])NCC8CCOCC8)[O-])C|CC1(CCC(=C(C1)C2=CC=C(C=C2)Cl)CN3CCN(CC3)C4=CC=C(C(=C4)OC=5C=C6C=CNC6=NC5)C(=O)NS(=O)(=O)C7=CC=C(C(=C7)[N+](=O)[O-])N)C|CC1(CCC(=C(C1)C2=CC(=C(C=C2)Cl)O)CN3CCN(CC3)C4=CC=C(C(=C4)OC=5C=C6C=CNC6=NC5)C(=O)NS(=O)(=O)C7=CC=C(C(=C7)[N+](=O)[O-])NCC8CCOCC8)C|CC1(CCC(=C(C1)C2=CC=C(C=C2)Cl)CN3CCN(CC3)C4=CC=C(C(=C4)OC=5C=C6C=CNC6=NC5)C(=O)NS(=O)(=O)C7=CC=C(C(=C7)N)NCC8CCOCC8)C|CC1(CCC2(C(C1)(C3=CC=C(C=C3)Cl)O2)CN4CCN(CC4)C5=CC=C(C(=C5)OC=6C=C7C=CNC7=NC6)C(=O)NS(=O)(=O)C8=CC=C(C(=C8)[N+](=O)[O-])NCC9CCOCC9)C|CC1(CCC(=C(C1)C2=CC=C(C=C2)Cl)CN3CC(N(CC3)C4=CC=C(C(=C4)OC=5C=C6C=CNC6=NC5)C(=O)NS(=O)(=O)C7=CC=C(C(=C7)[N+](=O)[O-])NCC8CCOCC8)O)C|CC1(CCC(=C(C1)C2=CC=C(C=C2)Cl)CN3CCN(CC3)C4=CC=C(C(=C4)OC=5C=C6C=CNC6=NC5)C(=O)NS(=O)(=O)C7=CC=C(C(=C7)N=O)NCC8CCOCC8)C|CC1(CCC(=C(C1)C2=CC=C(C=C2)Cl)C[N+]3(CCN(CC3)C4=CC=C(C(=C4)OC=5C=C6C=CNC6=NC5)C(=O)NS(=O)(=O)C7=CC=C(C(=C7)[N+](=O)[O-])NCC8CCOCC8)[O-])C|CC1(CCC(=C(C1)C2=CC=C(C=C2)Cl)CN3CCN(CC3)C4=CC=C(C(=C4)OC=5C=C6C=CNC6=NC5)C(=O)NS(=O)(=O)C7=CC=C(C(=C7)[N+](=O)[O-])NCC8C(COCC8)O)C|CC1(CCC(=C(C1)C2=CC=C(C=C2)Cl)CN3CCN(CC3)C4=CC=C(C(=C4)OC=5C=C6C=CNC6=NC5)C(=O)NS(=O)(=O)C7=CC=C(C(=C7)[N+](=O)[O-])NCC8CC(OCC8)O)C|CC1(CCC(=C(C1)C2=CC=C(C=C2)Cl)CN3CCN(CC3)C4=CC=C(C(=C4)OC=5C=C6C=CNC6=NC5)C(=O)[NH](S(=O)(=O)C7=CC=C(C(=C7)[N+](=O)[O-])NCC8CCOCC8)C9OC(C(O)C(O)C9O)C(O)=O)C|CC1(CCC(=C(C1)C2=CC=C(C=C2)Cl)CN3C(CN(CC3)C4=CC=C(C(=C4)OC=5C=C6C=CNC6=NC5)C(=O)NS(=O)(=O)C7=CC=C(C(=C7)[N+](=O)[O-])NCC8CCOCC8)O)C|N1CCN(CC1)C2=CC=C(C(=C2)OC=3C=C4C=CNC4=NC3)C(=O)NS(=O)(=O)C5=CC=C(C(=C5)[N+](=O)[O-])NCC6CCOCC6|CC1(CCC(=C(C1)C2=CC=C(C=C2)Cl)CN(CC=O)CCNC3=CC=C(C(=C3)OC=4C=C5C=CNC5=NC4)C(=O)NS(=O)(=O)C6=CC=C(C(=C6)[N+](=O)[O-])NCC7CCOCC7)C|C(C1CCOCC1)=O|C(C1(CCC(=C(C1)C2=CC=C(C=C2)Cl)CN3CCN(CC3)C4=CC=C(C(=C4)OC=5C=C6C=CNC6=NC5)C(=O)NS(=O)(=O)C7=CC=C(C(=C7)[N+](=O)[O-])NCC8CCOCC8)C)O,CC1(C)CC(c2ccc(Cl)cc2)=C(CN2CCN(c3ccc(C(=O)NS(=O)(=O)c4ccc(NCC5CCOCC5)c([N+](=O)[O-])c4)c(Oc4cnc5[nH]ccc5c4)c3)CC2)C(O)C1|CC1(C)CCC(CN2CCN(c3ccc(C(=O)NS(=O)(=O)c4ccc(NCC5CCOCC5)c([N+](=O)[O-])c4)c(Oc4cnc5[nH]ccc5c4)c3)CC2)=C(c2ccc(Cl)cc2)C1O|CC1(C)CCC(CN2CCN(c3ccc(C(=O)NS(=O)(=O)c4ccc(NCC5CCOCC5)c([N+](=O)[O-])c4)c(Oc4cnc5[nH]ccc5c4)c3)C(=O)C2)=C(c2ccc(Cl)cc2)C1|CC1(CO)CCC(CN2CCN(c3ccc(C(=O)NS(=O)(=O)c4ccc(NCC5CCOCC5)c([N+](=O)[O-])c4)c(Oc4cnc5[nH]ccc5c4)c3)CC2)=C(c2ccc(Cl)cc2)C1|CC1(C)CCC(C[N+]2([O-])CCN(c3ccc(C(=O)NS(=O)(=O)c4ccc(NCC5CCOCC5)c([N+](=O)[O-])c4)c(Oc4cnc5[nH]ccc5c4)c3)CC2)=C(c2ccc(Cl)cc2)C1
CCOC(=O)Nc1ccc2c(c1)N(C(=O)CN(CC)CC)c1ccccc1CC2,CCOC(=O)NC1=CC=C2C(=C1)N(C(=O)C[N+](CC)(CC)[O-])C3=CC=CC=C3CC2|CCOC(=O)NC1=CC=C2C(=C1)N(C(=O)CN(CC)CC)C3=C(C=CC=C3CC2)O|CCOC(=O)NC1=CC=C2C(=C1)N(C(=O)C[N+](CC)(CC)C3OC(C(O)=O)C(C(C3O)O)O)C4=CC=CC=C4CC2|CCOC(=O)NC1=CC=C2C(=C1)N(C(=O)CN(CC)CCO)C3=CC=CC=C3CC2|CCOC(=O)NC1=CC=C2C(=C1)N(C(=O)C(N(CC)CC)O)C3=CC=CC=C3CC2|C(COC(=O)NC1=CC=C2C(=C1)N(C(=O)CN(CC)CC)C3=CC=CC=C3CC2)O|CCOC(=O)NC1=CC(=C2C(=C1)N(C(=O)CN(CC)CC)C3=CC=CC=C3CC2)O|CC=O|CCOC(=O)NC1=CC=C2C(=C1)N(C(=O)CNCC)C3=CC=CC=C3CC2|CCOC(=O)NC1=CC=C2C(=C1)N(C(=O)CN(CC)C(C)O)C3=CC=CC=C3CC2|CCOC(=O)NC1=C(C=C2C(=C1)N(C(=O)CN(CC)CC)C3=CC=CC=C3CC2)O|CCOC(=O)NC1=CC=C2C(=C1)N(C(=O)CN(CC)CC)C3=CC=C(C=C3CC2)O|CCOC(=O)NC1=CC=C2C(=C1O)N(C(=O)CN(CC)CC)C3=CC=CC=C3CC2|CCNCC|CCOC(=O)NC1=CC=C2C(=C1)N(C(=O)CN(CC)CC)C3=CC=CC(=C3CC2)O|CCOC(=O)NC1=CC=C2C(=C1)N(C(=O)C=O)C3=CC=CC=C3CC2|CCOC(=O)NC1=CC=C2C(=C1)N(C(=O)CN(CC)CC)C3=CC(=CC=C3CC2)O,CCNCC(=O)N1c2ccccc2CCc2ccc(NC(=O)OCC)cc21
C[C@H](NC(C)(C)C)C(=O)c1cccc(Cl)c1,NC(C)(C)C|C([C@H](NC(C)(C)C)C(=O)C1=CC=CC(Cl)=C1)O|C(C(NC(C)(C)C)C(=O)C1=CC(Cl)=CC=C1)O|C[C@H](NC(C)(C)C)C(O)C1=CC=CC(Cl)=C1|C[C@H](NC(C)(C)C)C(=O)C1=C(C=CC(Cl)=C1)O|C[C@H](NC(C)(C)CO)C(=O)C1=CC=CC(Cl)=C1|C[C@H](NC(C)(C)C)C(=O)C1=CC=C(C(Cl)=C1)O|C[C@H](NC(C)(C)C)C(=O)C1=CC(=CC(Cl)=C1)O|CC(NC(C)(C)C)C(=O)C1=CC(Cl)=CC(=C1)O|C=C(NC(C)(C)C)C(=O)C1=CC(Cl)=CC=C1|CC(NC(C)(C)C)C(=O)C1=CC(Cl)=C(C=C1)O|C[C@H](NC(C)(C)C)C(=O)C1=CC=CC(Cl)=C1O|CC(NC(C)(C)CO)C(=O)C1=CC(Cl)=CC=C1|CC(C(=O)C1=CC(Cl)=CC=C1)=O,C[C@@H](NC(C)(C)C)C(=O)c1cc(O)cc(Cl)c1|C[C@@H]1NC(C)(C)CO[C@]1(O)c1cccc(Cl)c1|CC(NC(C)(C)CO)C(=O)c1cccc(Cl)c1|CC(C)(C)N[C@H](CO)C(=O)c1cccc(Cl)c1|C[C@@H](NC(C)(C)CO)C(=O)c1cccc(Cl)c1|C[C@H](NC(C)(C)C)C(=O)c1ccc(O)c(Cl)c1
CN(C)CCCN1c2ccccc2CCc2ccccc21,CNCCCN1C2=CC=CC=C2CCC3=CC=CC=C31|C[N+](C)(CCCN1C2=CC=CC=C2CCC3=CC=CC=C31)C4OC(C(O)=O)C(C(C4O)O)O|C(CCN1C2=CC=CC=C2CCC3=CC=CC=C31)=O|CNC|CN(C)CCCN1C2=CC=CC=C2CCC3=C(C=CC=C31)O|CN(C)CCCN1C2=CC(=CC=C2CCC3=CC=CC=C31)O|O=C|N1C2=CC=CC=C2CCC3=CC=CC=C31|CN(C)CC(CN1C2=CC=CC=C2CCC3=CC=CC=C31)O|C[N+](C)(CCCN1C2=CC=CC=C2CCC3=CC=CC=C31)[O-]|CN(C)CCCN1C2=CC=CC=C2CCC3=CC(O)=CC=C31|CN(C)C(CCN1C2=CC=CC=C2CCC3=CC=CC=C31)O|C(CCN(C)C)=O|CN(C)CCCN1C2=CC=CC=C2CCC3=CC=CC(=C31)O|CN(C)CCC(N1C2=CC=CC=C2CCC3=CC=CC=C31)O,CNCCCN1c2ccccc2CCc2ccccc21|C[N+](C)(CCCN1c2ccccc2CCc2ccccc21)C1OC(C(=O)O)C(O)C(O)C1O|CN(C)CCCN1c2ccccc2CCc2cc(O)ccc21|NCCCN1c2ccccc2CCc2ccccc21|CNCCCN1c2ccccc2CC(O)c2ccccc21|C[N+](C)([O-])CCCN1c2ccccc2CCc2ccccc21|CN(C)CCCN1c2ccccc2CC(O)c2ccccc21|NCCCN1c2ccccc2CCc2cc(O)ccc21|c1ccc2c(c1)CCc1ccccc1N2
CS(=O)(=O)CCNCc1ccc(-c2ccc3ncnc(Nc4ccc(OCc5cccc(F)c5)c(Cl)c4)c3c2)o1,C(C1=CC(F)=CC=C1)=O|CS(=O)(=O)CCNCC1=CC=C(O1)C2=CC3=C(C=C2)N=CN=C3NC4=CC(=C(C=C4)OCC5=CC(=C(C=C5)O)F)Cl|CS(=O)(=O)CCNCC1=CC=C(O1)C2=CC3=C(C=C2)N=CN=C3NC4=CC(=C(C=C4)OCC5=CC(=CC(=C5)O)F)Cl|CS(=O)(=O)CCNCC1=CC=C(O1)C2=CC3=C(C=C2)N=CN=C3NC4=CC(=C(C(=C4)O)OCC5=CC(=CC=C5)F)Cl|CS(=O)(=O)CCN|CS(=O)(=O)CCNCC1=CC=C(O1)C2=CC3=C(C(=C2)O)N=CN=C3NC4=CC(=C(C=C4)OCC5=CC(=CC=C5)F)Cl|NCC1=CC=C(O1)C2=CC3=C(C=C2)N=CN=C3NC4=CC(=C(C=C4)OCC5=CC(=CC=C5)F)Cl|CS(=O)(=O)CCNC(C1=CC=C(O1)C2=CC3=C(C=C2)N=CN=C3NC4=CC(=C(C=C4)OCC5=CC(=CC=C5)F)Cl)O|CS(=O)(=O)CCNCC1=CC=C(O1)C2=C(C3=C(C=C2)N=CN=C3NC4=CC(=C(C=C4)OCC5=CC(=CC=C5)F)Cl)O|S(=O)(=O)(CCNCC1=CC=C(O1)C2=CC3=C(C=C2)N=CN=C3NC4=CC(=C(C=C4)OCC5=CC(=CC=C5)F)Cl)CO|CS(=O)(=O)CCNCC1=CC=C(O1)C2=CC3=C(C=C2)N=CN=C3NC4=CC(=C(C=C4)O)Cl|CS(=O)(=O)CCNCC1=CC=C(O1)C2=CC3=C(C=C2)N=CN=C3NC4=CC(=C(C=C4O)OCC5=CC(=CC=C5)F)Cl|CS(=O)(=O)CCNCC1=CC=C(O1)C2=CC3=C(C=C2)N=CN=C3NC4=C(C(=C(C=C4)OCC5=CC(=CC=C5)F)Cl)O|CS(=O)(=O)CCNCC1=CC=C(O1)C2=CC3=C(C=C2O)N=CN=C3NC4=CC(=C(C=C4)OCC5=CC(=CC=C5)F)Cl|CS(=O)(=O)CC=O|CS(=O)(=O)CCNCC1=CC=C(O1)C2=CC3=C(C=C2)N=CN=C3NC4=CC(=C(C=C4)OCC5=C(C(=CC=C5)F)O)Cl|CS(=O)(=O)CCNCC1=CC=C(O1)C2=CC3=C(C=C2)N=CN=C3NC4=CC(=C(C=C4)OCC5=CC(=CC=C5O)F)Cl|C(C1=CC=C(O1)C2=CC3=C(C=C2)N=CN=C3NC4=CC(=C(C=C4)OCC5=CC(=CC=C5)F)Cl)=O|CS(=O)(=O)CCNCC1=CC=C(O1)C2=CC3=C(C=C2)N=CN=C3NC4=CC(=C(C=C4)OC(C5=CC(=CC=C5)F)O)Cl|CS(=O)(=O)CCNCC1=CC=C(O1)C2=CC3=C(C=C2)NC(N=C3NC4=CC(=C(C=C4)OCC5=CC(=CC=C5)F)Cl)=O,CS(=O)(=O)CCN(O)Cc1ccc(-c2ccc3ncnc(Nc4ccc(OCc5cccc(F)c5)c(Cl)c4)c3c2)o1|CS(=O)(=O)CCNCc1ccc(-c2ccc3ncnc(Nc4ccc(O)c(Cl)c4)c3c2)o1|NCc1ccc(-c2ccc3ncnc(Nc4ccc(OCc5cccc(F)c5)c(Cl)c4)c3c2)o1
COc1c(-c2ccc3cc(NS(C)(=O)=O)ccc3c2)cc(-n2ccc(=O)[nH]c2=O)cc1C(C)(C)C,COC1=C(C2=CC=C3C=C([NH](S(C)(=O)=O)C4OC(C(O)C(O)C4O)C(O)=O)C=CC3=C2)C=C(N5C=CC(=O)NC5=O)C=C1C(C)(C)C|COC1=C(C2=CC=C3C=C(NS(C)(=O)=O)C(=CC3=C2)O)C=C(N4C=CC(=O)NC4=O)C=C1C(C)(C)C|COC1=C(C2=CC=C3C=C(NS(C)(=O)=O)C=C(C3=C2)O)C=C(N4C=CC(=O)NC4=O)C=C1C(C)(C)C|COC1=C(C2=CC(=C3C=C(NS(C)(=O)=O)C=CC3=C2)O)C=C(N4C=CC(=O)NC4=O)C=C1C(C)(C)C|O=C|OC1=C(C2=CC=C3C=C(NS(C)(=O)=O)C=CC3=C2)C=C(N4C=CC(=O)NC4=O)C=C1C(C)(C)C|COC1=C(C2=CC=C3C=C(NS(C)(=O)=O)C=CC3=C2)C=C(N(C=CC(=O)O)C(N)=O)C=C1C(C)(C)C|COC1=C(C2=C(C=C3C=C(NS(C)(=O)=O)C=CC3=C2)O)C=C(N4C=CC(=O)NC4=O)C=C1C(C)(C)C|COC1=C(C2=CC=C3C=C(NS(C)(=O)=O)C=CC3=C2)C=C(N4C=CC(=O)NC4=O)C=C1C(C)(C)CO|COC1=C(C2=CC=C3C(=C(NS(C)(=O)=O)C=CC3=C2)O)C=C(N4C=CC(=O)NC4=O)C=C1C(C)(C)C|COC1=C(C2=CC=C3C=C(NS(C)(=O)=O)C=CC3=C2O)C=C(N4C=CC(=O)NC4=O)C=C1C(C)(C)C,COc1c(-c2ccc3cc(NS(C)(=O)=O)ccc3c2)cc(-n2ccc(=O)[nH]c2=O)cc1C(C)(C)CO
CNCC[C@@H](Oc1ccccc1C)c1ccccc1,CC1=CC=CC=C1O|CNCC[C@@H](OC1=CC(=CC=C1C)O)C2=CC=CC=C2|NCC[C@@H](OC1=CC=CC=C1C)C2=CC=CC=C2|CNCC[C@@H](OC1=CC=CC=C1C)C2=CC=C(C=C2)O|CC1=CC=CC=C1OC(CCN)C2=CC=CC=C2|CNCCC(C1=CC=CC=C1)=O|C(C[C@@H](OC1=CC=CC=C1C)C2=CC=CC=C2)=O|O=C|CNCCC(OC1=CC=CC=C1CO)C2=CC=CC=C2|CNCC[C@@H](OC1=CC=CC=C1CO)C2=CC=CC=C2|CNCCC(OC1=CC=C(O)C=C1C)C2=CC=CC=C2|CNCC[C@@H](OC1=CC=CC(=C1C)O)C2=CC=CC=C2|NC|CNCC[C@@H](OC1=CC=CC=C1C)C2=C(C=CC=C2)O|CNCCC(OC1=CC=CC=C1C)(C2=CC=CC=C2)O,CNCC[C@@H](Oc1ccc(O)cc1C)c1ccccc1|Cc1ccccc1O[C@@H](CCN)c1ccccc1|CNCC[C@H](Oc1ccccc1C)c1ccc(O)cc1|CNCC[C@@H](Oc1ccccc1CO)c1ccccc1|Cc1ccccc1O[C@H](CCN)c1ccccc1
C[C@]12C=CC(=O)C(Cl)=C1CC[C@H]1[C@H]2CC[C@]2(C)[C@@H]1CC[C@]2(C)O,C[C@]12C=C(C(=O)C(Cl)=C1CC[C@H]3[C@H]2CC[C@]4(C)[C@@H]3CC[C@]4(C)O)O|C[C@]12C=CC(=O)C(Cl)=C1CC[C@H]3[C@H]2C(C[C@]4(C)[C@@H]3CC[C@]4(C)O)O|C[C@]12CCC(=O)C(Cl)=C1CC[C@H]3[C@H]2CC[C@]4(C)[C@@H]3CC[C@]4(C)O|C[C@]12C=CC(=O)C(Cl)=C1CC[C@H]3[C@H]2CC[C@]4(C)[C@@H]3CC([C@]4(C)O)O|C([C@]12C=CC(=O)C(Cl)=C1CC[C@H]3[C@H]2CC[C@]4(C)[C@@H]3CC[C@]4(C)O)O|C[C@]12C=CC(=O)C(Cl)=C1CC[C@H]3[C@H]2CC[C@]4(C)[C@@H]3CC[C@]4(CO)O|C[C@]12C=CC(O)C(Cl)=C1CC[C@H]3[C@H]2CC[C@]4(C)[C@@H]3CC[C@]4(C)O|CC12CCC3C(CC(C4=C(Cl)C(C=CC34C)=O)O)C1CCC2(O)C|C[C@]12C=CC(=O)C(Cl)=C1C(C[C@H]3[C@H]2CC[C@]4(C)[C@@H]3CC[C@]4(C)O)O|C[C@]12C=CC(=O)C(Cl)=C1CC[C@H]3[C@H]2CC[C@]4(C)[C@@H]3CC[C@]4(C)OC5OC(C(C(C5O)O)O)C(O)=O|C[C@]12C=CC(=O)C(Cl)=C1CC[C@H]3[C@H]2CC[C@]4(CO)[C@@H]3CC[C@]4(C)O|C[C@]12C3C(C(=O)C(Cl)=C1CC[C@H]4[C@H]2CC[C@]5(C)[C@@H]4CC[C@]5(C)O)O3,C[C@]1(O)CC[C@@H]2[C@H]3CCC4=C(Cl)C(=O)C=C[C@]4(C)[C@@H]3[C@@H](O)C[C@]21C
CNC(=O)c1ccccc1Sc1ccc2c(/C=C/c3ccccn3)n[nH]c2c1,CNC(=O)C1=CC=CC=C1SC2=CC3=C(C=C2O)C(=NN3)/C=C/C4=CC=CC=N4|CNC(=O)C1=CC=CC=C1[S+](C2=CC3=C(C=C2)C(=NN3)/C=C/C4=CC=CC=N4)C|CNC(=O)C1=CC=CC=C1SC2=CC3=C(C(=C2)O)C(=NN3)/C=C/C4=CC=CC=N4|CNC(=O)C1=C(C=CC=C1SC2=CC3=C(C=C2)C(=NN3)/C=C/C4=CC=CC=N4)O|CNC(=O)C1=CC=CC=C1S(C2=CC3=C(C=C2)C(=NN3)C=CC4=CC=CC=N4)=O|CNC(=O)C1=CC=CC=C1SC2=CC3=C(C=C2)C(=NN3)C=CC4=CC=C(C=N4)O|O=C|C(=O)(C1=CC=CC=C1SC2=CC3=C(C=C2)C(=NN3)C=CC4=CC=CC=N4)N|CNC(=O)C1=CC=CC=C1S(C2=CC3=C(C=C2)C(=NN3)/C=C/C4=CC=CC=N4)=O|CNC(=O)C1=CC=CC=C1SC2=CC3=C(C=C2)C(=NN3)/C=C/C4=CC=CC=[N+]4[O-]|CNC(=O)C1=CC=CC=C1SC2=CC3=C(C=C2)C(=NN3C4C(C(O)C(C(O4)C(O)=O)O)O)/C=C/C5=CC=CC=N5|CNC(=O)C1=CC=C(C=C1SC2=CC3=C(C=C2)C(=NN3)/C=C/C4=CC=CC=N4)O|CNC(=O)C1=CC=CC=C1SC2=CC3=C(C=C2)C(=NN3)C4C(C5=CC=CC=N5)O4,O=C(NCO)c1ccccc1Sc1ccc2c(/C=C/c3ccccn3)n[nH]c2c1|CNC(=O)c1ccccc1Sc1ccc2c(C3OC3c3ccccn3)n[nH]c2c1|CNC(=O)c1ccccc1Sc1ccc2c(/C=C/c3cccc[n+]3[O-])n[nH]c2c1|CNC(=O)c1ccccc1S(=O)c1ccc2c(/C=C/c3ccccn3)n[nH]c2c1
COc1ccccc1Oc1c(NS(=O)(=O)c2ccc(C(C)(C)C)cc2)nc(-c2ncccn2)nc1OCCO,COC1=CC=CC=C1OC2=C(NS(=O)(=O)C3=CC=C(C(C)(C)C)C=C3)N=C(C4=[NH]C(=CC=N4)=O)N=C2OCCO|COC1=CC=CC=C1OC2=C([NH](S(=O)(=O)C3=CC=C(C(C)(C)C)C=C3)C4OC(C(O)C(O)C4O)C(O)=O)N=C(C5=NC=CC=N5)N=C2OCCO|CC(C)(C)C1=CC=C(S(=O)(=O)NC2=NC(C3=NC=CC=N3)=NC(OCCO)=C2OC4=CC=CC=C4O)C=C1|COC1=CC=CC=C1OC2=C(NS(=O)(=O)C3=CC=C(C(C)(C)C)C=C3)N=C(C4=NC=CC=[N+]4[O-])N=C2OCCO|COC1=CC=CC=C1OC2=C(NS(=O)(=O)C3=CC=C(C(C)(C)C)C=C3)N=C(C4=NC=CC=N4)[N+](=C2OCCO)[O-]|COC1=CC=CC=C1OC2=C(NS(=O)(=O)C3=CC=C(C(C)(C)C)C=C3)N=C(C4=NC=CC=N4)N=C2OCCOS(O)(=O)=O|COC1=CC=CC=C1OC2=C(NS(=O)(=O)C3=CC=C(C(C)(C)C)C=C3)N=C(C4=NC=CC=N4)N=C2OCC=O|O=C|COC1=CC=CC=C1OC2=C(NS(=O)(=O)C3=CC=C(C(C)(C)C)C=C3)N=C(C4=NC=CC=N4)N=C2O|COC1=CC=CC=C1OC2=C(NS(=O)(=O)C3=CC=C(C(C)(C)C)C=C3)N=C(C4=NC=CC=N4)N=C2OCCOC5OC(C(O)=O)C(C(C5O)O)O|COC1=CC=CC=C1OC2=C(NS(=O)(=O)C3=CC=C(C(C)(C)C)C=C3)N=C(C4=NC=C(C=N4)O)N=C2OCCO|COC1=CC=CC=C1OC2=C(NS(=O)(=O)C3=CC(=C(C(C)(C)C)C=C3)O)N=C(C4=NC=CC=N4)N=C2OCCO|COC1=CC=CC=C1OC2=C(NS(=O)(=O)C3=CC=C(C(C)(C)CO)C=C3)N=C(C4=NC=CC=N4)N=C2OCCO|COC1=CC(=CC=C1OC2=C(NS(=O)(=O)C3=CC=C(C(C)(C)C)C=C3)N=C(C4=NC=CC=N4)N=C2OCCO)O|COC1=CC=CC=C1OC2=C(NS(=O)(=O)C3=CC=C(C(C)(C)C)C=C3)N=C(C4=NC=CC(N4)=O)N=C2OCCO|C(C=O)O|COC1=CC=C(C=C1OC2=C(NS(=O)(=O)C3=CC=C(C(C)(C)C)C=C3)N=C(C4=NC=CC=N4)N=C2OCCO)O,COc1ccccc1Oc1c(NS(=O)(=O)c2ccc(C(C)(C)CO)cc2)nc(-c2ncccn2)nc1OCCO|CC(C)(C)c1ccc(S(=O)(=O)Nc2nc(-c3ncccn3)nc(OCCO)c2Oc2ccccc2O)cc1
O=C(NOCCO)c1ccc2cncn2c1Nc1ccc(I)cc1F,O=C(NOCCO)C=1C=CC2=CN=CN2C1NC3=C(C=C(I)C=C3F)O|O=C(NOCCOC1OC(C(O)=O)C(C(C1O)O)O)C=2C=CC3=CN=CN3C2NC4=CC=C(I)C=C4F|O=C(NOCCO)C=1C=CC2=CN=CN2C1NC3=CC(=C(I)C=C3F)O|O=C(NOCC=O)C=1C=CC2=CN=CN2C1NC3=CC=C(I)C=C3F|O=C(NOCCO)C=1C=CC2=CN=CN2C1NC3=CC=C(I)C(=C3F)O|O=C(NOCCOS(O)(=O)=O)C=1C=CC2=CN=CN2C1NC3=CC=C(I)C=C3F,NC(=O)c1ccc2cncn2c1Nc1ccc(I)cc1F|O=c1[nH]n(-c2ccc(I)cc2F)c2c1ccc1cncn12
CC(C)(O)c1ccccc1CC[C@@H](SCC1(CC(=O)O)CC1)c1cccc(/C=C/c2ccc3ccc(Cl)cc3n2)c1,CC(C)(O)C1=CC=CC=C1C(CC(SCC2(CC(=O)O)CC2)C3=CC=CC(C=CC4=CC=C5C=CC(Cl)=CC5=N4)=C3)O|CC(C)(O)C1=CC(=CC=C1CC[C@@H](SCC2(CC(=O)O)CC2)C3=CC=CC(/C=C/C4=CC=C5C=CC(Cl)=CC5=N4)=C3)O|CC(C)(O)C1=CC=CC=C1CC[C@@H](SCC2(CC(=O)O)CC2)C3=CC=CC(/C=C/C4=CC=C5C=CC(Cl)=C(C5=N4)O)=C3|CC(C)(O)C1=CC=CC=C1CC[C@@H](SCC2(CC(=O)OC3OC(C(O)C(O)C3O)C(O)=O)CC2)C4=CC=CC(/C=C/C5=CC=C6C=CC(Cl)=CC6=N5)=C4|CC(C)(O)C1=CC=CC=C1CC[C@@H](SCC2(CC(=O)O)CC2)C3=CC=CC(/C=C/C4=CC=C5C=CC(Cl)=CC5=N4)=C3O|CC(C)(O)C1=CC=CC=C1C(C[C@@H](SCC2(CC(=O)O)CC2)C3=CC=CC(/C=C/C4=CC=C5C=CC(Cl)=CC5=N4)=C3)O|C(C)(O)(C1=CC=CC=C1CCC(SCC2(CC(=O)O)CC2)C3=CC=CC(C=CC4=CC=C5C=CC(Cl)=CC5=N4)=C3)CO|CC(C)(O)C1=CC=CC=C1CC[C@@H](SCC2(CC(=O)O)CC2)C3=CC=CC(/C=C/C4=CC=C5C(=CC(Cl)=CC5=N4)O)=C3|CC(C)(O)C1=CC=CC=C1CC[C@@H](SCC2(CC(=O)O)CC2)C3=CC=C(C(/C=C/C4=CC=C5C=CC(Cl)=CC5=N4)=C3)O|CC(C)(O)C1=CC=CC=C1CC[C@@H](SCC2(C(C(=O)O)O)CC2)C3=CC=CC(/C=C/C4=CC=C5C=CC(Cl)=CC5=N4)=C3|CC(C)(O)C1=CC=CC=C1CC[C@@H](SCC2(CC(=O)O)CC2)C3=C(C=CC(/C=C/C4=CC=C5C=CC(Cl)=CC5=N4)=C3)O|CC(C)(O)C1=CC=CC=C1CC[C@@H](S(CC2(CC(=O)O)CC2)=O)C3=CC=CC(/C=C/C4=CC=C5C=CC(Cl)=CC5=N4)=C3|CC(C)(O)C1=CC=C(C=C1CC[C@@H](SCC2(CC(=O)O)CC2)C3=CC=CC(/C=C/C4=CC=C5C=CC(Cl)=CC5=N4)=C3)O|CC(C)(O)C1=C(C=CC=C1CC[C@@H](SCC2(CC(=O)O)CC2)C3=CC=CC(/C=C/C4=CC=C5C=CC(Cl)=CC5=N4)=C3)O|CC(C)(O)C1=CC=CC(=C1CC[C@@H](SCC2(CC(=O)O)CC2)C3=CC=CC(/C=C/C4=CC=C5C=CC(Cl)=CC5=N4)=C3)O|CC(C)(O)C1=CC=CC=C1CC[C@@H](SCC2(CC(=O)O)CC2)C3=CC=CC(C4C(C5=CC=C6C=CC(Cl)=CC6=N5)O4)=C3|CC(C)(O)C1=CC=CC=C1CCC(SCC2(CC(=O)O)CC2)(C3=CC=CC(C=CC4=CC=C5C=CC(Cl)=CC5=N4)=C3)O|CC(C)(O)C1=CC=CC=C1CCC(C2=CC=CC(C=CC3=CC=C4C=CC(Cl)=CC4=N3)=C2)S(CC5(CC(=O)O)CC5)=O|CC(C)(O)C1=CC=CC=C1CC[C@@H](SCC2(CC(=O)OC(C[N+](C)(C)C)CC([O-])=O)CC2)C3=CC=CC(/C=C/C4=CC=C5C=CC(Cl)=CC5=N4)=C3|CC(C)(O)C1=CC=CC=C1CC[C@@H]([S+](CC2(CC(=O)O)CC2)C)C3=CC=CC(/C=C/C4=CC=C5C=CC(Cl)=CC5=N4)=C3|CC(C)(O)C1=CC=CC=C1CC[C@@H](SCC2(CC(=O)O)CC2)C3=CC=CC(/C=C/C4=CC=C5C=C(C(Cl)=CC5=N4)O)=C3|C(C(C)(O)C1=CC=CC=C1CC[C@@H](SCC2(CC(=O)O)CC2)C3=CC=CC(/C=C/C4=CC=C5C=CC(Cl)=CC5=N4)=C3)O|CC(C)(OC1OC(C(O)=O)C(C(C1O)O)O)C2=CC=CC=C2CC[C@@H](SCC3(CC(=O)O)CC3)C4=CC=CC(/C=C/C5=CC=C6C=CC(Cl)=CC6=N5)=C4|CC(C)(O)C1=CC=CC=C1CC[C@@H](SCC2(CC2)C(=O)O)C3=CC=CC(/C=C/C4=CC=C5C=CC(Cl)=CC5=N4)=C3|CC(C)(O)C1=CC=CC=C1CC[C@@H](SCC2(CC(=O)NCC(O)=O)CC2)C3=CC=CC(/C=C/C4=CC=C5C=CC(Cl)=CC5=N4)=C3,CC(C)(O)c1cc(O)ccc1CC[C@@H](SCC1(CC(=O)O)CC1)c1cccc(/C=C/c2ccc3ccc(Cl)cc3n2)c1|CC(C)(O)c1ccccc1C(O)C[C@@H](SCC1(CC(=O)O)CC1)c1cccc(/C=C/c2ccc3ccc(Cl)cc3n2)c1|CC(C)(O)c1ccccc1CC[C@@H](SCC1(CC(=O)O[C@@H]2OC(C(=O)O)[C@@H](O)[C@H](O)[C@H]2O)CC1)c1cccc(/C=C/c2ccc3ccc(Cl)cc3n2)c1|CC(C)(O)c1ccccc1CC[C@@H](SCC1(CC(=O)OC2OC(C(=O)O)[C@@H](O)[C@H](O)[C@H]2O)CC1)c1cccc(/C=C/c2ccc3ccc(Cl)cc3n2)c1|CC(C)(O)c1ccccc1CC[C@@H](SCC1(CC(=O)OC2O[C@H](C(=O)O)[C@@H](O)[C@H](O)[C@H]2O)CC1)c1cccc(/C=C/c2ccc3ccc(Cl)cc3n2)c1|C[C@@](O)(CO)c1ccccc1CC[C@@H](SCC1(CC(=O)O)CC1)c1cccc(/C=C/c2ccc3ccc(Cl)cc3n2)c1|C[C@](O)(CO)c1ccccc1CC[C@@H](SCC1(CC(=O)O)CC1)c1cccc(/C=C/c2ccc3ccc(Cl)cc3n2)c1|CC(C)(O)c1ccccc1CC[C@H](c1cccc(/C=C/c2ccc3ccc(Cl)cc3n2)c1)S(=O)CC1(CC(=O)O)CC1|CC(C)(O)c1ccccc1[C@@H](O)C[C@@H](SCC1(CC(=O)O)CC1)c1cccc(/C=C/c2ccc3ccc(Cl)cc3n2)c1|CC(C)(O)c1ccccc1CC[C@H](c1cccc(/C=C/c2ccc3ccc(Cl)cc3n2)c1)[S+]([O-])CC1(CC(=O)O)CC1|CC(O)(CO)c1ccccc1CC[C@@H](SCC1(CC(=O)O)CC1)c1cccc(/C=C/c2ccc3ccc(Cl)cc3n2)c1|CC(C)(O)c1ccccc1[C@H](O)C[C@@H](SCC1(CC(=O)O)CC1)c1cccc(/C=C/c2ccc3ccc(Cl)cc3n2)c1
Cc1cc2c(s1)Nc1ccccc1N=C2N1CCN(C)CC1,CC1=CC2=C(S1)NC3=CC=CC=C3N=C2N4CC(N(C)CC4)O|CC1=CC2=C(S1)NC3=CC(=CC=C3N=C2N4CCN(C)CC4)O|CC1=CC2=C(S1)NC3=CC=CC=C3N=C2N4CC[N+](C)(CC4)[O-]|CC1=CC2=C(S1)NC3=CC=C(C=C3N=C2N4CCN(C)CC4)O|O=C|CC1=CC2=C(S1)[NH+](C3=CC=CC=C3N=C2N4CCN(C)CC4)[O-]|CC1=CC2=C(S1)NC3=CC=CC=C3N=C2N4C(CN(C)CC4)O|C(C1=CC2=C(S1)NC3=CC=CC=C3N=C2N4CCN(C)CC4)O|CC1=CC2=C(S1)NC3=CC=CC=C3N=C2N4CCNCC4|CC1=CC2=C([S+]1[O-])NC3=CC=CC=C3N=C2N4CCN(C)CC4,Cc1cc2c(s1)Nc1ccccc1N=C2N1CCNCC1|Cc1cc2c(s1)Nc1ccc(O)cc1N=C2N1CCN(C)CC1|Cc1cc2c(s1)N(C1OC(C(=O)O)C(O)C(O)C1O)c1ccccc1N=C2N1CCN(C)CC1|CN1CCN(C2=Nc3ccccc3Nc3sc(CO)cc32)CC1|Cc1cc2c(s1)Nc1ccccc1N=C2N1CC[N+](C)([O-])CC1
CCC1Oc2ccccc2C1C(=O)c1cc(Br)c(O)c(Br)c1,CCC1OC2=CC=CC=C2C1C(=O)C=3C(C(Br)=C(O)C(Br)C3)SCC(NC(=O)CCC(N)C(O)=O)C(=O)NCC(O)=O|CCC1OC2=CC=CC=C2C1C(O)C3=CC(Br)=C(O)C(Br)=C3|C(CC1OC2=CC=CC=C2C1C(=O)C3=CC(Br)=C(O)C(Br)=C3)O|CCC1OC2=CC(=CC=C2C1C(=O)C3=CC(Br)=C(O)C(Br)=C3)O|C=CC1OC2=CC=CC=C2C1C(=O)C3=CC(Br)=C(O)C(Br)=C3|CCC1OC2=CC=CC=C2C1C(=O)C3=CC(=C(O)C(Br)=C3)SCC(NC(=O)CCC(N)C(O)=O)C(=O)NCC(O)=O|CCC1OC2=CC=C(C=C2C1C(=O)C3=CC(Br)=C(O)C(Br)=C3)O|CC(C1OC2=CC=CC=C2C1C(=O)C3=CC(Br)=C(O)C(Br)=C3)O|CCC1OC2=C(C=CC=C2C1C(=O)C3=CC(Br)=C(O)C(Br)=C3)O|CCC1OC2=CC=CC=C2C1C(=O)C3=C(C(Br)=C(O)C(Br)=C3)O|CCC1OC2=CC=CC=C2C1C(=O)C3=CC(Br)=C(OC4OC(C(O)C(O)C4O)C(O)=O)C(Br)=C3|CCC1OC2=CC=CC(=C2C1C(=O)C3=CC(Br)=C(O)C(Br)=C3)O,Oc1cc(Br)c(O)c(Br)c1|CCC1Oc2cc(O)ccc2C1C(=O)c1cc(Br)c(O)c(Br)c1|CCC1Oc2ccccc2C1C(=O)c1cc(O)c(O)c(Br)c1
COc1cc(Cc2cnc(N)nc2N)cc(OC)c1OC,C1(=CC(CC2=CN=C(N)N=C2N)=CC(OC)=C1OC)O|COC1=CC(CC2=CN=C(NC3OC(C(O)C(O)C3O)C(O)=O)N=C2N)=CC(OC)=C1OC|COC1=CC(CC2=CN=C(N)[N+](=C2N)[O-])=CC(OC)=C1OC|COC1=CC(CC2=CN=C(N=C2N)[NH2+][O-])=CC(OC)=C1OC|COC1=CC(CC2=CN=C(N)N=C2NC3OC(C(O)C(O)C3O)C(O)=O)=CC(OC)=C1OC|COC1=CC(CC2=CN=C(N)N=C2N)=CC(OC)=C1O|COC1=CC(CC2=CN=C(N)N=C2NO)=CC(OC)=C1OC|O=C|COC1=CC(C(C2=CN=C(N)N=C2N)O)=CC(OC)=C1OC|COC1=CC(CC2=C([NH]=C(N)N=C2N)=O)=CC(OC)=C1OC|COC1=CC(CC2=CN=C(NO)N=C2N)=CC(OC)=C1OC,COc1cc(Cc2cnc(N)[n+]([O-])c2N)cc(OC)c1OC|COc1cc(Cc2c[n+]([O-])c(N)nc2N)cc(OC)c1OC|COc1cc(C(O)c2cnc(N)nc2N)cc(OC)c1OC|COc1cc(Cc2cnc(N)nc2N)cc(O)c1OC|COc1cc(Cc2cnc(N)nc2N)cc(OC)c1O
O=P1(NCCCl)OCCCN1CCCl,C1CN(P(=O)(OC1)NCCCl)CCSCC(NC(=O)CCC(N)C(O)=O)C(=O)NCC(O)=O|C1CNP(=O)(OC1)NCCCl|C1CN(P(=O)(OC1)NCCSCC(NC(=O)CCC(N)C(O)=O)C(=O)NCC(O)=O)CCCl|C1CN(P(=O)(OC1)N)CCCl|C1C(N(P(=O)(OC1)NCCCl)CCCl)O|C1CN(P(=O)(OC1)NCC(Cl)O)CCCl|C1CN(P(=O)(OC1)NCCCl)CC(Cl)O|ClCC=O,O=[P@]1(NCCCl)NCCCO1|O=P1(NCCCl)OCCC(S)N1CCCl|O=C(O)CCOP(=O)(NCCCl)NCCCl|N[P@]1(=O)OCCCN1CCCl|O=[P@@]1(NCCCl)OCCCN1CCCl|O=[P@]1(NCCCl)OCCCN1CCCl|O=C1NCCO1|NP1(=O)OCCCN1CCCl|O=[P@@]1(NCCCl)NCCCO1|O=P1(N(CCCl)CCCl)NCCCO1|O=P1(NCCCl)NCCCO1|O=P1(NCCCl)OCCC(O)N1CCCl|O=CCCl|N[P@@]1(=O)OCCCN1CCCl
COc1cc2nccc(Oc3ccc(NC(=O)NC4CC4)c(Cl)c3)c2cc1C(N)=O,COC1=CC2=NC=CC(=C2C=C1C(=O)N)OC3=CC(=C(C=C3O)NC(=O)NC4CC4)Cl|COC1=CC2=NC=CC(=C2C(=C1C(=O)N)O)OC3=CC(=C(C=C3)NC(=O)NC4CC4)Cl|COC1=CC2=NC=CC(=C2C=C1C(=O)N)OC3=C(C(=C(C=C3)NC(=O)NC4CC4)Cl)O|C1(=CC2=NC=CC(=C2C=C1C(=O)N)OC3=CC(=C(C=C3)NC(=O)NC4CC4)Cl)O|COC1=CC2=NC=CC(=C2C=C1C(=O)N)OC3=CC(=C(C(=C3)O)NC(=O)NC4CC4)Cl|O=C|COC1=CC2=NC=CC(=C2C=C1C(=O)N)OC3=CC(=C(C=C3)NC(=O)NC4C(C4)O)Cl,COc1cc2[nH]ccc(=O)c2cc1C(N)=O|NC(=O)c1cc2c(Oc3ccc(NC(=O)NC4CC4)c(Cl)c3)ccnc2cc1O|COc1cc2c(cc1C(N)=O)c(Oc1ccc(NC(=O)NC3CC3)c(Cl)c1)cc[n+]2[O-]
CN1c2ccccc2C(=O)N2CCc3c([nH]c4ccccc34)C21,CN1C2=CC=CC=C2C(=O)N3CC(C4=C(NC5=CC=CC=C45)C31)O|CN1C2=CC=CC=C2C(=O)N3CCC4=C(NC5=CC(=CC=C45)O)C31|CN1C2=CC=C(C=C2C(=O)N3CCC4=C(NC5=CC=CC=C45)C31)O|CN1C2=CC=CC=C2C(=O)N3CCC4=C(NC5=CC=C(C=C45)O)C31|CN1C2=CC=CC=C2C(=O)[N+]3(CCC4=C(NC5=CC=CC=C45)C31)[O-]|CN1C2=CC(=CC=C2C(=O)N3CCC4=C(NC5=CC=CC=C45)C31)O|CN1C2=CC=CC=C2C(=O)N3CCC4=C(NC5=C(C=CC=C45)O)C31|O=C|CN1C2=C(C=CC=C2C(=O)N3CCC4=C(NC5=CC=CC=C45)C31)O|CN1C2=CC=CC(=C2C(=O)N3CCC4=C(NC5=CC=CC=C45)C31)O|CN1C2=CC=CC=C2C(=O)N3CCC4=C(NC5=CC=CC(=C45)O)C31|N1C2=CC=CC=C2C(=O)N3CCC4=C(NC5=CC=CC=C45)C31|CN(C1=CC=CC=C1C(=O)O)C2C3=C(CCN2)C4=CC=CC=C4N3|CN1C2=CC=CC=C2C(=O)N3C(CC4=C(NC5=CC=CC=C45)C31)O|CNC1=CC=CC=C1C(=O)N2CCC3=C(NC4=CC=CC=C34)C2=O,CN1c2ccccc2C(=O)N2CC(O)c3c([nH]c4ccccc34)C21|CN1c2ccccc2C(=O)N2CCc3c([nH]c4ccc(O)cc34)C21
Clc1ccccc1CN1CCc2sccc2C1,O=CC1=CC=CC=C1Cl|ClC1=CC(=CC=C1CN2CCC=3SC=CC3C2)O|ClC1=CC=C(C=C1CN2CCC=3SC=CC3C2)O|ClC1=CC=CC=C1CN2CCC=3[S+](C=CC3C2)[O-]|ClC1=CC=CC(=C1CN2CCC=3SC=CC3C2)O|ClC1=CC=CC=C1C(N2CCC=3SC=CC3C2)O|ClC1=CC=CC=C1CN2CCC=3SC(=CC3C2)O|N1CCC=2SC=CC2C1|ClC1=CC=CC=C1C[N+]2(CCC=3SC=CC3C2)[O-]|ClC1=CC=CC=C1CN2CCC3=[S+][CH-]C4C3(C2)O4|ClC1=CC=CC=C1CN2C(CC=3SC=CC3C2)O|ClC1=CC=CC=C1CN2CC(C=3SC=CC3C2)O|ClC1=CC=CC=C1CN2CCC3SC(C=C3C2)=O|ClC1=CC=CC=C1CN2CCC=3SC4C(C3C2)O4|ClC1=CC=CC=C1CN2CCC=3SC=CC3C2O|ClC1=C(C=CC=C1CN2CCC=3SC=CC3C2)O,OC1CN(Cc2ccccc2Cl)Cc2ccsc21|[O-][S+]1C2=C(CN(Cc3ccccc3Cl)CC2)C2C1CC1=C3CN(Cc4ccccc4Cl)CCC32[S+]1[O-]|Clc1ccccc1CN1C=Cc2sccc2C1|[O-][N+]1(Cc2ccccc2Cl)CCc2sccc2C1|NC(CCC(=O)NC(CSc1cc2c(s1)CCN(Cc1ccccc1Cl)C2)C(=O)NCC(=O)O)C(=O)O|Clc1ccccc1CN1C=C2C=C[S+]=C2CC1|O=S1C=CC2=C1CCN(Cc1ccccc1Cl)C2|[O-][s+]1ccc2c1CCN(Cc1ccccc1Cl)C2|Oc1cc2c(s1)CCN(Cc1ccccc1Cl)C2|O=C1C=C2CN(Cc3ccccc3Cl)CCC2S1|Clc1cc2c(s1)CCN(Cc1ccccc1Cl)C2
CC(=O)Nc1ccc(O)cc1,CC(=O)NC1=C(C=C(O)C=C1)O|CC(=O)O|CC(=O)NC12C(C=C(O)C=C1)O2|CC(=O)N=C1C=CC(=O)C=C1|CC(=O)N(C1=CC=C(O)C=C1)O|CC(=O)NC1=CC=C(O)C(=C1)O|NC1=CC=C(O)C=C1|CC(=O)NC1=CC=C(OC2OC(C(O)C(O)C2O)C(O)=O)C=C1|C(C(=O)NC1=CC=C(O)C=C1)O,CC(=O)Nc1ccc(O[C@@H]2O[C@H](C(=O)O)[C@@H](O)[C@H](O)[C@H]2O)cc1|CC(=O)Nc1ccc(O)c(SCC(NC(=O)CCC(NS(=O)(=O)c2cccc3c(N(C)C)cccc23)C(=O)O)C(=O)NCC(=O)O)c1|CC(=O)Nc1ccc(O)c(SCC(N)C(=O)O)c1|CC(=O)NCC(=O)Oc1ccc(NC(C)=O)cc1|CC(=O)Nc1ccc(OS(=O)(=O)O)cc1|CC(=O)Nc1ccc(O)c(O)c1|CC(=O)N(c1ccc(O)cc1)[C@@H]1OC(C(=O)O)[C@@H](O)[C@H](O)[C@H]1O|CC(=O)Nc1ccc(OC(C)=O)cc1|COc1cc(NC(C)=O)ccc1O|CC(=O)Nc1ccc(O[C@H]2OC(C(=O)O)[C@@H](O)[C@H](O)[C@H]2O)cc1|CC(=O)Nc1ccc(O)cc1SCC(NC(=O)CCC(N)C(=O)O)C(=O)NCC(=O)O|CC(=O)Nc1ccc(O[C@@H]2OC(C(=O)O)[C@@H](O)[C@H](O)[C@H]2O)cc1|CC(=O)Nc1ccc(SCC(N)C(=O)O)cc1|CC(=O)N=C1C=CC(=O)C=C1|CC(=O)Nc1ccc(OC2OC(C(=O)O)[C@@H](O)[C@H](O)[C@H]2O)cc1|CC(=O)Nc1ccc(O)c([N+](=O)[O-])c1|COc1ccc(NC(C)=O)cc1|CC(=O)Nc1ccc(O)c(SCC(NC(C)=O)C(=O)O)c1|Nc1ccc(O)cc1|CSc1cc(NC(C)=O)ccc1O
CN1C(=O)C(O)N=C(c2ccccc2)c2cc(Cl)ccc21,CNC1=C(C(=NC(C(=O)O)O)C2=CC=CC=C2)C=C(C=C1)Cl|CN1C(=O)C(N=C(C2=C1C=CC(=C2O)Cl)C3=CC=CC=C3)O|CN1C(=O)C(N=C(C2=C1C=C(C(=C2)Cl)O)C3=CC=CC=C3)O|CN1C(=O)C(N=C(C2=C1C=CC(=C2)Cl)C3=CC(=CC=C3)O)O|O=C|CN1C(=O)C(N=C(C2=C1C(=CC(=C2)Cl)O)C3=CC=CC=C3)O|CN1C(=O)C(N=C(C2=C1C=CC(=C2)Cl)C3=CC=C(C=C3)O)O|N1C(=O)C(N=C(C2=C1C=CC(=C2)Cl)C3=CC=CC=C3)O|CN1C(=O)C(N=C(C2=C1C=CC(=C2)Cl)C3=C(C=CC=C3)O)O,O=C1Nc2ccc(Cl)cc2C(c2ccccc2)NC1=O|O=C(O)[C@H]1O[C@@H](OC2N=C(c3ccccc3)c3cc(Cl)ccc3N=C2O)[C@H](O)[C@@H](O)[C@@H]1O|CN1C(=O)C(O[C@@H]2OC(C(=O)O)[C@@H](O)[C@H](O)[C@H]2O)N=C(c2ccccc2)c2cc(Cl)ccc21|O=C1N=c2ccc(Cl)cc2=C(c2ccccc2)NC1O[C@@H]1OC(C(=O)O)[C@@H](O)[C@H](O)[C@H]1O|O=C1Nc2ccc(Cl)cc2C(c2ccccc2)=NC1O|CN1C(=O)CN=C(c2ccccc2)c2cc(Cl)ccc21
Nc1nnc(-c2cccc(Cl)c2Cl)c(N)n1,N(C1=NN=C(C2=CC=CC(Cl)=C2Cl)C(N)=N1)O|NC1=NN=C(C2=CC=CC(Cl)=C2Cl)C(NO)=N1|NC1=NN=C(C2=CC=C(C(Cl)=C2Cl)O)C(N)=N1|NC1=NN=C(C2=C(C=CC(Cl)=C2Cl)O)C(N)=N1|N(C1=NN=C(C2=CC=CC(Cl)=C2Cl)C(N)=N1)C3OC(C(O)C(O)C3O)C(O)=O|NC1=NN=C(C2=CC=CC(Cl)=C2Cl)C(NC3OC(C(O)C(O)C3O)C(O)=O)=N1|NC1=NN=C(C2=CC(=CC(Cl)=C2Cl)O)C(N)=N1,Nc1nc(N)[n+]([C@@H]2O[C@H](C(=O)O)[C@@H](O)[C@H](O)[C@H]2O)nc1-c1cccc(Cl)c1Cl
CC(C)(N)Cc1ccccc1,CC(C)(N)C(C1=CC=CC=C1)O|CC(C)(N)CC1=CC=C(C=C1)O|CC(C)(N)CC1=C(C=CC=C1)O|C(C(C)(N)CC1=CC=CC=C1)O|CC(C)(CC1=CC=CC=C1)NO,CC(C)(Cc1ccccc1)N=O|CC(C)(N)Cc1ccc(O)cc1|CC(C)(Cc1ccccc1)NO
C=CCC1(CC(C)C)C(=O)NC(=O)NC1=O,C=CCC1(CC(=C)C)C(=O)NC(=O)NC1=O|C=CCC1(CC(C)CO)C(=O)NC(=O)NC1=O|C=CCC1(CC(C)(C)O)C(=O)NC(=O)NC1=O|C=CCC(CC(C)C)(C(=O)NC(=O)N)C(=O)O|C1C(CC2(CC(C)C)C(=O)NC(=O)NC2=O)O1|C=CC(C1(CC(C)C)C(=O)NC(=O)NC1=O)O,CC(=O)CC1(CC(C)C)C(=O)NC(=O)NC1=O|C=CCC1(CC(C)CO)C(=O)NC(=O)NC1=O|CC(C)CC1(CC(O)CO)C(=O)NC(=O)NC1=O
CC(C)NCC(O)COc1ccc(CC(N)=O)cc1,C=C(C)NCC(O)COC1=CC=C(CC(N)=O)C=C1|C(C(O)COC1=CC=C(CC(N)=O)C=C1)=O|OC1=CC=C(CC(N)=O)C=C1|CC(C)NCC(=O)COC1=CC=C(CC(N)=O)C=C1|C(C)(C)=O|CC(C)NCC(C=O)O|[NH3]CC(O)COC1=CC=C(CC(N)=O)C=C1|NCC(O)COC1=CC=C(CC(N)=O)C=C1|CC(C)NCC(OS(O)(=O)=O)COC1=CC=C(CC(N)=O)C=C1|CC(C)NCC(O)COC1=CC=C(C(C(N)=O)O)C=C1|NC(C)C|C(C(C)NCC(O)COC1=CC=C(CC(N)=O)C=C1)O|CC(C)NCC(OC1OC(C(O)=O)C(C(C1O)O)O)COC2=CC=C(CC(N)=O)C=C2|CC(C)NCC(O)COC1=CC=C(CC(NC2C(C(O)C(C(O2)C(O)=O)O)O)=O)C=C1,CC(C)NCC(COc1ccc(CC(N)=O)cc1)OC1OC(C(=O)O)[C@@H](O)[C@H](O)[C@H]1O|CC(C)NC[C@H](O)COc1ccc(CC(N)=O)cc1|CC(C)NC[C@@H](O)COc1ccc(CC(N)=O)cc1|CC(C)NCC(O)COc1ccc(C(O)C(N)=O)cc1|CC(C)NCC(COc1ccc(CC(N)=O)cc1)OC1O[C@H](C(=O)O)[C@@H](O)[C@H](O)[C@H]1O|CC(C)NCC(O)COc1ccc(C(=O)C(N)O)cc1
CNC[C@H](O)c1cccc(O)c1,O[C@H](C1=CC(OC2OC(C(O)C(O)C2O)C(O)=O)=CC=C1)CNC|O[C@H](C1=CC(O)=CC=C1)C=O|O[C@H](C1=CC(O)=CC=C1)CN|O[C@H](C1=C(C(O)=CC=C1)O)CNC|OC1=CC=C(C(CNC)O)C=C1O|C1=CC=C(C(CNC)=O)C=C1O|CNC[C@H](O)C1=CC(O)=C(O)C=C1|C1=CC=C(C(CN)O)C=C1O|O([C@H](C1=CC(O)=CC=C1)CNC)S(O)(=O)=O|C1=CC=C(C(O)C(NC)O)C=C1O|O=C|CNC[C@H](O)C1=CC=CC=C1|C=1C(=CC(=CC1O)C(CNC)O)O|NC|O[C@H](C1=CC(O)=CC=C1O)CNC,CNC[C@H](O)c1cccc(OC2OC(C(=O)O)[C@@H](O)[C@H](O)[C@H]2O)c1|O=C(O)C(O)c1cccc(O)c1|O=C(O)[C@H](O)c1cccc(O)c1
CN1CCN(CCCN2c3ccccc3Sc3ccc(Cl)cc32)CC1,CN1CCN(CCCN2C3=CC=CC=C3SC4=CC(=C(Cl)C=C42)O)CC1|C(CCN1C2=CC=CC=C2SC3=CC=C(Cl)C=C31)=O|CN1CCNCC1|CN1CCN(CCC(N2C3=CC=CC=C3SC4=CC=C(Cl)C=C42)O)CC1|CN1CC(N(CCCN2C3=CC=CC=C3SC4=CC=C(Cl)C=C42)CC1)O|CN1CCN(CCCN2C3=CC=CC=C3SC4=CC=C(Cl)C(=C42)O)CC1|CN1C(CN(CCCN2C3=CC=CC=C3SC4=CC=C(Cl)C=C42)CC1)O|N1C2=CC=CC=C2SC3=CC=C(Cl)C=C31|CN1CCN(C(CCN2C3=CC=CC=C3SC4=CC=C(Cl)C=C42)O)CC1|CN1CCN(CCCN2C3=CC(=CC=C3SC4=CC=C(Cl)C=C42)O)CC1|CN1CCN(CCC=O)CC1|CN1CCN(CCCN2C3=CC=C(C=C3SC4=CC=C(Cl)C=C42)O)CC1|O=C|CN1CC[N+](CCCN2C3=CC=CC=C3SC4=CC=C(Cl)C=C42)(CC1)[O-]|N1CCN(CCCN2C3=CC=CC=C3SC4=CC=C(Cl)C=C42)CC1|CN1CCN(CC(CN2C3=CC=CC=C3SC4=CC=C(Cl)C=C42)O)CC1|CN1CCN(CCCN2C3=CC=CC=C3S(C4=CC=C(Cl)C=C42)=O)CC1|CN1CCN(CCCN2C3=CC=CC=C3SC4=C(C=C(Cl)C=C42)O)CC1|C[N+]1(CCN(CCCN2C3=CC=CC=C3SC4=CC=C(Cl)C=C42)CC1)[O-],CN1CCN(CCCN2c3ccccc3[S+]([O-])c3ccc(Cl)cc32)CC1|CN1CCN(CCCN2c3ccc(O)cc3Sc3ccc(Cl)cc32)CC1|Clc1ccc2c(c1)N(CCCN1CCNCC1)c1ccccc1S2|CN1CCN(CCCN2c3ccccc3S(=O)c3ccc(Cl)cc32)CC1
O=C(c1ccc(OCCN2CCCCC2)cc1)c1c(-c2ccc(O)cc2)sc2cc(O)ccc12,C1(=C(C2=CC=C(O)C=C2)SC=3C1=CC=C(O)C3O)C(C4=CC=C(OCCN5CCCCC5)C=C4)=O|C1(=C(C2=CC=C(O)C=C2)SC=3C1=CC=C(C3)O)C(C4=CC=C(OCCN5CC(CCC5)O)C=C4)=O|C1(=C(C2=CC=C(O)C=C2)[S+](C=3C1=CC=C(C3)O)[O-])C(C4=CC=C(OCCN5CCCCC5)C=C4)=O|N1CCCCC1|C1(=C(C2=CC=C(O)C=C2)SC=3C1=CC=C(C3)O)C(C4=CC=C(OCC(N5CCCCC5)O)C=C4)=O|C1(=C(C2=CC=C(O)C=C2)SC=3C1=CC=C(C3)O)C(C4=CC=C(OCCN5C(CCCC5)O)C=C4)=O|C(CN1CCCCC1)=O|C1(=C(C2=CC=C(O)C=C2)SC=3C1=CC=C(C3)O)C(C4=CC=C(OCCNCCCCC(O)=O)C=C4)=O|C1(=C(C2=CC=C(O)C=C2)SC=3C1=CC=C(C3)O)C(C4=CC=C(OCC[N+]5(CCCCC5)[O-])C=C4)=O|C1(=C(C2=CC=C(O)C=C2)SC=3C1=CC=C(C3)O)C(C4=CC=C(OCC=O)C=C4)=O|C1(=C(C2=CC=C(O)C=C2)SC=3C1=CC=C(C3)O)C(C4=CC=C(OCCN5CCCCC5)C=C4)O|C1(=C(C2=CC=C(O)C(=C2)O)SC=3C1=CC=C(C3)O)C(C4=CC=C(OCCN5CCCCC5)C=C4)=O|C1(=C(C2=CC=C(OC3OC(C(O)C(O)C3O)C(O)=O)C=C2)SC=4C1=CC=C(C4)O)C(C5=CC=C(OCCN6CCCCC6)C=C5)=O|C1(=C(C2=CC=CC=C2)SC=3C1=CC=C(C3)O)C(C4=CC=C(OCCN5CCCCC5)C=C4)=O|C1(=C(C2=CC=C(O)C=C2)SC=3C1=CC=C(C3)O)C(C4=CC=C(OCC[N+]5=CCCCC5)C=C4)=O|C1(=C(C2=CC=C(O)C=C2)SC=3C1=CC(=C(C3)O)O)C(C4=CC=C(OCCN5CCCCC5)C=C4)=O|C1(=C(C2=CC=C(O)C=C2)SC=3C1=C(C=C(C3)O)O)C(C4=CC=C(OCCN5CCCCC5)C=C4)=O|C1(=C(C2=CC=C(O)C=C2)SC=3C1=CC=C(C3)O)C(C4=CC=C(OCCN5CCCCC5)C(=C4)O)=O|C1(=C(C2=CC=C(O)C=C2)SC=3C1=CC=C(C3)OC4OC(C(O)C(O)C4O)C(O)=O)C(C5=CC=C(OCCN6CCCCC6)C=C5)=O|C1(=C(C2=CC=C(O)C=C2)SC=3C1=CC=C(C3)O)C(C4=CC=C(O)C=C4)=O,O=C(c1ccc(OCCN2CCCCC2)cc1)c1c(-c2ccc(OC3C(O)[C@H](O)[C@@H](O)[C@H](O)[C@H]3C(=O)O)cc2)sc2cc(O)ccc12|NC(CCC(=O)NC(CSc1c(O)ccc2c(C(=O)c3ccc(OCCN4CCCCC4)cc3)c(-c3ccc(O)cc3)sc12)C(=O)NCC(=O)O)C(=O)O|O=C(c1ccc(OCCN2CCCCC2)cc1)c1c(-c2ccc(O)cc2)sc2cc(OCC3C(C(=O)O)[C@@H](O)[C@H](O)[C@@H](O)C3O)ccc12|O=C(c1ccc(OCCN2CCCCC2)cc1)c1c(-c2ccc(O)cc2)sc2cc(O[C@@H]3OC(C(=O)O)[C@@H](O)[C@H](O)[C@H]3O)ccc12|O=C(c1ccc(OCCN2CCCCC2)cc1)c1c(-c2ccc(O)cc2)sc2cc(OCC3C(O)[C@H](O)[C@@H](O)[C@H](O)[C@H]3C(=O)O)ccc12|O=C(c1ccc(OCCN2CCCCC2)cc1)c1c(-c2ccc(OS(=O)(=O)O)cc2)sc2cc(O)ccc12|O=C(c1ccc(OCCN2CCCCC2)cc1)c1c(-c2ccc(O)c(O)c2)sc2cc(O)ccc12|O=C(c1ccc(OCCN2CCCCC2)cc1)c1c(-c2ccc(O)cc2)sc2c(O)c(O)ccc12|O=C(c1ccc(OCCN2CCCCC2)cc1)c1c(-c2ccc(OC3C(C(=O)O)[C@@H](O)[C@H](O)[C@@H](O)C3O)cc2)sc2cc(O)ccc12|O=C(c1ccc(OCCN2CCCCC2)cc1)c1c(-c2ccc(OC3C(O)[C@H](O)[C@@H](O)[C@H](O)[C@H]3C(=O)O)cc2)sc2cc(OC3C(O)[C@H](O)[C@@H](O)[C@H](O)[C@H]3C(=O)O)ccc12|O=C(c1ccc(OCCN2CCCCC2)cc1)c1c(-c2ccc(OC3C(C(=O)O)[C@@H](O)[C@H](O)[C@@H](O)C3O)cc2)sc2cc(OC3C(C(=O)O)[C@@H](O)[C@H](O)[C@@H](O)C3O)ccc12
Cc1cccc(CN2CCN(C(c3ccccc3)c3ccc(Cl)cc3)CC2)c1,CC1=CC(CN2CCN(CC2)C(C3=CC=CC=C3)C4=CC=C(Cl)C=C4)=C(C=C1)O|CC1=C(C(CN2CCN(CC2)C(C3=CC=CC=C3)C4=CC=C(Cl)C=C4)=CC=C1)O|CC1=CC(CN2CCN(CC2)C(C3=CC=CC=C3)C4=CC=C(Cl)C=C4)=CC=C1O|CC1=CC(CN2CCN(CC2)C(C3=C(C=CC=C3)O)C4=CC=C(Cl)C=C4)=CC=C1|CC1=CC(CN2CCN(CC2)C(C3=CC=CC=C3)C4=C(C=C(Cl)C=C4)O)=CC=C1|CC1=CC(CN2CC(N(CC2)C(C3=CC=CC=C3)C4=CC=C(Cl)C=C4)O)=CC=C1|C(C1=CC(CN2CCN(CC2)C(C3=CC=CC=C3)C4=CC=C(Cl)C=C4)=CC=C1)O|N1CCN(CC1)C(C2=CC=CC=C2)C3=CC=C(Cl)C=C3|CC1=CC(C(N2CCN(CC2)C(C3=CC=CC=C3)C4=CC=C(Cl)C=C4)O)=CC=C1|CC1=CC(CN2CCNCC2)=CC=C1|CC1=CC(CN2CCN(CC2)C(C3=CC=CC=C3)C4=CC(=C(Cl)C=C4)O)=CC=C1|CC1=CC(CN2CC[N+](CC2)(C(C3=CC=CC=C3)C4=CC=C(Cl)C=C4)[O-])=CC=C1|C(C1=CC=CC=C1)(C2=CC=C(Cl)C=C2)=O|CC1=CC(C=O)=CC=C1|CC1=CC(C[N+]2(CCN(CC2)C(C3=CC=CC=C3)C4=CC=C(Cl)C=C4)[O-])=CC=C1|CC1=CC(CN2C(CN(CC2)C(C3=CC=CC=C3)C4=CC=C(Cl)C=C4)O)=CC=C1|CC1=CC(CN2CCN(CC2)C(C3=CC=C(C=C3)O)C4=CC=C(Cl)C=C4)=CC=C1,Cc1cccc(CN2CCN(C(c3ccc(O)cc3)c3ccc(Cl)cc3)CC2)c1|Cc1cccc(C(=O)O)c1|OCc1cccc(CN2CCN(C(c3ccccc3)c3ccc(Cl)cc3)CC2)c1|Cc1cccc(C(=O)NCC(=O)O)c1|O=C(O)c1cccc(CN2CCN(C(c3ccccc3)c3ccc(Cl)cc3)CC2)c1|COc1ccc(C(c2ccc(Cl)cc2)N2CCN(Cc3cccc(C(=O)O)c3)CC2)cc1O|Cc1cccc(C[N+]2([O-])CC[N+]([O-])(C(c3ccccc3)c3ccc(Cl)cc3)CC2)c1|Cc1cccc(CN2CC[N+]([O-])(C(c3ccccc3)c3ccc(Cl)cc3)CC2)c1|O=C(NCCS(=O)(=O)O)c1cccc(CN2CCN(C(c3ccccc3)c3ccc(Cl)cc3)CC2)c1|NC(=O)c1cccc(CN2CCN(C(c3ccccc3)c3ccc(Cl)cc3)CC2)c1
COc1cc2nc(N3CCN(C(=O)C4CCCO4)CC3)nc(N)c2cc1OC,COC1=CC2=NC(N3C(CN(C(=O)C4CCCO4)CC3)O)=NC(N)=C2C=C1OC|COC1=CC2=NC(NCCN(CC=O)C(=O)C3CCCO3)=NC(N)=C2C=C1OC|COC1=CC2=NC(N3CCN(C(=O)C4CCCO4)CC3)=NC(N)=C2C=C1O|COC1=CC2=NC(N3CCN(C(=O)C4CCCO4)CC3)=NC(NO)=C2C=C1OC|COC1=CC2=NC(N3CCN(C(=O)C4C(CCO4)O)CC3)=NC(N)=C2C=C1OC|COC1=CC2=NC(N3CCN(C(=O)C4CCCO4)CC3)=NC(NC5OC(C(O)C(O)C5O)C(O)=O)=C2C=C1OC|O=C|OC1=CC2=NC(N3CCN(C(=O)C4CCCO4)CC3)=NC(N)=C2C=C1OC|COC1=CC2=NC(N3CCN(C(=O)C4CCCO4)CC3)=NC(N)=C2C(=C1OC)O|COC1=CC2=NC(N3CCN(C(=O)C4CC(CO4)O)CC3)=NC(N)=C2C=C1OC|COC1=CC2=NC(N3CC(N(C(=O)C4CCCO4)CC3)O)=NC(N)=C2C=C1OC,COc1cc2c(N)nc(N3CCN(C(=O)C4CCCO4)CC3)nc2cc1O|COc1cc2nc(N3CCNCC3)nc(N)c2cc1OC|COc1cc2nc(N3CCN(C(=O)C4CCCO4)CC3)nc(N)c2cc1O
CC(C(=O)O)c1ccc(CC2CCCC2=O)cc1,CC(C(=O)O)C1=CC=C(CC2CCCC2O)C=C1|CC(C(=O)O)C1=CC=C(CC2(CCCC2=O)O)C=C1|C(C(C(=O)O)C1=CC=C(CC2CCCC2=O)C=C1)O|CC(C(=O)O)C1=CC=C(CC2CC(CC2=O)O)C=C1|CC(C(=O)O)(C1=CC=C(CC2CCCC2=O)C=C1)O|CC(C(=O)OC(C[N+](C)(C)C)CC([O-])=O)C1=CC=C(CC2CCCC2=O)C=C1|CC(C(=O)O)C1=CC=C(CC2CCC(C2=O)O)C=C1|CC(C(=O)OC1OC(C(O)C(O)C1O)C(O)=O)C2=CC=C(CC3CCCC3=O)C=C2|CC(C(=O)O)C1=CC=C(CC2C(CCC2=O)O)C=C1|C=C(C(=O)O)C1=CC=C(CC2CCCC2=O)C=C1|CC(C(=O)O)C1=CC=C(C(C2CCCC2=O)O)C=C1|CC(C(=O)NCC(O)=O)C1=CC=C(CC2CCCC2=O)C=C1,CC(C(=O)O)c1ccc(C[C@H]2CCC[C@@H]2O)cc1|C[C@H](C(=O)O)c1ccc(C[C@H]2CCC[C@@H]2O)cc1|CC(C(=O)O)c1ccc(CC2CCC[C@H]2O)cc1
CCOC(=O)[N-]c1c[n+](N2CCOCC2)no1,CC(OC(=O)[N-]C1=C[N+](N2CCOCC2)=NO1)O|CCOC(=O)[N-]C1=C[N+](N2CC(OCC2)O)=NO1|CCOC(=O)[N-]C1=C[N+](=NO1)[N+]2(CCOCC2)[O-]|C(COC(=O)[N-]C1=C[N+](N2CCOCC2)=NO1)O|CCOC(=O)[N-]C1=C[N+](N2C(COCC2)O)=NO1,[NH-]c1c[n+](N2CCOCC2)no1|[N-]=c1c[n+](N2CCOCC2)[nH]o1
Nc1ccncc1N,N(C1=CC=NC=C1N)C2OC(C(O)C(O)C2O)C(O)=O|NC1=CC=NC=C1NC2OC(C(O)C(O)C2O)C(O)=O|NC1=CC=NC=C1[NH2+][O-]|N(C1=CC=NC=C1N)O|NC=1C2C(N=CC1N)O2|NC1=CC=NC=C1NO|NC=1C(=CN=CC1O)N|NC1=CC=[N+](C=C1N)[O-],CC(=O)NC1=CNC=CC1N
Cn1cc(S(C)=O)c(=O)c2ccc(F)cc21,CN1C=C(S(C)(=O)=O)C(=O)C2=CC=C(F)C=C21|CN1C=C(SC)C(=O)C2=CC=C(F)C=C21|CN1C=C(S(C)=O)C(=O)C2=C(C=C(F)C=C21)O|CN1C=C(S(C)=O)C(O)C2=CC=C(F)C=C21|O=C|CN1C=C(S(C)=O)C(=O)C2=CC(=C(F)C=C21)O|N1C=C(S(C)=O)C(=O)C2=CC=C(F)C=C21|CN1C=C(S(=O)CO)C(=O)C2=CC=C(F)C=C12|CN1C=C(S(C)=O)C(=O)C2=CC=C(F)C(=C21)O,Cn1cc(S(C)(=O)=O)c(=O)c2ccc(F)cc21
O=C(O)c1cn(C2CC2)c2cc(N3CCNCC3)c(F)cc2c1=O,OC(=O)C1=CN(C2CC2)C3=CC(N4C(CNCC4)O)=C(F)C=C3C1=O|OC(=O)C1=CN(C2CC2)C3=CC(N4CCNCC4)=C(F)C(=C3C1=O)O|OC(=O)C1=CN(C2(CC2)O)C3=CC(N4CCNCC4)=C(F)C=C3C1=O|OC(=O)C1=CN(C2CC2)C3=CC(NCCNCC=O)=C(F)C=C3C1=O|C(=O)(C1=CN(C2CC2)C3=CC(N4CCNCC4)=C(F)C=C3C1=O)OC(C[N+](C)(C)C)CC([O-])=O|O(C(=O)C1=CN(C2CC2)C3=CC(N4CCNCC4)=C(F)C=C3C1=O)C5OC(C(O)C(O)C5O)C(O)=O|C1(CC1)=O|C(=O)(C1=CN(C2CC2)C3=CC(N4CCNCC4)=C(F)C=C3C1=O)NCC(O)=O|OC(=O)C1=CN(C2C(C2)O)C3=CC(N4CCNCC4)=C(F)C=C3C1=O|OC(=O)C1=CN(C2CC2)C3=C(C(N4CCNCC4)=C(F)C=C3C1=O)O|OC(=O)C1=CN(C2CC2)C3=CC([N+]4(CCNCC4)[O-])=C(F)C=C3C1=O|OC(=O)C1=CN(C2CC2)C3=CC(N(CC=O)CCN)=C(F)C=C3C1=O|OC(=O)C1=CN(C2CC2)C3=CC(N4CCNCC4)=C(F)C=C3C1O|N1C=C(C(O)=O)C(=O)C2=CC(F)=C(C=C12)N3CCNCC3|OC(=O)C1=CN(C2CC2)C3=CC(N4CC(NCC4)O)=C(F)C=C3C1=O,NCCNc1cc2c(cc1F)c(=O)c(C(=O)O)cn2C1CC1|O=CN1CCN(c2cc3c(cc2F)c(=O)c(C(=O)O)cn3C2CC2)CC1|O=C(O)c1cn(C2CC2)c2cc(N3CCN(S(=O)(=O)O)CC3)c(F)cc2c1=O|O=C1CN(c2cc3c(cc2F)c(=O)c(C(=O)O)cn3C2CC2)CCN1
Cc1ccc2c(Cl)cc(Cl)c(O)c2n1,CC1=CC(=C2C(Cl)=CC(Cl)=C(O)C2=N1)O|CC1=CC=C2C(Cl)=CC(Cl)=C(OC3OC(C(O)C(O)C3O)C(O)=O)C2=N1|CC1=CC=C2C(Cl)=C(C(Cl)=C(O)C2=N1)O|CC1=CC=C2C(Cl)=CC(=C(O)C2=N1)SCC(NC(=O)CCC(N)C(O)=O)C(=O)NCC(O)=O|C(C1=CC=C2C(Cl)=CC(Cl)=C(O)C2=N1)O|CC1=C(C=C2C(Cl)=CC(Cl)=C(O)C2=N1)O,Cc1ccc2c(Cl)cc(Cl)c(OS(=O)(=O)O)c2n1|Cc1ccc2c(Cl)cc(Cl)c(OS([O-])([O-])[O-])c2n1|Cc1ccc2c(Cl)cc(Cl)c(OS(O)(O)O)c2n1|Cc1ccc2c(Cl)cc(Cl)c(O[C@@H]3OC(C(=O)O)[C@@H](O)[C@H](O)[C@H]3O)c2n1
Cn1c(=O)c2c(ncn2C)n(C)c1=O,OC|CN1C=NC2=C1C(=O)N(C(=O)N2)C|O=C|CN1C2=C(N=C1O)N(C(N(C2=O)C)=O)C|CN1C=NC2=C1C(=O)NC(=O)N2C|C1=NC2=C(C(=O)N(C(=O)N2C)C)N1,Cn1c(=O)[nH]c2ncn(C)c2c1=O|Cn1c(=O)[nH]c2[nH]c(=O)[nH]c2c1=O|CN1c2c(n(C)c(=O)n(C)c2=O)NC1O|Cn1c(=O)c2[nH]cnc2n(C)c1=O|CC(=O)c1c(NC=O)[nH]c(=O)n(C)c1=O|CC(=O)Nc1c(N)[nH]c(=O)n(C)c1=O|Cn1c(=O)[nH]c2[nH]c(=O)[nH]c(=O)c21|Cc1c(=O)[nH]c(O)c2c1ncn2C|Cn1c(=O)c2[nH]c(=O)[nH]c2n(C)c1=O|CC(=O)Nc1c(N)n(C)c(=O)n(C)c1=O|Cn1c(=O)[nH]c2[nH]c(=O)n(C)c2c1=O|Cn1cnc2c1c(=O)[nH]c(=O)n2C|Cn1c(=O)[nH]c2[nH]cnc2c1=O|Cn1c(=O)c2c([nH]c(=O)n2C)n(C)c1=O|O=c1[nH]c(=O)c2[nH]cnc2[nH]1|Cn1c(=O)[nH]c(=O)c2c1[nH]c(=O)n2C|Cn1c(=O)[nH]c(=O)c2[nH]c(=O)[nH]c21
OCCOCCN1CCN(C(c2ccccc2)c2ccc(Cl)cc2)CC1,OCCOCCN1CC(N(C(C2=CC=CC=C2)C3=CC=C(Cl)C=C3)CC1)O|C1CN(CCN1CC=O)C(C2=CC=CC=C2)C3=CC=C(C=C3)Cl|OCCOCC[N+]1(CCN(C(C2=CC=CC=C2)C3=CC=C(Cl)C=C3)CC1)[O-]|OCCOCCN1CCN(C(C2=CC=C(C=C2)O)C3=CC=C(Cl)C=C3)CC1|O(CCOCCN1CCN(C(C2=CC=CC=C2)C3=CC=C(Cl)C=C3)CC1)C4OC(C(O)=O)C(C(C4O)O)O|C(C=O)O|C(CO)O|C1CN(CCN1CCO)C(C2=CC=CC=C2)C3=CC=C(C=C3)Cl|O=CCOCCN1CCN(C(C2=CC=CC=C2)C3=CC=C(Cl)C=C3)CC1|OCCOCCN1CCN(C(C2=C(C=CC=C2)O)C3=CC=C(Cl)C=C3)CC1|OCCOCCN1CC[N+](C(C2=CC=CC=C2)C3=CC=C(Cl)C=C3)(CC1)[O-]|O(CCOCCN1CCN(C(C2=CC=CC=C2)C3=CC=C(Cl)C=C3)CC1)S(O)(=O)=O|OCCOCCN1CCN(C(C2=CC=CC=C2)C3=C(C=C(Cl)C=C3)O)CC1|OCCOCCN1C(CN(C(C2=CC=CC=C2)C3=CC=C(Cl)C=C3)CC1)O|N1CCN(CC1)C(C2=CC=CC=C2)C3=CC=C(Cl)C=C3|C(C1=CC=CC=C1)(C2=CC=C(Cl)C=C2)=O|OCCOC(CN1CCN(C(C2=CC=CC=C2)C3=CC=C(Cl)C=C3)CC1)O|OCCOCCN1CCN(C(C2=CC=CC=C2)C3=CC(=C(Cl)C=C3)O)CC1|OCCOCC=O|OCCOCC(N1CCN(C(C2=CC=CC=C2)C3=CC=C(Cl)C=C3)CC1)O|OCCOCCN1CCNCC1,O=C(O)COCCN1CCN(C(c2ccccc2)c2ccc(Cl)cc2)CC1|Clc1ccc(C(c2ccccc2)N2CCNCC2)cc1
CN1CCc2cccc3c2[C@H]1Cc1ccc(O)c(O)c1-3,CN1CCC=2C3=C(C4=C(C(=CC=C4C[C@@H]13)OC5OC(C(O)C(O)C5O)C(O)=O)O)C=CC2|CN1CCC2=CC=CC3=C2C1(CC4=CC=C(O)C(O)=C43)O|CN1CCC2=CC=CC3=C2C1C(C4=CC=C(O)C(O)=C43)O|CN1CCC2=CC(=CC3=C2C1CC4=CC=C(O)C(O)=C34)O|C[N+]1(CCC=2C3=C(C4=C(C(=CC=C4C[C@@H]13)O)O)C=CC2)[O-]|N1CCC2=CC=CC3=C2C1CC4=CC=C(O)C(O)=C43|N1CCC=2C3=C(C4=C(C(=CC=C4C[C@@H]13)O)O)C=CC2|O=C|CN1CCC=2C3=C(C4=C(C(=CC=C4C[C@@H]13)O)OC5OC(C(O)C(O)C5O)C(O)=O)C=CC2|CN1CCC=2C3=C(C4=C(C(=CC=C4C([C@@H]13)O)O)O)C=CC2|CN1CCC=2C3=C(C4=C(C(=C(C=C4C[C@@H]13)O)O)O)C=CC2|CN1CC(C=2C3=C(C4=C(C(=CC=C4C[C@@H]13)O)O)C=CC2)O|CN1C(CC=2C3=C(C4=C(C(=CC=C4C[C@@H]13)O)O)C=CC2)O,CN1CCc2cccc3c2[C@H]1Cc1ccc(OC2O[C@H](C(=O)O)[C@@H](O)[C@H](O)[C@H]2O)c(O)c1-3|COc1ccc2c(c1O)-c1cccc3c1[C@@H](C2)N(C)CC3|CN1CCc2cccc3c2[C@H]1Cc1ccc(O)c(OC2OC(C(=O)O)[C@@H](O)[C@H](O)[C@H]2O)c1-3|COc1c(O)ccc2c1-c1cccc3c1[C@@H](C2)N(C)CC3|CN1CCc2cccc3c2[C@H]1Cc1ccc(O)c(OC2O[C@H](C(=O)O)[C@@H](O)[C@H](O)[C@H]2O)c1-3|CN1CCc2cccc3c2[C@H]1CC1=C3C(=O)C(=O)C=C1|Oc1ccc2c(c1O)-c1cccc3c1[C@@H](C2)NCC3|CN1CCc2cccc3c2[C@H]1Cc1ccc(OC2OC(C(=O)O)[C@@H](O)[C@H](O)[C@H]2O)c(O)c1-3|CN1CCc2cccc3c2c1cc1ccc(O)c(O)c13
CCN(CC)CCOC(=O)c1ccc(N)cc1,CCN(CC)CCOC(=O)C1=CC=C(N)C(=C1)O|C(CN(CC)CCOC(=O)C1=CC=C(N)C=C1)O|C(COC(=O)C1=CC=C(N)C=C1)=O|CCN(CC)CCOC(=O)C1=CC=C(NO)C=C1|CC[N+](CC)(CCOC(=O)C1=CC=C(N)C=C1)[O-]|C1=CC(=CC=C1C(=O)O)N|CCN(CC)CCO|CC=O|CCNCC|CCN(CC)CCOC(=O)C1=CC=C(NC2OC(C(O)C(O)C2O)C(O)=O)C=C1|CC[N+](CC)(CCOC(=O)C1=CC=C(N)C=C1)C2OC(C(O)=O)C(C(C2O)O)O|CC(N(CC)CCOC(=O)C1=CC=C(N)C=C1)O|CCN(CC)C(COC(=O)C1=CC=C(N)C=C1)O|N(CC)CCOC(=O)C1=CC=C(N)C=C1,Nc1ccc(C(=O)O)cc1|CCN(CC)CCO
O=C1CN=C(c2ccccc2)c2cc(Cl)ccc2N1,N1C(=O)CN=C(C2=C1C=CC(=C2)Cl)C3=CC(=CC=C3)O|N1C(=O)CN=C(C2=C1C=C(C(=C2)Cl)O)C3=CC=CC=C3|N1C(=O)CN=C(C2=C1C(=CC(=C2)Cl)O)C3=CC=CC=C3|N1C(=O)CN=C(C2=C1C=CC(=C2)Cl)C3=C(C=CC=C3)O|N1C(=O)CN=C(C2=C1C=CC(=C2)Cl)C3=CC=C(C=C3)O|N1C(=O)CN=C(C2=C1C=CC(=C2O)Cl)C3=CC=CC=C3|N1C(=O)C(N=C(C2=C1C=CC(=C2)Cl)C3=CC=CC=C3)O,O=C(O)[C@H]1OC(OC2CN=C(c3ccccc3)c3cc(Cl)ccc3N2)[C@H](O)[C@@H](O)[C@@H]1O|O=C1Nc2ccc(Cl)cc2C(c2ccccc2)=NC1O
O=C1Nc2ccc(Cl)cc2C(c2ccccc2)=NC1O,N1C(=O)C(N=C(C2=C1C(=CC(=C2)Cl)O)C3=CC=CC=C3)O|N1C(=O)C(N=C(C2=C1C=CC(=C2O)Cl)C3=CC=CC=C3)O|N1C(=O)C(N=C(C2=C1C=CC(=C2)Cl)C3=CC(=CC=C3)O)O|N1C(=O)C(N=C(C2=C1C=CC(=C2)Cl)C3=CC=C(C=C3)O)O|N1C(=O)C(N=C(C2=C1C=C(C(=C2)Cl)O)C3=CC=CC=C3)O|N1C(=O)C(N=C(C2=C1C=CC(=C2)Cl)C3=C(C=CC=C3)O)O,O=C(O)[C@H]1O[C@@H](OC2N=C(c3ccccc3)c3cc(Cl)ccc3N=C2O)[C@H](O)[C@@H](O)[C@@H]1O
CN[C@@H](C)[C@@H](O)c1ccccc1,CN[C@@H](CO)[C@@H](O)C1=CC=CC=C1|CNC(=C)[C@@H](O)C1=CC=CC=C1|CN[C@@H](C)C(=O)C1=CC=CC=C1|OC(C1=CC(=CC=C1)O)C(NC)C|CN[C@@H](C)[C@@H](OS(O)(=O)=O)C1=CC=CC=C1|O=C|C(C)([C@@H](O)C1=CC=CC=C1)=O|OC(C1=CC=CC=C1)C(N)C|CN[C@@H](C)[C@@H](O)C1=CC=C(C=C1)O|N[C@@H](C)[C@@H](O)C1=CC=CC=C1|NC|CN[C@@H](C)[C@@H](OC1OC(C(O)=O)C(C(C1O)O)O)C2=CC=CC=C2|CN[C@@H](C)[C@@H](O)C1=C(C=CC=C1)O,C[C@H](N)[C@@H](O)c1ccccc1|CC(N)C(O)c1ccccc1
CCCCNc1ccc(C(=O)OCCOCCOCCOCCOCCOCCOCCOCCOCCOC)cc1,C(COCCOCCOC)=O|C(COCCOCCOCCOCCOCCOCCOC)=O|CCCCNC1=CC=C(C(=O)OCCOCCOCCOCCOCCOCCOCCOCCOCCO)C=C1|CCCCNC1=CC=C(C(=O)OCCOCCOCCO)C=C1|CCCCNC1=CC=C(C(=O)OCCO)C=C1|CCC(CNC1=CC=C(C(=O)OCCOCCOCCOCCOCCOCCOCCOCCOCCOC)C=C1)O|OCCOCCOCCOC|OCCOCCOCCOCCOCCOCCOC|CCCCNC1=CC=C(C(=O)OCCOCCOCCOCC=O)C=C1|CCCCNC1=CC=C(C(=O)OCCOCCOCCOCCOCC=O)C=C1|NC1=CC=C(C(=O)OCCOCCOCCOCCOCCOCCOCCOCCOCCOC)C=C1|C(COCCOC)=O|OCCOCCOCCOCCOC|CCCCNC1=CC=C(C(=O)OCCOCCOCCOCC(OCCOCCOCCOCCOCCOC)O)C=C1|OCCOCCOCCOCCOCCOCCOCCOCCOC|CCCCNC1=CC=C(C(=O)OCCOCCOCCOCCOCCOCCOCCOCC(OCCOC)O)C=C1|CCCCNC1=CC=C(C(=O)OCCOCCOCC=O)C=C1|CC(CCNC1=CC=C(C(=O)OCCOCCOCCOCCOCCOCCOCCOCCOCCOC)C=C1)O|CCCCNC1=CC=C(C(=O)OCCOCC=O)C=C1|CCCCNC1=CC=C(C(=O)OCCOCCOCCOCCOCCOCCO)C=C1|C(CCCNC1=CC=C(C(=O)OCCOCCOCCOCCOCCOCCOCCOCCOCCOC)C=C1)O|CCCCNC1=CC=C(C(=O)OCCOCCOCCOCCOCCOCCOCCOC(COCCOC)O)C=C1|CCCCNC1=CC=C(C(=O)OCCOCCOCCOCCOCCOCC(OCCOCCOCCOC)O)C=C1|CCCCNC1=CC=C(C(=O)OCCOCCOCCOCCOCCO)C=C1|CCCCNC1=CC=C(C(=O)O)C=C1|CCCCNC1=CC=C(C(=O)OCCOCCOCCOCCOCCOCCOCCO)C=C1|C=CCCNC1=CC=C(C(=O)OCCOCCOCCOCCOCCOCCOCCOCCOCCOC)C=C1|CCCCNC1=CC=C(C(=O)OCCOCCOCCOCCOCCOC(COCCOCCOCCOC)O)C=C1|CCCCNC1=CC=C(C(=O)OCCOCCOCCOCCOCCOCCOCC=O)C=C1|CCCCNC1=CC=C(C(=O)OCCOCCOCCOCCO)C=C1|C(COCCOCCOCCOCCOCCOCCOCCOCCOC)O|O=CCOC|C(COCCOCCOCCOCCOC)=O|CCCCNC1=CC=C(C(=O)OCCOCCOCCOCCOCCOCCOCCOCCO)C=C1|CCCCNC1=CC=C(C(=O)OCCOCCOCCOCCOCC(OCCOCCOCCOCCOC)O)C=C1|CCCCNC1=CC=C(C(=O)OCCOCCOCCOC(COCCOCCOCCOCCOCCOC)O)C=C1|OCCOCCOCCOCCOCCOC|OCCOCCOC|CCCCNC1=CC=C(C(=O)OCCOCCOC(COCCOCCOCCOCCOCCOCCOC)O)C=C1|O=C|CCCCNC1=CC=C(C(=O)OCCOCCOCCOCCOCCOCCOC(COCCOCCOC)O)C=C1|CCCCNC1=CC=C(C(=O)OCCOCCOCC(OCCOCCOCCOCCOCCOCCOC)O)C=C1|CCCCNC1=CC=C(C(=O)OCCOCCOCCOCCOCCOCCOCC(OCCOCCOC)O)C=C1|OCCOCCOCCOCCOCCOCCOCCOC|C(COCCOCCOCCOC)=O|CCCCNC1=CC=C(C(=O)OCC=O)C=C1|C(COCCOCCOCCOCCOCCOC)=O|C(COCCOCCOCCOCCOCCOCCOCCOC)=O|CCCC=O|CCCCNC1=CC=C(C(=O)OCCOCCOCCOCCOCCOCCOCCOCC=O)C=C1|CCCCNC1=CC=C(C(=O)OCCOCCOCCOCCOCCOCC=O)C=C1|CCCCNC1=CC=C(C(=O)OCCOCCO)C=C1|CCCCNC1=CC=C(C(=O)OCCOCCOCCOCCOC(COCCOCCOCCOCCOC)O)C=C1|CCCCNC1=CC=C(C(=O)OCCOCCOCCOCCOCCOCCOCCOCCOC(COC)O)C=C1|CCCCNC1=CC=C(C(=O)OCCOCC(OCCOCCOCCOCCOCCOCCOCCOC)O)C=C1|OCCOC,CCCCNc1ccc(C(=O)O)cc1
CCN[C@H]1C[C@H](C)S(=O)(=O)c2sc(S(N)(=O)=O)cc21,C(CNC1CC(C)S(=O)(=O)C=2SC(S(N)(=O)=O)=CC21)O|CCNC1CC(CO)S(=O)(=O)C=2SC(S(N)(=O)=O)=CC21|C(CN[C@H]1C[C@H](C)S(=O)(=O)C=2SC(S(N)(=O)=O)=CC21)O|CCN[C@H]1C([C@H](C)S(=O)(=O)C=2SC(S(N)(=O)=O)=CC21)O|CCNC1CC(C)S(=O)(=O)C=2SC(S(=O)(=O)NO)=CC12|CCN[C@H]1C[C@H](C)S(=O)(=O)C=2SC(S([NH2]C3OC(C(O)C(O)C3O)C(O)=O)(=O)=O)=CC21|NCC|NC1CC(C)S(=O)(=O)C=2SC(S(N)(=O)=O)=CC21|CC=O|N[C@H]1C[C@H](C)S(=O)(=O)C=2SC(S(N)(=O)=O)=CC21|CCN[C@H]1C[C@H](CO)S(=O)(=O)C=2SC(S(N)(=O)=O)=CC21|C1(C[C@H](C)S(=O)(=O)C=2SC(S(N)(=O)=O)=CC21)=O|CCN[C@H]1C[C@H](C)S(=O)(=O)C=2[S+](C(S(N)(=O)=O)=CC21)[O-],C[C@H]1C[C@H](N)c2cc(S(N)(=O)=O)sc2S1(=O)=O
NC(N)=Nc1nc(CSCCC(N)=NS(N)(=O)=O)cs1,NC(N)=NC1=NC(C[S+](CCC(N)=NS(N)(=O)=O)C)=CS1|NC(=NC1=NC(CSCCC(N)=NS(N)(=O)=O)=CS1)NO|NC(N)=NC1=NC(C(SCCC(N)=NS(N)(=O)=O)O)=CS1|NC(N)=NC1=NC(CS(CCC(N)=NS(N)(=O)=O)=O)=CS1|NC(N)=NC1=NC(CSCCC(N)=NS(=O)(=O)[NH2+][O-])=CS1,NC(N)=Nc1nc(CS(=O)CCC(N)=NS(N)(=O)=O)cs1
C#C[C@]1(OC(C)=O)CC[C@H]2[C@@H]3CCC4=C/C(=N/O)CC[C@@H]4[C@H]3CC[C@@]21CC,C#C[C@]1(OC(C)=O)C(C[C@H]2[C@@H]3CCC4=C/C(=N/O)/CC[C@@H]4[C@H]3CC[C@@]21CC)O|CC(=O)O|C#C[C@]1(OC(C)=O)CC[C@H]2[C@@H]3CCC4=C/C(=N/O)/CC[C@@H]4[C@H]3CC[C@@]21C(C)O|C#C[C@]1(OC(C)=O)CC[C@H]2[C@@H]3CCC4=C/C(=N/O)/CC[C@@H]4[C@H]3CC[C@@]21C=C|C#C[C@]1(OC(C)=O)CC[C@H]2[C@@H]3CCC4=C/C(=N/O)/C(C[C@@H]4[C@H]3CC[C@@]21CC)O|C#CC1(OC(C)=O)CCC2C3CC(C4=CC(=NO)CCC4C3CCC21CC)O|C#C[C@]1(OC(C)=O)CC[C@H]2[C@@H]3CC(C4=C/C(=N/O)/CC[C@@H]4[C@H]3CC[C@@]21CC)O|C#C[C@]1(OC(C)=O)CC[C@H]2[C@@H]3CCC4=C(/C(=N/O)/CC[C@@H]4[C@H]3CC[C@@]21CC)O|C#C[C@]1(OC(C)=O)CC[C@H]2[C@@H]3CCC4=C/C(=N/O)/CC[C@@H]4[C@H]3CC[C@@]21CCO|C#CC1(CC[C@H]2[C@@H]3CCC4=C/C(=N/O)/CC[C@@H]4[C@H]3CC[C@@]21CC)O,C#C[C@]1(O)CC[C@H]2[C@@H]3CCC4=C/C(=N/O)CC[C@@H]4[C@H]3CC[C@@]21CC
COc1ccc(CC(C)NCC(O)c2ccc(O)c(NC=O)c2)cc1,COC1=CC=C(CC(C)NCC(O)C2=CC=C(O)C(NC(=O)O)=C2)C=C1|COC1=CC=C(C(C(C)NCC(O)C2=CC=C(O)C(NC=O)=C2)O)C=C1|COC1=CC=C(CC(C)NCC(O)C2=CC=C(O)C(NC=O)=C2)C(=C1)O|COC1=CC=C(CC(C)NCC(OS(O)(=O)=O)C2=CC=C(O)C(NC=O)=C2)C=C1|CC(CC1=CC=C(O)C=C1)NCC(O)C2=CC=C(O)C(NC=O)=C2|COC1=CC=C(CC(C)NCC(O)C2=CC=C(O)C(N(C=O)O)=C2)C=C1|COC1=CC=C(CC(C)NCC(O)C2=CC=C(OC3OC(C(O)C(O)C3O)C(O)=O)C(NC=O)=C2)C=C1|O=C|C(C(O)C1=CC=C(O)C(NC=O)=C1)=O|COC1=CC=C(CC(C)N)C=C1|COC1=CC=C(CC(C)NC(C(O)C2=CC=C(O)C(NC=O)=C2)O)C=C1|COC1=CC=C(CC(C)NCC(O)C2=CC=C(O)C(NC=O)=C2O)C=C1|COC1=CC=C(CC(C)NCC(O)C2=CC(=C(O)C(NC=O)=C2)O)C=C1|COC1=CC=C(CC(C)=O)C=C1|COC1=CC=C(CC(=C)NCC(O)C2=CC=C(O)C(NC=O)=C2)C=C1|COC1=CC=C(CC(CO)NCC(O)C2=CC=C(O)C(NC=O)=C2)C=C1|COC1=CC=C(CC(C)NCC(=O)C2=CC=C(O)C(NC=O)=C2)C=C1|NCC(O)C1=CC=C(O)C(NC=O)=C1,COc1ccc(CC(C)NCC(O)c2ccc(OC3OC(C(=O)O)[C@@H](O)[C@H](O)[C@H]3O)c(NC=O)c2)cc1|COc1ccc(CC(C)NCC(O)c2ccc(OC3O[C@H](C(=O)O)[C@@H](O)[C@H](O)[C@H]3O)c(NC=O)c2)cc1|COc1ccc(CC(C)NCC(OC2O[C@H](C(=O)O)[C@@H](O)[C@H](O)[C@H]2O)c2ccc(O)c(NC=O)c2)cc1|COc1ccc(CC(C)NCC(OC2OC(C(=O)O)[C@@H](O)[C@H](O)[C@H]2O)c2ccc(O)c(NC=O)c2)cc1|CC(Cc1ccc(O)cc1)NCC(O)c1ccc(O)c(NC=O)c1|COc1ccc(CC(C)NCC(O)c2ccc(OS(=O)(=O)O)c(NC=O)c2)cc1|COc1ccc(CC(C)NCC(O)c2ccc(O)c(N)c2)cc1
CN(C)c1ccc(O)c2c1C[C@H]1C[C@H]3[C@H](N(C)C)C(O)=C(C(N)=O)C(=O)[C@@]3(O)C(O)=C1C2=O,O=C1C2=C(O)C=CC(N(C)C)=C2C[C@@H]3C1=C(O)[C@@]4(C(C(C(N)=O)=C(O)C(N(C)C)([C@@H]4C3)O)=O)O|O=C1C2=C(OC3OC(C(O)C(O)C3O)C(O)=O)C=CC(N(C)C)=C2C[C@@H]4C1=C(O)[C@@]5(C(C(C(N)=O)=C(O)[C@@H](N(C)C)[C@@H]5C4)=O)O|O=C1C2=C(O)C(=CC(N(C)C)=C2C[C@@H]3C1=C(O)[C@@]4(C(C(C(N)=O)=C(O)[C@@H](N(C)C)[C@@H]4C3)=O)O)O|O=C1C2=C(O)C=CC(N(C)C)=C2C[C@@H]3C1=C(O)[C@@]4(C(C(C(N)=O)=C(O)C([C@@H]4C3)=O)=O)O|N(C)C1=CC=C(O)C2=C1CC3CC4C(N(C)C)C(O)=C(C(N)=O)C(=O)C4(O)C(O)=C3C2=O|O=C1C2=C(O)C=CC(N(C)C)=C2C[C@@H]3C1=C(O)[C@@]4(C(C(C(N)=O)=C(O)[C@@H](N(C)C)C4(C3)O)=O)O|OC1C2=C(O)C=CC(N(C)C)=C2C[C@@H]3C1=C(O)[C@@]4(C(C(C(N)=O)=C(O)[C@@H](N(C)C)[C@@H]4C3)=O)O|CNC|O=C1C2=C(O)C=C(C(N(C)C)=C2C[C@@H]3C1=C(O)[C@@]4(C(C(C(N)=O)=C(O)[C@@H](N(C)C)[C@@H]4C3)=O)O)O|O=C1C2=C(O)C=CC(N(C)C)=C2C[C@@H]3C1=C(O)[C@@]4(C(C(C(N)=O)=C(O)[C@@H](NC)[C@@H]4C3)=O)O|O=C1C2=C(O)C=CC(N(C)C)=C2CC3(C1=C(O)[C@@]4(C(C(C(N)=O)=C(O)[C@@H](N(C)C)[C@@H]4C3)=O)O)O|O=C|O=C1C2=C(O)C=CC(N(C)C)=C2C[C@@H]3C1=C(O)[C@@]4(C(C(C(N)=O)=C(O)[C@@H](N(C)C)[C@@H]4C3)O)O|CN(C)C1=CC=C(O)C2=C1CC3CC4C(NC)C(O)=C(C(N)=O)C(=O)C4(O)C(O)=C3C2=O|O=C1C2=C(O)C=CC(N(C)C)=C2C[C@@H]3C1=C(O)[C@@]4(C(C(C(N)=O)=C(O)[C@@H](N(C)C)[C@@H]4C3O)=O)O|O=C1C2=C(O)C=CC(NC)=C2C[C@@H]3C1=C(O)[C@@]4(C(C(C(N)=O)=C(O)[C@@H](N(C)C)[C@@H]4C3)=O)O|O=C1C2=C(O)C=CC(N(C)C)=C2C[C@@H]3C1=C(O)[C@@]4(C(C(C(N)=O)=C(O)[C@@H]([N+](C)(C)C5OC(C(O)C(C5O)O)C(O)=O)[C@@H]4C3)=O)O|O=C1C2=C(O)C=CC(N(C)C)=C2C[C@@H]3C1=C(O)[C@@]4(C(C(C(N)=O)=C(O)[C@@H]([N+](C)(C)[O-])[C@@H]4C3)=O)O,CN[C@@H]1C(O)=C(C(N)=O)C(=O)[C@@]2(O)C(O)=C3C(=O)c4c(O)ccc(N(C)C)c4C[C@H]3C[C@@H]12|CNc1ccc(O)c2c1C[C@H]1C[C@H]3[C@H](N(C)C)C(O)=C(C(N)=O)C(=O)[C@@]3(O)C(O)=C1C2=O|CN(C)c1cc(O)c(O)c2c1C[C@H]1C[C@H]3[C@H](N(C)C)C(O)=C(C(N)=O)C(=O)[C@@]3(O)C(O)=C1C2=O
CC1(C)S[C@@H]2[C@H](NC(=O)[C@H](N)c3ccc(O)cc3)C(=O)N2[C@H]1C(=O)O,[C@H]12SC(C)(C)[C@@H](N1C(=O)[C@H]2NC(=O)[C@H](N)C3=CC=CC=C3)C(O)=O|S1[C@H]2N([C@H](C1(C)C)C(=O)NCC(O)=O)C(=O)[C@H]2NC(=O)[C@H](N)C3=CC=C(O)C=C3|S1[C@@H](N[C@H](C1(C)C)C(O)=O)[C@@H](C(=O)O)NC(=O)[C@H](N)C2=CC=C(O)C=C2|S1[C@H]2N([C@H](C1(C)C)C(=O)OC(C[N+](C)(C)C)CC([O-])=O)C(=O)[C@H]2NC(=O)[C@H](N)C3=CC=C(O)C=C3|CC1(C(N2C(S1)C(C2=O)NC(=O)C(C3=CC=C(C(=C3)O)O)N)C(=O)O)C|S1[C@H]2N([C@H](C1(C)C)C(O)=O)C(=O)[C@H]2NC(=O)[C@H](N)C3=CC=C(OC4OC(C(O)C(O)C4O)C(O)=O)C=C3|S1[C@H]2N([C@H](C1(C)C)C(O)=O)C(=O)[C@H]2NC(=O)C(N)(C3=CC=C(O)C=C3)O|S1[C@H]2N([C@H](C1(C)C)C(OC3OC(C(O)C(O)C3O)C(O)=O)=O)C(=O)[C@H]2NC(=O)[C@H](N)C4=CC=C(O)C=C4|S1[C@H]2N([C@H](C1(C)C)C(O)=O)C(=O)[C@H]2N(C(=O)[C@H](N)C3=CC=C(O)C=C3)C(C)=O|S1([C@H]2N([C@H](C1(C)C)C(O)=O)C(=O)[C@H]2NC(=O)[C@H](N)C3=CC=C(O)C=C3)=O|S1[C@H]2[N+]([C@H](C1(C)C)C(O)=O)(C(=O)[C@H]2NC(=O)[C@H](N)C3=CC=C(O)C=C3)[O-]|S1[C@H]2N([C@H](C1(C)CO)C(O)=O)C(=O)[C@H]2NC(=O)[C@H](N)C3=CC=C(O)C=C3|S1[C@H]2N([C@H](C1(C)C)C(O)=O)C(=O)[C@H]2NC(=O)[C@H](N)C3=CC=C(O)C(=C3)O,CC1(C)CN2C(=O)[C@@H](NC(=O)[C@H](N)c3ccc(O)cc3)[C@H]2S1|CC1(C)S[C@@H]2[C@H](NC(=O)[C@H](N)c3ccc(O)c(O)c3)C(=O)N2[C@H]1C(=O)O|CC1(CO)S[C@@H]2[C@H](NC(=O)[C@H](N)c3ccc(O)cc3)C(=O)N2[C@H]1C(=O)O|C[C@@H](C(=O)N[C@@H]1C(=O)N2[C@@H](C(=O)O)C(C)(C)S[C@H]12)c1ccc(O)cc1|CC1(C)S[C@@H]2[C@H](NC(=O)[C@H](N)c3ccc(OC4O[C@H](C(=O)O)[C@@H](O)[C@H](O)[C@H]4O)cc3)C(=O)N2[C@H]1C(=O)O
CC(CN1c2ccccc2Sc2ccccc21)N(C)C,C(C(CN1C2=CC=CC=C2SC3=CC=CC=C31)N(C)C)O|CC(CN1C2=CC=CC=C2SC3=CC=CC=C31)=O|CC(CN1C2=CC=CC=C2SC3=CC=CC=C31)(N(C)C)O|CNC|CC(CN1C2=CC=CC=C2SC3=CC=CC=C31)[N+](C)(C)C4OC(C(O)=O)C(C(C4O)O)O|O=C|CC(CN1C2=CC(=CC=C2SC3=CC=CC=C31)O)N(C)C|CC(CN1C2=CC=C(C=C2SC3=CC=CC=C31)O)N(C)C|CC(CN1C2=CC=CC=C2SC3=CC=CC=C31)[N+](C)(C)[O-]|C=C(CN1C2=CC=CC=C2SC3=CC=CC=C31)N(C)C|CC(CN1C2=CC=CC=C2S(C3=CC=CC=C31)=O)N(C)C|CC(CN1C2=CC=CC=C2SC3=CC=CC=C31)NC|CC(C(N1C2=CC=CC=C2SC3=CC=CC=C31)O)N(C)C|CC(C=O)N(C)C|N1C2=CC=CC=C2SC3=CC=CC=C31,CC(CN1c2ccccc2[S+]([O-])c2ccccc21)N(C)C|CC(CN1c2ccccc2S(=O)c2ccccc21)N(C)C|CNC(C)CN1c2ccccc2Sc2ccccc21|CC(CN1c2ccccc2SC2=CCC(=O)CC21)N(C)C|CC(CN1c2ccccc2SC2C=CC(O)=CC21)N(C)C|CC(CN1c2ccccc2Sc2ccccc21)[N+](C)(C)C1OC(C(=O)O)C(O)C(O)C1O
CCCCc1oc2ccccc2c1C(=O)c1cc(I)c(OCCN(CC)CC)c(I)c1,CCCCC1=C(C2=CC=CC=C2O1)C(=O)C=3C(C(=C(C(C3)I)OCCN(CC)CC)I)SCC(NC(=O)CCC(N)C(O)=O)C(=O)NCC(O)=O|CCCC(C1=C(C2=CC=CC=C2O1)C(=O)C3=CC(=C(C(=C3)I)OCCN(CC)CC)I)O|CC(CCC1=C(C2=CC=CC=C2O1)C(=O)C3=CC(=C(C(=C3)I)OCCN(CC)CC)I)O|C(CN(CC)CC)=O|C(CCCC1=C(C2=CC=CC=C2O1)C(=O)C3=CC(=C(C(=C3)I)OCCN(CC)CC)I)O|CCC(CC1=C(C2=CC=CC=C2O1)C(=O)C3=CC(=C(C(=C3)I)OCCN(CC)CC)I)O|CCCCC1=C(C2=CC=CC=C2O1)C(=O)C3=CC(=C(C(=C3)I)O)I|CCCCC1=C(C2=CC=CC=C2O1)C(=O)C3=CC(=C(C(=C3)I)OCC[N+](CC)(CC)[O-])I|CCNCC|CCCCC1=C(C2=CC=CC=C2O1)C(=O)C3=CC(=C(C(=C3)I)OCC(N(CC)CC)O)I|CCCCC1=C(C2=CC=CC(=C2O1)O)C(=O)C3=CC(=C(C(=C3)I)OCCN(CC)CC)I|CCCCC1=C(C2=C(C=CC=C2O1)O)C(=O)C3=CC(=C(C(=C3)I)OCCN(CC)CC)I|CCCCC1=C(C2=CC=C(C=C2O1)O)C(=O)C3=CC(=C(C(=C3)I)OCCN(CC)CC)I|C=CCCC1=C(C2=CC=CC=C2O1)C(=O)C3=CC(=C(C(=C3)I)OCCN(CC)CC)I|CCCCC1=C(C2=CC=CC=C2O1)C(=O)C3=CC(=C(C(=C3)I)OCCNCC)I|CCCCC1=C(C2=CC(=CC=C2O1)O)C(=O)C3=CC(=C(C(=C3)I)OCCN(CC)CC)I|CCCCC1=C(C2=CC=CC=C2O1)C(=O)C3=CC(=C(C(=C3)I)OCC=O)I|CCCCC1=C(C2=CC=CC=C2O1)C(O)C3=CC(=C(C(=C3)I)OCCN(CC)CC)I|CCCCC1=C(C2=CC=CC=C2O1)C(=O)C3=C(C(=C(C(=C3)I)OCCN(CC)CC)I)O|CC=O|CCCCC1=C(C2=CC=CC=C2O1)C(=O)C3=CC(=C(C(=C3)I)OCCN(CC)CCO)I|CCCCC1=C(C2=CC=CC=C2O1)C(=O)C3=CC(=C(C(=C3)I)OCCN(CC)C(C)O)I|CCCCC1=C(C2=CC=CC=C2O1)C(=O)C3=CC(=C(C(=C3)I)OCC[N+](CC)(CC)C4OC(C(O)=O)C(C(C4O)O)O)I,CCN(CC)CCOc1c(I)cc(C(=O)c2c(CCCCO)oc3ccccc23)cc1I|CCCCc1oc2ccccc2c1C(=O)c1cc(I)c(OCC[N+](O)(CC)CC)c(I)c1|CCCCc1oc2ccccc2c1C(=O)c1cc(I)c(OCC[N+](CC)(CC)[C@@H]2OC(C(=O)O)[C@@H](O)[C@H](O)[C@H]2O)c(I)c1|CCCCc1oc2cc(O)ccc2c1C(=O)c1cc(I)c(OCCN(CC)CC)c(I)c1|CCCCc1oc2ccccc2c1C(=O)c1ccc(OCCN(CC)CC)c(I)c1|CCCCc1oc2ccccc2c1C(=O)c1cc(I)c(OCCNCC)c(I)c1|CCN(CC)CCOc1c(I)cc(C(=O)c2c(CCC(C)O)oc3ccccc23)cc1I|CCCCc1oc2ccccc2c1C(=O)c1cc(I)c(OCCO)c(I)c1|CCCCc1oc2ccccc2c1C(=O)c1cc(I)c(O)c(I)c1
C[C@H]1COc2c(N3CCN(C)CC3)c(F)cc3c(=O)c(C(=O)O)cn1c23,C[C@H]1C(OC2=C3N1C=C(C(=O)C3=CC(=C2N4CCN(CC4)C)F)C(=O)O)O|CC1COC2=C3N1C=C(C(=O)C3=CC(=C2N4CCNCC4)F)C(=O)O|C[C@H]1COC2=C3[N+]1(C=C(C(=O)C3=CC(=C2N4CCN(CC4)C)F)C(=O)O)[O-]|C[C@H]1COC2=C3N1C=C(C(=O)C3=CC(=C2N4C(CN(CC4)C)O)F)C(=O)O|C[C@H]1COC2=C3N1C=C(C(O)C3=CC(=C2N4CCN(CC4)C)F)C(=O)O|C[C@H]1COC2=C3N1C=C(C(=O)C3=CC(=C2NCCN(CC=O)C)F)C(=O)O|C[C@H]1COC2=C3N1C=C(C(=O)C3=C(C(=C2N4CCN(CC4)C)F)O)C(=O)O|C[C@H]1COC2=C3N1C=C(C(=O)C3=CC(=C2N4CCN(CC4)C)F)C(=O)OC5OC(C(O)C(O)C5O)C(O)=O|CC1COC2=C3N1C=C(C(=O)C3=CC(=C2N4CC[N+](CC4)(C)[O-])F)C(=O)O|C[C@H]1COC2=C3N1C=C(C(=O)C3=CC(=C2N4CCN(CC4)C)F)C(=O)NCC(O)=O|O=C|C[C@H]1COC2=C3N1C=C(C(=O)C3=CC(=C2N4CCNCC4)F)C(=O)O|CC(COC1=C2NC=C(C(=O)C2=CC(=C1N3CCN(CC3)C)F)C(=O)O)=O|C[C@H]1COC2=C3N1C=C(C(=O)C3=CC(=C2N4CC[N+](CC4)(C)[O-])F)C(=O)O|C[C@H]1COC2=C3N1C=C(C(=O)C3=CC(=C2N4CC(N(CC4)C)O)F)C(=O)O|C[C@H]1COC2=C3N1C=C(C(=O)C3=CC(=C2[N+]4(CCN(CC4)C)[O-])F)C(=O)O|C([C@H]1COC2=C3N1C=C(C(=O)C3=CC(=C2N4CCN(CC4)C)F)C(=O)O)O|C[C@H]1COC2=C3N1C=C(C(=O)C3=CC(=C2N4CCN(CC4)C)F)C(=O)OC(C[N+](C)(C)C)CC([O-])=O|CC1(COC2=C3N1C=C(C(=O)C3=CC(=C2N4CCN(CC4)C)F)C(=O)O)O,C[C@H]1COc2c(N3CC[N+](C)([O-])CC3)c(F)cc3c(=O)c(C(=O)O)cn1c23|C[C@@H]1COc2c(N3CCN(C)CC3)c(F)cc3c(=O)c(C(=O)O)cn1c23|C[C@H]1COc2c(N3CCNCC3)c(F)cc3c(=O)c(C(=O)O)cn1c23
CCC1(c2ccccc2)C(=O)NC(=O)NC1=O,CC(C1(C(=O)NC(=O)NC1=O)C2=CC=CC=C2)O|C=CC1(C(=O)NC(=O)NC1=O)C2=CC=CC=C2|CCC1(C(=O)NC(=O)NC1=O)C2=CC=C(C=C2)O|CCC1(C(=O)NC(=O)NC1=O)C2=C(C=CC=C2)O|CCC1(C(=O)NC(=O)NC1=O)C2=CC(=CC=C2)O|CCC(C(=O)NC(=O)N)(C(=O)O)C1=CC=CC=C1|C(CC1(C(=O)NC(=O)NC1=O)C2=CC=CC=C2)O,CC[C@@]1(c2ccccc2)C(=O)NC(=O)N([C@@H]2O[C@H](CO)[C@@H](O)[C@H](O)[C@H]2O)C1=O|CCC(C(N)=O)(C(N)=O)c1ccccc1|CCC1(c2ccc(O)cc2)C(=O)NC(=O)NC1=O|CCC1(c2ccccc2)C(=O)NC(=O)N([C@@H]2O[C@H](CO)[C@@H](O)[C@H](O)[C@H]2O)C1=O|CCC1(c2ccc(O)c(OC)c2)C(=O)NC(=O)NC1=O|CC[C@]1(c2ccccc2)C(=O)NC(=O)N([C@@H]2O[C@H](CO)[C@@H](O)[C@H](O)[C@H]2O)C1=O|CCC1(c2ccc(O)c(O)c2)C(=O)NC(=O)NC1=O
CCC[C@@H]1C[C@@H](C(=O)NC(C(C)Cl)[C@H]2O[C@H](SC)[C@H](O)[C@@H](O)[C@H]2O)N(C)C1,CCCC1CC(C(=O)NC(C(C)Cl)C2OC(C(O)C(O)C2O)S(C)=O)N(C)C1|C(CC[C@@H]1C[C@@H](C(=O)NC(C(C)Cl)[C@H]2O[C@H](SC)[C@H](O)[C@@H](O)[C@H]2O)N(C)C1)O|C=CC[C@@H]1C[C@@H](C(=O)NC(C(C)Cl)[C@H]2O[C@H](SC)[C@H](O)[C@@H](O)[C@H]2O)N(C)C1|CCC[C@@H]1C[C@@H](C(=O)NC(C(C)Cl)[C@H]2O[C@H](SC)[C@H](O)[C@@H](O)[C@H]2O)[N+](C)=C1|CCC[C@@H]1C[C@@H](C(=O)NC(C(C)Cl)[C@H]2O[C@H](SC)[C@H](O)[C@@H](OS(O)(=O)=O)[C@H]2O)N(C)C1|CCC[C@@H]1C[C@@H](C(=O)NC(C(C)Cl)[C@H]2O[C@H](SC)[C@H](O)[C@@H](O)C2=O)N(C)C1|CCC[C@@H]1C[C@@H](C(=O)NC(C(C)Cl)[C@H]2O[C@H]([S+](C)C)[C@H](O)[C@@H](O)[C@H]2O)N(C)C1|CCC[C@@H]1C[C@@H](C(=O)NC(C(C)Cl)[C@H]2O[C@H](SC)[C@H](O)C(=O)[C@H]2O)N(C)C1|CCC[C@@H]1C[C@@H](C(=O)NC(C(C)Cl)[C@H]2O[C@H](SC)[C@H](O)[C@@H](O)[C@H]2O)NC1|CCC[C@@H]1C[C@@H](C(=O)NC(C(C)Cl)[C@H]2O[C@H](SC)[C@H](O)[C@@H](O)[C@H]2OC3OC(C(O)=O)C(C(C3O)O)O)N(C)C1|CCC[C@@H]1C([C@@H](C(=O)NC(C(C)Cl)[C@H]2O[C@H](SC)[C@H](O)[C@@H](O)[C@H]2O)N(C)C1)O|CCC[C@@H]1CC(C(=O)NC(C(C)Cl)[C@H]2O[C@H](SC)[C@H](O)[C@@H](O)[C@H]2O)=[N+](C)C1|O=C|CCC[C@@H]1C[C@@H](C(=O)NC(C(C)Cl)[C@H]2O[C@H](SC)[C@H](O)[C@@H](O)[C@H]2O)[N+](C)(C1)[O-]|CCC[C@@H]1C[C@@H](C(=O)NC(C(C)Cl)[C@H]2O[C@H](SC)[C@H](O)[C@@H](OC3OC(C(O)=O)C(C(C3O)O)O)[C@H]2O)N(C)C1|CCC[C@@H]1C[C@@H](C(=O)NC(C(C)Cl)[C@H]2O[C@H](SC)[C@H](O)[C@@H](O)[C@H]2O)N(C)C1O|CCCC1CC(C(=O)NC(C(C)Cl)C2OC(SC)C(O)C(O)C2O)NC1|CCC[C@@H]1C[C@@H](C(=O)NC(C(C)Cl)[C@H]2OC([C@H](O)[C@@H](O)[C@H]2O)O)N(C)C1|CCC[C@@H]1C[C@@H](C(=O)NC(C(=C)Cl)[C@H]2O[C@H](SC)[C@H](O)[C@@H](O)[C@H]2O)N(C)C1|CCC([C@@H]1C[C@@H](C(=O)NC(C(C)Cl)[C@H]2O[C@H](SC)[C@H](O)[C@@H](O)[C@H]2O)N(C)C1)O|CCC[C@@H]1C[C@@H](C(=O)NC(C(C)Cl)[C@H]2O[C@H](SC)[C@H](OC3OC(C(O)=O)C(C(C3O)O)O)[C@@H](O)[C@H]2O)N(C)C1|CCC[C@@H]1C[C@@H](C(=O)NC(C(C)(Cl)O)[C@H]2O[C@H](SC)[C@H](O)[C@@H](O)[C@H]2O)N(C)C1|SC|CC(C[C@@H]1C[C@@H](C(=O)NC(C(C)Cl)[C@H]2O[C@H](SC)[C@H](O)[C@@H](O)[C@H]2O)N(C)C1)O|CCC[C@@H]1C[C@@H](C(=O)NC(C(C)Cl)[C@H]2O[C@H](SC)[C@H](O)[C@@H](O)[C@H]2OS(O)(=O)=O)N(C)C1|CCC[C@@H]1CC(C(=O)NC(C(C)Cl)[C@H]2O[C@H](SC)[C@H](O)[C@@H](O)[C@H]2O)(N(C)C1)O|CCC[C@@H]1C[C@@H](C(=O)NC(C(C)Cl)[C@H]2O[C@H](SC)[C@H](OS(O)(=O)=O)[C@@H](O)[C@H]2O)N(C)C1|CCC[C@@H]1C[C@@H](C(=O)NC(C(C)Cl)[C@H]2O[C@H](SC)C(=O)[C@@H](O)[C@H]2O)N(C)C1|CCC[C@@H]1C[C@@H](C(=O)NC(C(CO)Cl)[C@H]2O[C@H](SC)[C@H](O)[C@@H](O)[C@H]2O)N(C)C1,CCC[C@H]1CN[C@H](C(=O)NC(C(C)Cl)[C@H]2O[C@H](SC)[C@H](O)[C@@H](O)[C@H]2O)C1|CCC[C@@H]1C[C@@H](C(=O)NC(C(C)Cl)[C@H]2O[C@H](S(C)=O)[C@H](O)[C@@H](O)[C@H]2O)N(C)C1
CN[C@@H](C)[C@H](O)c1ccccc1,CNC(=C)[C@H](O)C1=CC=CC=C1|C(C)([C@H](O)C1=CC=CC=C1)=O|CN[C@@H](C)C(=O)C1=CC=CC=C1|CN[C@@H](C)[C@H](OC1OC(C(O)=O)C(C(C1O)O)O)C2=CC=CC=C2|OC(C1=CC(=CC=C1)O)C(NC)C|O=C|CN[C@@H](CO)[C@H](O)C1=CC=CC=C1|CN[C@@H](C)[C@H](O)C1=C(C=CC=C1)O|CN[C@@H](C)[C@H](O)C1=CC=C(C=C1)O|OC(C1=CC=CC=C1)C(N)C|N[C@@H](C)[C@H](O)C1=CC=CC=C1|CN[C@@H](C)[C@H](OS(O)(=O)=O)C1=CC=CC=C1|NC,C[C@H](N)[C@H](O)c1ccccc1|C[C@H](O)[C@H](O)c1ccccc1|C[C@@H](N)[C@@H](O)c1ccccc1
Cc1cccc(C)c1OCC(=O)N[C@@H](Cc1ccccc1)[C@@H](O)C[C@H](Cc1ccccc1)NC(=O)[C@H](C(C)C)N1CCCNC1=O,CC1=CC=CC(C)=C1OCC(=O)NC(CC2=CC=CC=C2)C(O)CC(CC3=CC=CC=C3)NC(=O)C(C(C)C)N4CCC(NC4=O)O|O=C(N[C@@H](CC1=CC=CC=C1)[C@@H](O)C[C@@H](NC(=O)[C@@H](N2C(=O)NCCC2)C(C)C)CC3=CC=CC=C3)COC4=C(C(=CC=C4C)O)C|O=C(N[C@@H](CC1=CC=CC=C1)[C@@H](O)C[C@@H](NC(=O)[C@@H](N2C(=O)NCCC2)C(C)C)CC3=CC=C(C=C3)O)COC4=C(C=CC=C4C)C|O=C(N[C@@H](CC1=CC=CC=C1)[C@@H](O)C[C@@H](NC(=O)[C@@H](N2C(=O)NC(CC2)O)C(C)C)CC3=CC=CC=C3)COC4=C(C=CC=C4C)C|O=C(N[C@@H](CC1=CC=C(C=C1)O)[C@@H](O)C[C@@H](NC(=O)[C@@H](N2C(=O)NCCC2)C(C)C)CC3=CC=CC=C3)COC4=C(C=CC=C4C)C|O=C(N[C@@H](CC1=CC=CC=C1)[C@@H](OS(O)(=O)=O)C[C@@H](NC(=O)[C@@H](N2C(=O)NCCC2)C(C)C)CC3=CC=CC=C3)COC4=C(C=CC=C4C)C|O=C(N[C@@H](CC1=CC=CC=C1)[C@@H](O)C[C@@H](NC(=O)[C@@H](N2C(=O)NCCC2)C(C)C)CC3=C(C=CC=C3)O)COC4=C(C=CC=C4C)C|O=C(N[C@@H](CC1=CC=CC=C1)[C@@H](O)C[C@@H](NC(=O)[C@@H](N2C(=O)NCCC2)C(C)(C)O)CC3=CC=CC=C3)COC4=C(C=CC=C4C)C|O=C(N[C@@H](CC1=CC=CC=C1)[C@@H](O)C[C@@H](NC(=O)[C@@H](N2C(=O)NCCC2)C(C)C)CC3=CC=CC=C3)COC4=C(C=CC=C4C)CO|O=C(N[C@@H](CC1=CC=CC=C1)[C@@H](O)C[C@@H](NC(=O)[C@@H](N2C(=O)NCC(C2)O)C(C)C)CC3=CC=CC=C3)COC4=C(C=CC=C4C)C|O=C(N[C@@H](CC1=CC=CC=C1)[C@@H](O)C[C@@H](NC(=O)[C@@H](N2C(=O)NCCC2)C(C)C)CC3=CC=CC=C3)C=O|O=C(N[C@@H](CC1=CC=CC=C1)[C@@H](O)C[C@@H](NC(=O)[C@@H](N2C(=O)NCCC2)C(=C)C)CC3=CC=CC=C3)COC4=C(C=CC=C4C)C|O=C(N[C@@H](C(C1=CC=CC=C1)O)[C@@H](O)C[C@@H](NC(=O)[C@@H](N2C(=O)NCCC2)C(C)C)CC3=CC=CC=C3)COC4=C(C=CC=C4C)C|O=C(N[C@@H](CC1=CC=CC=C1)C(=O)C[C@@H](NC(=O)[C@@H](N2C(=O)NCCC2)C(C)C)CC3=CC=CC=C3)COC4=C(C=CC=C4C)C|O=C(N[C@@H](CC1=CC=CC=C1)[C@@H](O)C[C@@H](NC(=O)[C@@H](N2C(=O)NCCC2O)C(C)C)CC3=CC=CC=C3)COC4=C(C=CC=C4C)C|O=C(N[C@@H](CC1=CC=CC=C1)[C@@H](O)C[C@@H](NC(=O)[C@@H](N2C(=O)NCCC2)C(C)C)C(C3=CC=CC=C3)O)COC4=C(C=CC=C4C)C|CC1=CC=CC(C)=C1O|O=C(N[C@@H](CC1=C(C=CC=C1)O)[C@@H](O)C[C@@H](NC(=O)[C@@H](N2C(=O)NCCC2)C(C)C)CC3=CC=CC=C3)COC4=C(C=CC=C4C)C|O=C(N[C@@H](CC1=CC=CC=C1)[C@@H](OC2OC(C(O)=O)C(C(C2O)O)O)C[C@@H](NC(=O)[C@@H](N3C(=O)NCCC3)C(C)C)CC4=CC=CC=C4)COC5=C(C=CC=C5C)C|O=C(N[C@@H](CC1=CC=CC=C1)[C@@H](O)C[C@@H](NC(=O)[C@@H](N2C(=O)NCCC2)C(C)CO)CC3=CC=CC=C3)COC4=C(C=CC=C4C)C,Cc1cccc(C)c1OCC(=O)N[C@@H](Cc1ccccc1)[C@@H](O)C[C@H](Cc1ccccc1)NC(=O)[C@H](C(C)C)N1C(=O)NCCC1O|Cc1cccc(C)c1OCC(=O)N[C@@H](Cc1ccccc1)[C@@H](O)C[C@H](Cc1ccccc1)NC(=O)[C@H](C(C)C)N1CCC(O)NC1=O
NC(=O)c1cn(Cc2c(F)cccc2F)nn1,NC(=O)C1=CN(CC2=C(F)C(=CC=C2F)O)N=N1|NC(=O)C1=CN(CC2=C(F)C=C(C=C2F)O)N=N1|NC(=O)C1=CN(C(C2=C(F)C=CC=C2F)O)N=N1,O=C(O)c1cn(Cc2c(F)cccc2F)nn1
O=C(O)CCC(=O)OC[C@@H](NC(=O)C(Cl)Cl)[C@H](O)c1ccc([N+](=O)[O-])cc1,ClC(Cl)C(=O)N[C@@H]([C@H](OC1OC(C(O)=O)C(C(C1O)O)O)C2=CC=C([N+]([O-])=O)C=C2)COC(=O)CCC(O)=O|ClC(Cl)C(=O)N[C@@H]([C@H](O)C1=CC=C([N+]([O-])=O)C=C1)COC(=O)CC(C(O)=O)O|OC(=O)CCC(O)=O|ClC(Cl)C(=O)N[C@@H]([C@H](O)C1=CC=C([N+]([O-])=O)C=C1)COC(=O)C(CC(O)=O)O|ClC(Cl)(C(=O)N[C@@H]([C@H](O)C1=CC=C([N+]([O-])=O)C=C1)COC(=O)CCC(O)=O)O|ClC(Cl)C(=O)N[C@@H]([C@H](OS(O)(=O)=O)C1=CC=C([N+]([O-])=O)C=C1)COC(=O)CCC(O)=O|ClC(Cl)C(=O)N[C@@H](C(=O)C1=CC=C([N+]([O-])=O)C=C1)COC(=O)CCC(O)=O|ClC(Cl)C(=O)N[C@@H]([C@H](O)C1=CC=C([N+](=O)[O-])C=C1)CO|ClC(Cl)C(=O)N[C@@H]([C@H](O)C1=CC=C([N+]([O-])=O)C=C1)COC(=O)CCC(OC2OC(C(O)C(O)C2O)C(O)=O)=O|ClC(Cl)C(=O)N[C@@H]([C@H](O)C1=CC=C([N+]([O-])=O)C=C1)COC(=O)CCC(=O)NCC(O)=O|C(Cl)C(=O)N[C@@H]([C@H](O)C1=CC=C([N+]([O-])=O)C=C1)COC(=O)CCC(O)=O,O=C(N[C@H](CO)[C@H](O)c1ccc([N+](=O)[O-])cc1)C(Cl)Cl
O=C(N[C@H](CO)[C@H](O)c1ccc([N+](=O)[O-])cc1)C(Cl)Cl,ClC(Cl)C(=O)N[C@@H]([C@H](O)C1=CC=C(NO)C=C1)CO|ClC(Cl)C(=O)N[C@@H]([C@H](OC1OC(C(O)=O)C(C(C1O)O)O)C2=CC=C([N+](=O)[O-])C=C2)CO|ClC(Cl)C(=O)N[C@@H]([C@H](O)C1=CC=C([N+](=O)[O-])C=C1)COC2OC(C(O)=O)C(C(C2O)O)O|ClC(Cl)C(=O)N[C@@H]([C@H](OS(O)(=O)=O)C1=CC=C([N+](=O)[O-])C=C1)CO|ClC(Cl)C(=O)N[C@@H]([C@H](O)C1=CC=C(N=O)C=C1)CO|ClC(Cl)C(=O)N[C@@H]([C@H](O)C1=CC=C([N+](=O)[O-])C=C1)C=O|ClC(Cl)(C(=O)N[C@@H]([C@H](O)C1=CC=C([N+](=O)[O-])C=C1)CO)O|C(Cl)C(=O)N[C@@H]([C@H](O)C1=CC=C([N+](=O)[O-])C=C1)CO|ClC(Cl)C(=O)N[C@@H]([C@H](O)C1=CC=C([N+](=O)[O-])C=C1)COS(O)(=O)=O,Nc1ccc([C@@H](O)[C@H](N)CO)cc1|O=C(N[C@H](CO[C@H]1OC(C(=O)O)[C@@H](O)[C@H](O)[C@H]1O)[C@H](O)c1ccc([N+](=O)[O-])cc1)C(Cl)Cl|O=C(N[C@H](COC1O[C@H](C(=O)O)[C@@H](O)[C@H](O)[C@H]1O)[C@H](O)c1ccc([N+](=O)[O-])cc1)C(Cl)Cl|O=C(N[C@H](COC1OC(C(=O)O)[C@@H](O)[C@H](O)[C@H]1O)[C@H](O)c1ccc([N+](=O)[O-])cc1)C(Cl)Cl|CC(=O)OC[C@@H](NC(=O)C(Cl)Cl)[C@H](O)c1ccc([N+](=O)[O-])cc1|CC(=O)OC[C@H](NC(=O)C(Cl)Cl)[C@H](O)c1ccc([N+](=O)[O-])cc1|Nc1ccc([C@@H](O)[C@@H](CO)NC(=O)C(Cl)Cl)cc1|N[C@H](CO)[C@H](O)c1ccc([N+](=O)[O-])cc1|O=C(O)C(=O)N[C@H](CO)[C@H](O)c1ccc([N+](=O)[O-])cc1|CC(=O)Nc1ccc([C@@H](O)[C@@H](CO)NC(=O)C(Cl)Cl)cc1|CCCC(=O)OC[C@H](NC(=O)C(Cl)Cl)[C@H](O)c1ccc([N+](=O)[O-])cc1|O=C(NC(CO)C(=O)c1ccc(NO)cc1)C(Cl)Cl|O=[N+]([O-])c1ccc([C@@H](O)CCO)cc1|O=C(N[C@H](COS(=O)(=O)O)[C@H](O)c1ccc([N+](=O)[O-])cc1)C(Cl)Cl|O=C(CO)N[C@H](CO)[C@H](O)c1ccc([N+](=O)[O-])cc1
CCCSc1nc(N[C@@H]2C[C@H]2c2ccc(F)c(F)c2)c2nnn([C@@H]3C[C@H](OCCO)[C@@H](O)[C@H]3O)c2n1,CCCS(C1=NC(NC2CC2C3=CC=C(F)C(F)=C3)=C4N=NN(C5CC(OCCO)C(O)C5O)C4=N1)=O|CCCSC1=NC(NC2(CC2C3=CC=C(F)C(F)=C3)O)=C4N=NN(C5CC(OCCO)C(O)C5O)C4=N1|CCC(SC1=NC(NC2CC2C3=CC=C(F)C(F)=C3)=C4N=NN(C5CC(OCCO)C(O)C5O)C4=N1)O|CCCSC1=NC2=C(N=NN2[C@@H]3C[C@H](OCCO)[C@@H](O)[C@H]3OC4OC(C(O)=O)C(C(C4O)O)O)C(N[C@@H]5C[C@H]5C6=CC=C(F)C(F)=C6)=N1|C=CCSC1=NC2=C(N=NN2[C@@H]3C[C@H](OCCO)[C@@H](O)[C@H]3O)C(N[C@@H]4C[C@H]4C5=CC=C(F)C(F)=C5)=N1|CCCSC1=NC2=C(N=NN2[C@@H]3C[C@H](OCCO)[C@@H](O)[C@H]3O)C(N[C@@H]4C[C@H]4C5=C(C=C(F)C(F)=C5)O)=N1|C1(C[C@H]1C2=CC=C(F)C(F)=C2)=O|CCCSC1=NC2=C(N=NN2[C@@H]3C[C@H](OCCO)[C@@H](O)[C@H]3O)C(N[C@@H]4CC4(C5=CC=C(F)C(F)=C5)O)=N1|C(C=O)O|C(CO)O|C(CCSC1=NC2=C(N=NN2[C@@H]3C[C@H](OCCO)[C@@H](O)[C@H]3O)C(N[C@@H]4C[C@H]4C5=CC=C(F)C(F)=C5)=N1)O|CCCSC1=NC2=C(N=NN2[C@@H]3C[C@H](OCCO)[C@@H](O)[C@H]3O)C(N)=N1|CCCSC1=NC2=C(N=NN2[C@@H]3C[C@H](OCCO)[C@@H](O)[C@H]3O)C(N[C@@H]4C([C@H]4C5=CC=C(F)C(F)=C5)O)=N1|CCCSC1=NC2=C(N=NN2[C@@H]3C[C@H](OCCO)[C@@H](OC4OC(C(O)=O)C(C(C4O)O)O)[C@H]3O)C(N[C@@H]5C[C@H]5C6=CC=C(F)C(F)=C6)=N1|CCCSC1=NC2=C(N=NN2[C@@H]3C[C@H](OCCOC4OC(C(O)=O)C(C(C4O)O)O)[C@@H](O)[C@H]3O)C(N[C@@H]5C[C@H]5C6=CC=C(F)C(F)=C6)=N1|CCCSC1=NC2=C(N=NN2[C@@H]3C[C@H](OCCO)[C@@H](O)[C@H]3O)C(N[C@@H]4C[C@H]4C5=CC=C(F)C(F)=C5O)=N1|CCCSC1=NC2=C(N=NN2[C@@H]3C[C@H](OCC=O)[C@@H](O)[C@H]3O)C(N[C@@H]4C[C@H]4C5=CC=C(F)C(F)=C5)=N1|CC(CSC1=NC2=C(N=NN2[C@@H]3C[C@H](OCCO)[C@@H](O)[C@H]3O)C(N[C@@H]4C[C@H]4C5=CC=C(F)C(F)=C5)=N1)O|CCCSC1=NC2=C(N=NN2[C@@H]3C[C@H](OCCOS(O)(=O)=O)[C@@H](O)[C@H]3O)C(N[C@@H]4C[C@H]4C5=CC=C(F)C(F)=C5)=N1|CCC[S+](C1=NC2=C(N=NN2[C@@H]3C[C@H](OCCO)[C@@H](O)[C@H]3O)C(N[C@@H]4C[C@H]4C5=CC=C(F)C(F)=C5)=N1)C|CCCSC1=NC2=C(N=NN2[C@@H]3C[C@H](OCCO)[C@@H](OS(O)(=O)=O)[C@H]3O)C(N[C@@H]4C[C@H]4C5=CC=C(F)C(F)=C5)=N1|CCCSC1=NC2=C(N=NN2[C@@H]3C[C@H](O)[C@@H](O)[C@H]3O)C(N[C@@H]4C[C@H]4C5=CC=C(F)C(F)=C5)=N1|CCCS(C1=NC2=C(N=NN2[C@@H]3C[C@H](OCCO)[C@@H](O)[C@H]3O)C(N[C@@H]4C[C@H]4C5=CC=C(F)C(F)=C5)=N1)=O|CCCSC1=NC2=C(N=NN2[C@@H]3C[C@H](OCCO)[C@@H](O)[C@H]3OS(O)(=O)=O)C(N[C@@H]4C[C@H]4C5=CC=C(F)C(F)=C5)=N1|CCCSC1=NC2=C(N=NN2[C@@H]3CC([C@@H](O)[C@H]3O)=O)C(N[C@@H]4C[C@H]4C5=CC=C(F)C(F)=C5)=N1|CCCSC1=NC2=C(N=NN2[C@@H]3C[C@H](OCCO)[C@@H](O)[C@H]3O)C(N[C@@H]4C[C@H]4C5=CC(=C(F)C(F)=C5)O)=N1|CCCSC1=NC2=C(N=NN2[C@@H]3C([C@H](OCCO)[C@@H](O)[C@H]3O)O)C(N[C@@H]4C[C@H]4C5=CC=C(F)C(F)=C5)=N1,CCCSc1nc(N)c2nnn([C@@H]3C[C@H](OCCO)[C@@H](O)[C@H]3O)c2n1|CCCSc1nc(N[C@@H]2C[C@H]2c2ccc(F)c(F)c2)c2nnn([C@@H]3C[C@H](O)[C@@H](O)[C@H]3O)c2n1
CCCCCCCCc1ccc(CCC(N)(CO)CO)cc1,CCCCCCCCC1=CC=C(CCC(N)(CO)COC2OC(C(O)=O)C(C(C2O)O)O)C=C1|CCCCCCCCC1=CC=C(C(CC(N)(CO)CO)O)C=C1|C(CCCCCCCC1=CC=C(CCC(N)(CO)CO)C=C1)O|CCCCCCCCC1=CC=C(CCC(N)(CO)C=O)C=C1|CC(CCCCCCC1=CC=C(CCC(N)(CO)CO)C=C1)O|C=CCCCCCCC1=CC=C(CCC(N)(CO)CO)C=C1|CCCCCCCCC1=CC=C(CCC(N)(CO)COS(O)(=O)=O)C=C1|CCCCCCCC(C1=CC=C(CCC(N)(CO)CO)C=C1)O|CCC(CCCCCC1=CC=C(CCC(N)(CO)CO)C=C1)O,CCCCCCCCc1ccc(CC[C@](N)(CO)COP(=O)(O)O)cc1|CCCCCCCCc1ccc(CCC(N)(CO)CO[PH](=O)(=O)O)cc1|CCCCCCCCc1ccc(CC[C@](N)(CO)CO[PH](=O)(=O)O)cc1|NC(CO)(CO)CCc1ccc(CCCCCC(=O)O)cc1
Cn1nnc(-c2ccc(-c3ccc(N4C[C@H](CO)OC4=O)cc3F)cn2)n1,CN1N=NC(C2=CC=C(C3=CC=C(N4C[C@H](CO)OC4=O)C(=C3F)O)C=N2)=N1|CN1N=NC(C2=CC=C(C3=C(C=C(N4C[C@H](CO)OC4=O)C=C3F)O)C=N2)=N1|CN1N=NC(C2=CC=C(C3=CC(=C(N4C[C@H](CO)OC4=O)C=C3F)O)C=N2)=N1|CN1N=NC(C2=CC=C(C3=CC=C(N4C[C@H](CO)OC4=O)C=C3F)C=[N+]2C5OC(C(O)C(O)C5O)C(O)=O)=N1|CN1N=NC(C2=CC=C(C3=CC=C(N4C[C@H](C=O)OC4=O)C=C3F)C=N2)=N1|CN1N=NC(C2=CC=C(C3=CC=C(N4C[C@H](CO)OC4=O)C=C3F)C=[N+]2[O-])=N1|CN1N=NC(C2=CC=C(C3=CC=C(N4C[C@H](COC5OC(C(O)=O)C(C(C5O)O)O)OC4=O)C=C3F)C=N2)=N1|CN1N=NC(C2=CC=C(C3=CC=C(N4C([C@H](CO)OC4=O)O)C=C3F)C=N2)=N1|N1(N=NC(C2=CC=C(C3=CC=C(N4CC(CO)OC4=O)C=C3F)C=N2)=N1)CO|CN1N=NC(C2=CC=C(C3=CC=C(N4C[C@H](COS(O)(=O)=O)OC4=O)C=C3F)C=N2)=N1,Cn1nnc(-c2ccc(-c3ccc(N4C[C@H](C(=O)O)OC4=O)cc3F)cn2)n1|Cn1nnc(-c2ccc(-c3ccc(NCC(=O)O)cc3F)cn2)n1|Cn1nnc(-c2ccc(-c3ccc(N4C[C@H](C=S(=O)([O-])[O-])OC4=O)cc3F)cn2)n1|Cn1nnc(-c2ccc(-c3ccc(N4CC(C(=O)O)OC4=O)cc3F)cn2)n1|Cn1nnc(-c2ccc(-c3ccc(N4C[C@H](C=S(=O)(O)O)OC4=O)cc3F)cn2)n1|O=C1O[C@@H](CO)CN1c1ccc(-c2ccc(-c3nn[nH]n3)nc2)c(F)c1
O=C(O)c1cc(O)c2c(c1)C(C1c3cc(C(=O)O)cc(O)c3C(=O)c3c(OC4OC(CO)C(O)C(O)C4O)cccc31)c1cccc(OC3OC(CO)C(O)C(O)C3O)c1C2=O,None,O=C(O)c1cc(O)c2c(c1)C(C1c3cccc(O)c3C(=O)c3c(O)cc(C(=O)O)cc31)c1cccc(O)c1C2=O
Clc1ccc(CCCOCCCN2CCCCC2)cc1,C1CCN(CC1)CCCO|C1CCN(CC1)CC(COCCCC2=CC=C(C=C2)Cl)O|C(CCOCCCC1=CC=C(C=C1)Cl)=O|C1CC=[N+](CC1)CCCOCCCC2=CC=C(C=C2)Cl|N1CCCCC1|C(CCNCCCOCCCC1=CC=C(C=C1)Cl)CC(O)=O|C1CCN(CC1)CCCOCCCC2=CC(=C(C=C2)Cl)O|C1CCN(CC1)CCCOCC(CC2=CC=C(C=C2)Cl)O|OCCCC1=CC=C(C=C1)Cl|C1CCN(CC1)CCC=O|C1CCN(CC1)CCCOCCC(C2=CC=C(C=C2)Cl)O|C1CCN(CC1)CCCOC(CCC2=CC=C(C=C2)Cl)O|C1CC[N+](CC1)(CCCOCCCC2=CC=C(C=C2)Cl)[O-]|C1CC(N(CC1)CCCOCCCC2=CC=C(C=C2)Cl)O|C1CCN(CC1)C(CCOCCCC2=CC=C(C=C2)Cl)O|C1CCN(CC1)CCC(OCCCC2=CC=C(C=C2)Cl)O|C1CCN(CC1)CCCOCCCC2=C(C=C(C=C2)Cl)O|C1C(CN(CC1)CCCOCCCC2=CC=C(C=C2)Cl)O|C(CCC1=CC=C(C=C1)Cl)=O,[O-][N+]1(CCCOCCCc2ccc(Cl)cc2)CCCCC1|O=C(O)CCCCNCCCOCCCc1ccc(Cl)cc1
NC(=O)c1nc(F)cnc1O,NC(=O)C1=NC(F)=CN=C1OC2OC(C(O)C(O)C2O)C(O)=O|NC(=O)C1=NC(F)=C(N=C1O)O,NC(=O)c1nc(F)c(O)nc1O
CCN(c1cc(-c2ccc(CN3CCOCC3)cc2)cc(C(=O)NCc2c(C)cc(C)[nH]c2=O)c1C)C1CCOCC1,C(CN(C1=CC(C2=CC=C(CN3CCOCC3)C=C2)=CC(C(=O)NCC4=C(C)C=C(C)NC4=O)=C1C)C5CCOCC5)O|CCN(C1=CC(C2=CC=C(CN3CCOCC3)C=C2)=CC(C(=O)NCC4C(C)C=C(C)NC4=O)=C1C)C5CCOCC5|CCN(C1=CC(C2=CC=C(CN3CCOCC3)C=C2)=CC(C(=O)NCC4=C(CO)C=C(C)NC4=O)=C1C)C5CCOCC5|CCN(C1=CC(C2=CC=C(CN3CCOCC3)C=C2)=CC(C(=O)NCC4=C(C)C=C(C)NC4=O)=C1C)C5C(COCC5)O|N(C1=CC(C2=CC=C(CN3CCOCC3)C=C2)=CC(C(=O)NCC4=C(C)C=C(C)NC4=O)=C1C)C5CCOCC5|CCN(C1=CC(C2=CC=C(C(N3CCOCC3)O)C=C2)=CC(C(=O)NCC4=C(C)C=C(C)NC4=O)=C1C)C5CCOCC5|CCNC1=CC(C2=CC=C(CN3CCOCC3)C=C2)=CC(C(=O)NCC4=C(C)C=C(C)NC4=O)=C1C|CCN(C1=CC(C2=CC=C(CN3C(COCC3)O)C=C2)=CC(C(=O)NCC4=C(C)C=C(C)NC4=O)=C1C)C5CCOCC5|CCN(C1=CC(C2=CC=C(CN3CCOCC3)C=C2)=CC(C(=O)NCC(=C(C)C=C(C)N)C(=O)O)=C1C)C4CCOCC4|CCN(C1=CC(C2=CC=C(CN3CCOCC3)C=C2)=CC(C(=O)NCC4=C(C)C=C(C)NC4=O)=C1CO)C5CCOCC5|CCN(C1=CC(C2=CC=C(CN3CCOCC3)C=C2)=CC(C(=O)NCC4=C(C)C=C(CO)NC4=O)=C1C)C5CCOCC5|CCN(C1=CC(C2=CC=C(CN3CCOCC3)C=C2)=CC(C(=O)NCC45C(C)(C=C(C)NC4=O)O5)=C1C)C6CCOCC6|CCN(C1=CC(C2=CC=C(CN3CCOCC3)C=C2)=CC(C(=O)NCC4=C(C)C=C(C)NC4=O)=C1C)C5(CCOCC5)O|N1CCOCC1|CCN(C1=CC(C2=CC=C(C=O)C=C2)=CC(C(=O)NCC3=C(C)C=C(C)NC3=O)=C1C)C4CCOCC4|CCN(C1=CC(C2=CC=C(C[N+]3(CCOCC3)[O-])C=C2)=CC(C(=O)NCC4=C(C)C=C(C)NC4=O)=C1C)C5CCOCC5|CCN(C1=CC(C2=CC=C(CN3CC(OCC3)O)C=C2)=CC(C(=O)NCC4=C(C)C=C(C)NC4=O)=C1C)C5CCOCC5|CC=O|CC(N(C1=CC(C2=CC=C(CN3CCOCC3)C=C2)=CC(C(=O)NCC4=C(C)C=C(C)NC4=O)=C1C)C5CCOCC5)O|C1(CCOCC1)=O,Cc1cc(C)c(CNC(=O)c2cc(-c3ccc(CN4CCOCC4)cc3)cc(NC3CCOCC3)c2C)c(=O)[nH]1
CCOC(=O)c1c(CSc2ccccc2)n(C)c2cc(Br)c(O)c(CN(C)C)c12,CCOC(=O)C1=C(CSC2=CC=CC=C2)NC3=CC(Br)=C(O)C(CN(C)C)=C13|CCOC(=O)C1=C(CSC2=CC=CC=C2)N(C)C3=C(C(Br)=C(O)C(CN(C)C)=C13)O|CCOC(=O)C1=C(CSC2=CC=CC=C2)N(C)C3=CC(Br)=C(O)C(C=O)=C13|CCOC(=O)C1=C(CS(=O)C2=CC=CC=C2)N(C)C3=CC(Br)=C(O)C(CN(C)C)=C13|CNC|O=C|CCOC(=O)C1=C(CSC2=CC=C(C=C2)O)N(C)C3=CC(Br)=C(O)C(CN(C)C)=C13|CCOC(=O)C1=C(CSC2=CC=CC=C2)N(C)C3=CC(Br)=C(O)C(C[N+](C)(C)[O-])=C13|CCOC(=O)C1=C(C[S+](C2=CC=CC=C2)C)N(C)C3=CC(Br)=C(O)C(CN(C)C)=C13|C(COC(=O)C1=C(CSC2=CC=CC=C2)N(C)C3=CC(Br)=C(O)C(CN(C)C)=C13)O|CCOC(=O)C1=C(CSC2=CC=CC=C2)N(C)C3=CC(Br)=C(O)C(CNC)=C13|CCOC(=O)C1=C(CSC2=CC=CC=C2)N(C)C3=CC(Br)=C(OC4OC(C(O)C(O)C4O)C(O)=O)C(CN(C)C)=C13|CCO|CCOC(=O)C1=C(CSC2=CC=CC=C2)N(C)C3=CC(Br)=C(O)C(C[N+](C)(C)C4OC(C(O)=O)C(C(C4O)O)O)=C13|CCOC(=O)C1=C(CSC2=CC=CC=C2)N(C)C3=CC(Br)=C(O)C(C(N(C)C)O)=C13|OC(=O)C1=C(CSC2=CC=CC=C2)N(C)C3=CC(Br)=C(O)C(CN(C)C)=C13|CCOC(=O)C1=C(C(SC2=CC=CC=C2)O)N(C)C3=CC(Br)=C(O)C(CN(C)C)=C13,CCOC(=O)c1c(CS(=O)(=O)c2ccccc2)n(C)c2cc(Br)c(OS(=O)(=O)O)c(CN(C)C)c12|CCOC(=O)c1c(CS(=O)c2ccccc2)n(C)c2cc(Br)c(O)c(CN(C)C)c12|CCOC(=O)c1c(CS(=O)(=O)c2ccccc2)n(C)c2cc(Br)c(O)c(CNC)c12|CCOC(=O)c1c(CS(=O)c2ccccc2)n(C)c2cc(Br)c(O)c(CNC)c12|CCOC(=O)c1c(CS(=O)(=O)c2ccccc2)n(C)c2cc(Br)c(OS(=O)(=O)[O-])c(CN(C)C)c12|CCOC(=O)c1c(C[S+]([O-])c2ccccc2)n(C)c2cc(Br)c(O)c(CN(C)C)c12|CCOC(=O)c1c(CSc2ccccc2)n(C)c2cc(Br)c(O[C@@H]3OC(C(=O)O)[C@@H](O)[C@H](O)[C@H]3O)c(CN(C)C)c12|CCOC(=O)c1c(CSc2ccccc2)n(C)c2cc(Br)c(OC3OC(C(=O)O)[C@@H](O)[C@H](O)[C@H]3O)c(CN(C)C)c12|CCOC(=O)c1c(C[S+]([O-])c2ccccc2)n(C)c2cc(Br)c(O)c(CNC)c12|CCOC(=O)c1c(CSc2ccccc2)n(C)c2cc(Br)c(O)c(CNC)c12|CCOC(=O)c1c(CSc2ccc(O)cc2)n(C)c2cc(Br)c(O)c(CN(C)C)c12|CCOC(=O)c1c(CSc2ccccc2)n(C)c2cc(Br)c(OS(=O)(=O)O)c(CN(C)C)c12|CCOC(=O)c1c(CS(=O)(=O)c2ccccc2)n(C)c2cc(Br)c(O)c(CN(C)C)c12|CCOC(=O)c1c(CO)n(C)c2cc(Br)c(O)c(CN(C)C)c12|CCOC(=O)c1c(CSc2ccccc2)n(C)c2cc(Br)c(OS(=O)(=O)[O-])c(CN(C)C)c12|CCOC(=O)c1c(CSc2ccccc2)n(C)c2cc(Br)c(OC3O[C@H](C(=O)O)[C@@H](O)[C@H](O)[C@H]3O)c(CN(C)C)c12
CN(C)C(=O)COC(=O)Cc1ccc(OC(=O)c2ccc(NC(=N)N)cc2)cc1,N(C)(C(=O)COC(=O)CC1=CC=C(OC(=O)C2=CC=C(NC(=N)N)C=C2)C=C1)CO|CN(C)C(=O)COC(=O)C(C1=CC=C(OC(=O)C2=CC=C(NC(=N)N)C=C2)C=C1)O|N=C(N)NC1=CC=C(C(=O)OC2=CC=C(CC(=O)O)C=C2)C=C1|N=C(N)NC1=CC=C(C(=O)O)C=C1|N(C)C(=O)COC(=O)CC1=CC=C(OC(=O)C2=CC=C(NC(=N)N)C=C2)C=C1|CN(C)C(=O)COC(=O)CC1=CC=C(OC(=O)C2=CC=C(NC(=NO)N)C=C2)C=C1|O=C|CN(C)C(=O)CO|CN(C)C(=O)COC(=O)CC1=CC=C(C=C1)O,N=C(N)Nc1ccc(C(=O)Oc2ccc(CC(=O)O)cc2)cc1
N[C@@H](Cc1cc(O)c(O)cc1[18F])C(=O)O,N[C@@H](CC1=CC(O)=C(O)C=C1[18F])C(=O)OC(C[N+](C)(C)C)CC([O-])=O|N[C@@H](CC1=CC(O)=C(OC2OC(C(O)C(O)C2O)C(O)=O)C=C1[18F])C(=O)O|N[C@@H](CC1=CC(OC2OC(C(O)C(O)C2O)C(O)=O)=C(O)C=C1[18F])C(=O)O|O=CO|N[C@@H](CC1=CC(O)=C(O)C=C1[18F])C(=O)NCC(O)=O|NCCC1=CC(O)=C(O)C=C1[18F],NCCc1cc(O)c(O)cc1[18F]
C[C@H]1C[C@H]2[C@@H]3CCC4=CC(=O)C=C[C@]4(C)[C@@]3(F)[C@@H](O)C[C@]2(C)[C@@]1(O)C(=O)COP(=O)(O)O,C=1[C@]2(C(=C(C(C1)=O)O)CC[C@H]3[C@H]4[C@](C[C@@H]([C@]23F)O)([C@]([C@H](C4)C)(C(COP(O)(=O)O)=O)O)C)C|P(OCC(=O)[C@]1(O)[C@@]2([C@H]([C@H]3[C@](F)([C@@H](O)C2)[C@@]4(C(CC3)=CC(=O)C=C4)C)CC1(C)O)C)(O)(O)=O|C=1[C@]2(C(=CC(C1)=O)CC[C@H]3[C@H]4[C@](C[C@@H]([C@]23F)O)([C@]([C@H](C4)C)(C(COP(O)(=O)O)=O)O)CO)C|C=1[C@]2(C(=CC(C1O)=O)CC[C@H]3[C@H]4[C@](C[C@@H]([C@]23F)O)([C@]([C@H](C4)C)(C(COP(O)(=O)O)=O)O)C)C|C=1[C@]2(C(=CC(C1)O)CC[C@H]3[C@H]4[C@](C[C@@H]([C@]23F)O)([C@]([C@H](C4)C)(C(COP(O)(=O)O)=O)O)C)C|C=1[C@]2(C(=CC(C1)=O)CC[C@H]3[C@H]4[C@](CC([C@]23F)=O)([C@]([C@H](C4)C)(C(COP(O)(=O)O)=O)O)C)C|CC1CC2C3CC(C4=CC(=O)C=CC4(C)C3(F)C(O)CC2(C)C1(O)C(=O)COP(=O)(O)O)O|C=1[C@]2(C(CC(C1)=O)CC[C@H]3[C@H]4[C@](C[C@@H]([C@]23F)O)([C@]([C@H](C4)C)(C(COP(O)(=O)O)=O)O)C)C|C=1[C@]2(C(=CC(C1)=O)C(C[C@H]3[C@H]4[C@](C[C@@H]([C@]23F)O)([C@]([C@H](C4)C)(C(COP(O)(=O)O)=O)O)C)O)C|C=1[C@]2(C(=CC(C1)=O)CC[C@H]3[C@H]4[C@](C[C@@H]([C@]23F)O)([C@]([C@H](C4)C)(C(COP(O)(=O)O)=O)O)C)CO|C12[C@]3(C(=CC(C1O2)=O)CC[C@H]4[C@H]5[C@](C[C@@H]([C@]34F)O)([C@]([C@H](C5)C)(C(COP(O)(=O)O)=O)O)C)C|C1[C@]2(C(=CC(C1)=O)CC[C@H]3[C@H]4[C@](C[C@@H]([C@]23F)O)([C@]([C@H](C4)C)(C(COP(O)(=O)O)=O)O)C)C|C=1[C@]2(C(=CC(C1)=O)CC[C@H]3[C@H]4[C@](C[C@@H]([C@]23F)O)([C@]([C@H](C4)C)(C(COP(O)(=O)O)=O)OC5OC(C(C(C5O)O)O)C(O)=O)C)C|C=1[C@]2(C(=CC(C1)=O)CC[C@H]3[C@H]4[C@](C[CH]([C@]23F)=O)([C@]([C@H](C4)C)(C(COP(O)(=O)O)=O)O)C)C|C=1[C@]2(C(=CC(C1)=O)CC[C@H]3[C@H]4[C@](C[C@@H]([C@]23F)O)([C@]([C@H](C4)CO)(C(COP(O)(=O)O)=O)O)C)C|C=1[C@]2(C(=CC(C1)=O)CC[C@H]3[C@H]4[C@](C[C@@H]([C@]23F)O)([C@]([C@H](C4)C)(C(COP(O)(=O)O)O)O)C)C|F[C@@]12[C@H]([C@H]3[C@@]([C@](O)([C@H](C3)C)C(=O)CO)(C[C@@H]1O)C)CCC=4[C@]2(C)C=CC(=O)C4,C[C@H]1C[C@H]2[C@@H]3CCC4=CC(=O)C=C[C@]4(C)[C@@]3(F)[C@@H](O)C[C@]2(C)[C@@]1(O)C(=O)CO
CC(C)OC(=O)CCC/C=C\C[C@H]1[C@@H](O)C[C@@H](O)[C@@H]1/C=C/[C@@H](O)COc1cccc(C(F)(F)F)c1,CC(C)OC(=O)CCCC1C(C[C@H]2[C@@H](O)C[C@@H](O)[C@@H]2/C=C/[C@@H](O)COC3=CC=CC(C(F)(F)F)=C3)O1|CC(C)OC(=O)CCC/C=C\C[C@H]1[C@@H](O)CC(=O)[C@@H]1/C=C/[C@@H](O)COC2=CC=CC(C(F)(F)F)=C2|CC(C)OC(=O)CCC/C=C\C[C@H]1[C@@H](O)C[C@@H](O)[C@@H]1/C=C/[C@@H](OC2OC(C(O)=O)C(C(C2O)O)O)COC3=CC=CC(C(F)(F)F)=C3|CC(C)OC(=O)CCC/C=C\C[C@H]1[C@@H](O)C[C@@H](OC2OC(C(O)=O)C(C(C2O)O)O)[C@@H]1/C=C/[C@@H](O)COC3=CC=CC(C(F)(F)F)=C3|CC(C)OC(=O)CCC/C=C\C[C@H]1[C@@H](O)C[C@@H](OS(O)(=O)=O)[C@@H]1/C=C/[C@@H](O)COC2=CC=CC(C(F)(F)F)=C2|C=C(C)OC(=O)CCC/C=C\C[C@H]1[C@@H](O)C[C@@H](O)[C@@H]1/C=C/[C@@H](O)COC2=CC=CC(C(F)(F)F)=C2|CC(C)OC(=O)CCC/C=C\C[C@H]1[C@@H](O)C[C@@H](O)[C@@H]1/C=C/C(=O)COC2=CC=CC(C(F)(F)F)=C2|CC(C)OC(=O)CCC/C=C\C[C@H]1[C@@H](O)C[C@@H](O)[C@@H]1/C=C/[C@@H](O)C=O|CC(C)OC(=O)C(CC/C=C\C[C@H]1[C@@H](O)C[C@@H](O)[C@@H]1/C=C/[C@@H](O)COC2=CC=CC(C(F)(F)F)=C2)O|C(C(C)OC(=O)CCC/C=C\C[C@H]1[C@@H](O)C[C@@H](O)[C@@H]1/C=C/[C@@H](O)COC2=CC=CC(C(F)(F)F)=C2)O|CC(C)OC(=O)CCC/C=C\C[C@H]1[C@@H](O)C[C@@H](O)[C@@H]1/C=C/[C@@H](OS(O)(=O)=O)COC2=CC=CC(C(F)(F)F)=C2|OC(=O)CCC/C=C\C[C@H]1[C@@H](O)C[C@@H](O)[C@@H]1/C=C/[C@@H](O)COC2=CC=CC(C(F)(F)F)=C2|CC(C)OC(=O)CCC/C=C\C[C@H]1[C@@H](O)C[C@@H](O)[C@@H]1/C=C/[C@@H](O)COC2=CC=CC(C(F)(F)F)=C2O|CC(C)OC(=O)CCC/C=C\C[C@H]1C(=O)C[C@@H](O)[C@@H]1/C=C/[C@@H](O)COC2=CC=CC(C(F)(F)F)=C2|CC(C)OC(=O)CCC/C=C\C[C@H]1[C@@H](O)C[C@@H](O)[C@@H]1C2C([C@@H](O)COC3=CC=CC(C(F)(F)F)=C3)O2|CC(C)OC(=O)CCC/C=C\C[C@H]1[C@@H](OC2OC(C(O)=O)C(C(C2O)O)O)C[C@@H](O)[C@@H]1/C=C/[C@@H](O)COC3=CC=CC(C(F)(F)F)=C3|OC1=CC=CC(C(F)(F)F)=C1|CC(C)OC(=O)CCC/C=C\C[C@H]1[C@@H](O)C[C@@H](O)[C@@H]1/C=C/[C@@H](O)COC2=CC=C(C(C(F)(F)F)=C2)O|CC(C)OC(=O)CCC/C=C\C[C@H]1[C@@H](OS(O)(=O)=O)C[C@@H](O)[C@@H]1/C=C/[C@@H](O)COC2=CC=CC(C(F)(F)F)=C2|C(C)(C)O|CC(C)OC(=O)CCC/C=C\C[C@H]1[C@@H](O)C([C@@H](O)[C@@H]1/C=C/[C@@H](O)COC2=CC=CC(C(F)(F)F)=C2)O,O=C(O)CCC/C=C\C[C@H]1[C@@H](O)C[C@@H](O)[C@@H]1/C=C/[C@@H](O)COc1cccc(C(F)(F)F)c1
CC1(C)O[C@@H]2CO[C@@]3(COS(N)(=O)=O)OC(C)(C)O[C@H]3[C@@H]2O1,CC1(C)O[C@@H]2CO[C@]3(COS(N)(=O)=O)[C@H]([C@@H]2O1)OC(C)(CO)O3|CC1(C)O[C@@H]2C(O[C@]3(COS(N)(=O)=O)[C@H]([C@@H]2O1)OC(C)(C)O3)O|C(C1(C)O[C@@H]2CO[C@]3(COS(N)(=O)=O)[C@H]([C@@H]2O1)OC(C)(C)O3)O,CC1(C)O[C@H]2[C@H](O)[C@H](O)CO[C@@]2(COS(N)(=O)=O)O1|CC1(C)O[C@H]2[C@@H]3O[C@](C)(CO)O[C@@H]3CO[C@@]2(COS(N)(=O)=O)O1|CC1(C)O[C@H]2[C@@H]3O[C@@](C)(CO)O[C@@H]3CO[C@@]2(COS(N)(=O)=O)O1|CC1(C)O[C@H]2[C@H](O)[C@@](O)(COS(N)(=O)=O)OC[C@H]2O1
CCN(CC)CCNC(=O)c1cc(Cl)c(N)cc1OC,CCN(CC)CCNC(=O)(C1=CC(Cl)=C(N)C=C1OC)SCC(NC(=O)CCC(N)C(O)=O)C(=O)NCC(O)=O|CCN(CC)CCN=C(O)C1=CC(Cl)=C(NC(=O)C)C=C1OC|CC[N+](CC)(CCN=C(O)C1=CC(Cl)=C(N)C=C1OC)C2OC(C(O)=O)C(C(C2O)O)O|CC[N+](CC)(CCN=C(O)C1=CC(Cl)=C(N)C=C1OC)[O-]|CC(N(CC)CCN=C(O)C1=CC(Cl)=C(N)C=C1OC)O|CCN(CC)CCN=C(O)C1=CC(Cl)=C(N)C=C1O|CCN(CC)CCN=C(O)C1=CC(Cl)=C(NC2OC(C(O)C(O)C2O)C(O)=O)C=C1OC|C(CN=C(O)C1=CC(Cl)=C(N)C=C1OC)=O|CC=O|O=C|CCN(CC)CCN=C(O)C1=CC(Cl)=C(C=C1OC)[NH2+][O-]|CCN(CC)CCN=C(O)C1=CC(Cl)=C(N)C(=C1OC)O|CCNCC|C(CN(CC)CCN=C(O)C1=CC(Cl)=C(N)C=C1OC)O|N(CC)CCN=C(O)C1=CC(Cl)=C(N)C=C1OC|CCN(CC)CCN=C(O)C1=C(C(Cl)=C(N)C=C1OC)O|CCN(CC)C(CN=C(O)C1=CC(Cl)=C(N)C=C1OC)O|CCN(CC)CCN=C(O)C1=CC(Cl)=C(NO)C=C1OC,CCN(CC)CCNC(=O)c1cc(Cl)c(NS(=O)(=O)O)cc1OC|CCN(CC)CCNC(=O)c1cc(Cl)c([N+](=O)[O-])cc1OC|CCNCCNC(=O)c1cc(Cl)c(N)cc1OC|CCNCCNC(=O)c1cc(Cl)c(NC(=O)C(F)(F)C(F)(F)C(F)(F)F)cc1OC
C[C@@H]1CC[C@H]2[C@@H](C)[C@H](OC(=O)CCC(=O)O)O[C@@H]3O[C@@]4(C)CC[C@@H]1[C@@]23OO4,None,C[C@H]1C2CC[C@H](C)[C@H]3CCC4(C)OO[C@]23[C@@H](O[C@H]1O)O4
