substrate,all_predictions,metabolites,top_5
COc1ccc2ccc(=O)oc2c1CC=C(C)C,COc1cc2c(cc1C/C=C(\C)CO)OC(=O)CC2|COc1ccc(C(=O)O)c(O)c1CC=C(C)C|COc1ccc2c(O)cc(=O)oc2c1CC=C(C)C|CC(C)=CCc1c(O)ccc2ccc(=O)oc12|COc1cc2ccc(=O)oc2c(CC=C(C)C)c1OC|COc1ccc2c(c1CC=C(C)C)OC(=O)CC2|COc1c(O)ccc2ccc(=O)oc12|COc1ccc2ccc(=O)oc2c1CC=C(C)CO|COC1=C(CC=C(C)C)c2oc(=O)ccc2CC1|COc1ccc2cc(O)c(=O)oc2c1CC=C(C)C|COc1c(O)ccc2c(O)cc(=O)oc12|COc1cc(O)c2ccc(=O)oc2c1CC=C(C)C|C=C(C)CCc1c(O)ccc2ccc(=O)oc12|COc1c(O)cc2ccc(=O)oc2c1CC=C(C)C,COc1ccc2c(c1CC=C(C)C)OC(O)C(CC(=O)O)=C2|CC(C)=CCc1c(O)ccc2ccc(=O)oc12|COc1ccc2ccc(=O)oc2c1C/C=C(\C)CO|C=C(C)/C=C/c1c(OC)ccc2ccc(=O)oc12|COc1ccc2cc(O)c(=O)oc2c1CC=C(C)C,COc1cc2c(cc1C/C=C(\C)CO)OC(=O)CC2|COc1ccc(C(=O)O)c(O)c1CC=C(C)C|COc1ccc2c(O)cc(=O)oc2c1CC=C(C)C|CC(C)=CCc1c(O)ccc2ccc(=O)oc12|COc1cc2ccc(=O)oc2c(CC=C(C)C)c1OC
CNCc1cc(-c2ccccc2F)n(S(=O)(=O)c2cccnc2)c1,CNC(=O)c1c[nH]c(-c2ccccc2F)c1|O=S(=O)(c1cccnc1)n1cc(CNO)cc1-c1ccccc1F|CN(Cc1cc(-c2ccccc2F)n(S(=O)(=O)c2cccnc2)c1)C1O[C@H](C(=O)O)[C@@H](O)[C@H](O)[C@H]1O|O=C(O)c1cc(-c2ccccc2)n(S(=O)(=O)c2cccnc2)c1|CNCc1cc(-c2ccccc2F)n(S(=O)(=O)c2ccc[n+](C)c2)c1|O=S(=O)(c1cccnc1)n1cc(CO)cc1-c1ccccc1F|CNCc1cc(-c2ccccc2F)n(S(=O)(=O)c2ccc(O)nc2)c1|CNCc1cc(-c2ccccc2F)n(S(=O)(=O)c2cccnc2)c1O|CNCc1c[nH]c(-c2ccccc2F)c1|CN(Cc1cc(-c2ccccc2F)n(S(=O)(=O)c2cccnc2)c1)C(=O)O|NCc1cc(-c2ccccc2F)n(S(=O)(=O)c2cccnc2)c1|CNCc1cc(-c2ccccc2F)n(S(=O)(=O)c2ccc[n+]([O-])c2)c1|O=S(=O)(c1cccnc1)n1cc(CNCO)cc1-c1ccccc1F,O=C(O)c1cc(-c2ccccc2F)n(S(=O)(=O)c2cccnc2)c1|NCc1cc(-c2ccccc2F)n(S(=O)(=O)c2cccnc2)c1|C/[N+]([O-])=C/c1cc(-c2ccccc2F)n(S(=O)(=O)c2cccnc2)c1,CNC(=O)c1c[nH]c(-c2ccccc2F)c1|O=S(=O)(c1cccnc1)n1cc(CNO)cc1-c1ccccc1F|CN(Cc1cc(-c2ccccc2F)n(S(=O)(=O)c2cccnc2)c1)C1O[C@H](C(=O)O)[C@@H](O)[C@H](O)[C@H]1O|O=C(O)c1cc(-c2ccccc2)n(S(=O)(=O)c2cccnc2)c1|CNCc1cc(-c2ccccc2F)n(S(=O)(=O)c2ccc[n+](C)c2)c1
Cc1ccc(-n2nccn2)c(C(=O)N2CCN(c3nc4cc(Cl)ccc4o3)CCC2C)c1,Cc1ccc(-n2nccn2)c(C(=O)N2CCNCC2C)c1|Cc1ccc(-n2nccn2)c(C(=O)N2CC[N+]([O-])(c3nc4cc(Cl)ccc4o3)CC2)c1|CC(CCNc1nc2cc(Cl)ccc2o1)NC(=O)c1cc(CO)ccc1-n1nccn1|CC1CCN(c2nc3cc(Cl)ccc3o2)CCN1C(=O)c1cc(CO)ccc1-n1nccn1|Cc1ccc(-n2nccn2)c(C(=O)N2CCN(c3nc4cc(Cl)ccc4o3)CC2)c1|Cc1ccc(-n2nccn2)c(C(=O)N2CCN(c3nc4cc(Cl)ccc4o3)CCC2CO)c1|Cc1cc(C(=O)N2CCN(c3nc4cc(Cl)ccc4o3)CCC2C)c(-n2nccn2)cc1O|O=C(O)N1CCN(c2nc3cc(Cl)ccc3o2)CC1|COc1cc(-n2nccn2)c(C(=O)N2CCN(c3nc4cc(Cl)ccc4o3)CCC2C)cc1C|O=C(O)c1cc(CO)ccc1-n1nccn1|CC1CC[N+](c2nc3cc(Cl)ccc3o2)CCN1C(=O)c1cc(CO)ccc1-n1nccn1|CC1CCNCCN1C(=O)c1cc(CO)ccc1-n1nccn1|Cc1ccc(-n2nccn2)c(C(=O)N2CCN(c3nc4cc(Cl)cc(O)c4o3)CCC2C)c1|CC1(O)CCN(c2nc3cc(Cl)ccc3o2)CCN1C(=O)c1cc(CO)ccc1-n1nccn1|Cc1ccc(-n2nccn2)c(C(=O)N2CCN(c3nc4cc(Cl)c(O)cc4o3)CCC2C)c1|Cc1ccc(-n2nccn2)c(C(=O)N2CC[N+]([O-])(c3nc4cc(Cl)ccc4o3)CCC2C)c1|Cc1cc(O)c(-n2nccn2)c(C(=O)N2CCN(c3nc4cc(Cl)ccc4o3)CCC2C)c1,CC1CCN(c2nc3cc(Cl)ccc3o2)CCN1C(=O)c1cc(CO)ccc1-n1nccn1|Cc1ccc(-n2nccn2)c(C(=O)N2CCN(c3nc4cc(Cl)ccc4o3)CCC2CO)c1|Cc1ccc(-n2nccn2)c(C(=O)N2CCN(c3nc4cc(Cl)c(O)cc4o3)CCC2C)c1,Cc1ccc(-n2nccn2)c(C(=O)N2CCNCC2C)c1|Cc1ccc(-n2nccn2)c(C(=O)N2CC[N+]([O-])(c3nc4cc(Cl)ccc4o3)CC2)c1|CC(CCNc1nc2cc(Cl)ccc2o1)NC(=O)c1cc(CO)ccc1-n1nccn1|CC1CCN(c2nc3cc(Cl)ccc3o2)CCN1C(=O)c1cc(CO)ccc1-n1nccn1|Cc1ccc(-n2nccn2)c(C(=O)N2CCN(c3nc4cc(Cl)ccc4o3)CC2)c1
Cc1ccc(S(=O)(=O)Nc2ccc(C(=O)/C=C/c3ccc(O)cc3)cc2)cc1,Cc1ccc(S(=O)(=O)Nc2ccc(C(=O)C=Cc3ccc(OC4O[C@H](C(=O)O)[C@@H](O)[C@H](O)[C@H]4O)cc3)cc2)cc1|Cc1ccc(S(=O)(=O)Nc2ccc(C(=O)/C=C/c3ccc(OS(=O)(=O)[O-])cc3)cc2)cc1|Cc1ccc(S(=O)(=O)Nc2ccc(C(=O)/C=C/c3ccc(OS(=O)(=O)O)c(O)c3)cc2)cc1|Cc1ccc(S(=O)(=O)Nc2ccc(C(=O)/C=C/c3ccc(O)c(O)c3)cc2)cc1|Cc1ccc(S(N)(=O)=O)cc1|Nc1ccc(C(=O)/C=C/c2ccc(O)cc2)cc1|Cc1ccc(S(=O)(=O)Nc2ccc(C(=O)/C=C/c3ccc(OS(=O)(=O)O)cc3)cc2)cc1|O=C(/C=C/c1ccc(O)cc1)c1ccc(NS(=O)(=O)c2ccc(CO)cc2)cc1|Cc1ccc(S(=O)(=O)Nc2ccc(C(=O)/C=C/c3ccc(OC4OC(C(=O)O)C(O)C(O)C4O)cc3)cc2)cc1|Cc1ccc(S(=O)(=O)Nc2ccc(C(=O)/C=C/c3ccc(OC4O[C@H](C(=O)O)[C@@H](O)[C@H](O)[C@H]4O)cc3)cc2)cc1|Cc1ccc(S(=O)(=O)Nc2ccc(C(=O)CCc3ccc(O)cc3)cc2)cc1|Cc1ccc(S(=O)(=O)Nc2ccc(C(=O)/C=C/c3ccc(OS(=O)(=O)O)cc3O)cc2)cc1|Cc1ccc(S(=O)(=O)Nc2ccc(C(=O)CC(O)c3ccc(O)cc3)cc2)cc1|Cc1ccc(S(=O)(=O)Nc2ccc(C(=O)C=Cc3ccc(OS(=O)(=O)O)cc3)cc2)cc1|Cc1ccc(S(=O)(=O)Nc2ccc(C(=O)C=Cc3ccc(O)c(O)c3)cc2)cc1,Cc1ccc(S(=O)(=O)Nc2ccc(C(=O)/C=C/c3ccc(O)c(O)c3)cc2)cc1|O=C(/C=C/c1ccc(O)cc1)c1ccc(NS(=O)(=O)c2ccc(CO)cc2)cc1,Cc1ccc(S(=O)(=O)Nc2ccc(C(=O)C=Cc3ccc(OC4O[C@H](C(=O)O)[C@@H](O)[C@H](O)[C@H]4O)cc3)cc2)cc1|Cc1ccc(S(=O)(=O)Nc2ccc(C(=O)/C=C/c3ccc(OS(=O)(=O)[O-])cc3)cc2)cc1|Cc1ccc(S(=O)(=O)Nc2ccc(C(=O)/C=C/c3ccc(OS(=O)(=O)O)c(O)c3)cc2)cc1|Cc1ccc(S(=O)(=O)Nc2ccc(C(=O)/C=C/c3ccc(O)c(O)c3)cc2)cc1|Cc1ccc(S(N)(=O)=O)cc1
C[C@H]1CNCCCN1S(=O)(=O)c1cccc2cncc(F)c12,C[C@H]1CN(S(=O)(=O)c2cccc3cncc(F)c23)CCCN1S(=O)(=O)[O-]|C[C@H]1CNCCCN1S(=O)(=O)c1ccc(O)c2cncc(F)c12|O=S(=O)(c1cccc2cncc(F)c12)N1CCCNCC1|CC1CN(S(=O)(=O)c2cccc3c(N)ncc(F)c23)CCCN1|C[C@@H]1CN(S(=O)(=O)c2cccc3cncc(F)c23)CCCN1S(=O)(=O)[O-]|CC1CN(S(=O)(=O)c2cccc3cncc(F)c23)CCCN1S(=O)(=O)O|C[C@@H]1CN(S(=O)(=O)c2cccc3c(O)ncc(F)c23)CCCN1|O=S(=O)(O)c1cccc2cncc(F)c12|CC1CN(S(=O)(=O)c2cccc3c(O)ncc(F)c23)CCCN1|C[C@H]1CN(S(=O)(=O)c2cccc3c(S(=O)(=O)[O-])cccc23)CCCN1|C[C@H]1CN(S(=O)(=O)c2cccc3c(F)cncc23)CCC(O)N1|CC1CN(S(=O)(=O)c2cccc3c(F)cncc23)CCC(O)N1|C[C@@H]1CN(S(=O)(=O)c2cccc3cncc(F)c23)CCCN1|C[C@H]1CN(S(=O)(=O)c2cccc3c(F)cncc23)CCCN1|C[C@H]1CN(S(=O)(=O)c2cccc3c(O)ncc(F)c23)CCCN1|C[C@H]1CNCCCN1S(=O)(=O)c1cccc2c(O)ncc(F)c12|CC1CN(S(=O)(=O)c2cccc3cncc(F)c23)CCCN1S(=O)(=O)[O-]|CC1CCCN(S(=O)(=O)c2cccc3c(N)ncc(F)c23)C1|C[C@H]1CN(S(=O)(=O)c2cccc3cncc(F)c23)CCCN1|CC1CN(S(=O)(=O)c2cccc3cncc(F)c23)CCCN1|CC1CN(S(=O)(=O)c2cccc3c(O)ncc(F)c23)CCCN1S|C[C@H]1CN(S(=O)(=O)c2cccc3cncc(F)c23)CCC(O)N1|C[C@H]1CN(S(=O)(=O)c2cccc3c(O)ncc(F)c23)CCCN1S|C[C@H]1CNCCCN1S(=O)(=O)c1cccc2c(N)ncc(F)c12,C[C@H]1C[N+]([O-])=CCCN1S(=O)(=O)c1cccc2cncc(F)c12|C[C@H]1CNC(=O)CCN1S(=O)(=O)c1cccc2cncc(F)c12,C[C@H]1CN(S(=O)(=O)c2cccc3cncc(F)c23)CCCN1S(=O)(=O)[O-]|C[C@H]1CNCCCN1S(=O)(=O)c1ccc(O)c2cncc(F)c12|O=S(=O)(c1cccc2cncc(F)c12)N1CCCNCC1|CC1CN(S(=O)(=O)c2cccc3c(N)ncc(F)c23)CCCN1|C[C@@H]1CN(S(=O)(=O)c2cccc3cncc(F)c23)CCCN1S(=O)(=O)[O-]
C[C@@H](Oc1cc(-c2cnn(C3CCNCC3)c2)cnc1N)c1c(Cl)ccc(F)c1Cl,C[C@@H](Oc1cc(-c2cnn(C3CCNCC3)c2)cnc1N)c1c(Cl)cc(O)c(F)c1Cl|CC(Oc1cc(-c2cnn(C3CCN(O)CC3)c2)cnc1N)c1c(Cl)ccc(F)c1Cl|C[C@H](Oc1cc(-c2cnn(C3CCN(C(=O)O)CC3)c2)cnc1N)c1c(F)ccc(Cl)c1Cl|C[C@@H](Oc1cc(-c2cnn(C3CCN(S(=O)(=O)O)CC3)c2)cnc1N)c1c(Cl)ccc(F)c1Cl|C[C@@H](Oc1cc(-c2cn[nH]c2)cnc1N)c1c(Cl)ccc(F)c1Cl|C[C@H](Oc1cc(-c2cnn(C3CCN(C(=O)O)CC3)c2)cnc1N)c1c(Cl)ccc(F)c1Cl|Nc1ncc(-c2cnn(C3CCNCC3)c2)cc1O[C@@H](CO)c1c(Cl)ccc(F)c1Cl|CC(Oc1cc(-c2cnn(C3CCN(C(=O)O)CC3)c2)cnc1N)c1c(Cl)ccc(F)c1Cl|C[C@H](Oc1cc(-c2cnn(C3CCN(O)CC3)c2)cnc1N)c1c(Cl)ccc(F)c1Cl|C[C@@H](Oc1cc(-c2cnn(C3CCN(O)CC3)c2)cnc1N)c1c(Cl)ccc(F)c1Cl|C[C@@H](Oc1cc(-c2cnn(C3CCNC(=O)C3)c2)cnc1N)c1c(Cl)ccc(F)c1Cl|CC(Oc1cc(-c2cnn(C3CCNC(O)C3)c2)cnc1N)c1c(Cl)ccc(F)c1Cl|Nc1ncc(-c2cnn(C3CCNCC3)c2)cc1O|CC(Oc1cc(-c2cnn(C3CCN(S(=O)(=O)O)CC3)c2)cnc1N)c1c(Cl)ccc(F)c1Cl|C[C@@H](Oc1cc(-c2cnn(C3CCNC(O)C3)c2)cnc1N)c1c(Cl)ccc(F)c1Cl,Nc1ncc(-c2cnn(C3CCNCC3)c2)cc1O,C[C@@H](Oc1cc(-c2cnn(C3CCNCC3)c2)cnc1N)c1c(Cl)cc(O)c(F)c1Cl|CC(Oc1cc(-c2cnn(C3CCN(O)CC3)c2)cnc1N)c1c(Cl)ccc(F)c1Cl|C[C@H](Oc1cc(-c2cnn(C3CCN(C(=O)O)CC3)c2)cnc1N)c1c(F)ccc(Cl)c1Cl|C[C@@H](Oc1cc(-c2cnn(C3CCN(S(=O)(=O)O)CC3)c2)cnc1N)c1c(Cl)ccc(F)c1Cl|C[C@@H](Oc1cc(-c2cn[nH]c2)cnc1N)c1c(Cl)ccc(F)c1Cl
CC(C)CNCc1ccc(-c2ccccc2S(=O)(=O)N2CCCC2)cc1,CC(C)CNCc1ccc(-c2ccccc2S(=O)(=O)N2CCC(O)C2)cc1|CC(C)(O)CNCc1ccc(-c2ccccc2S(=O)(=O)N2CCCC2)cc1|CC(C)CNCc1ccc(-c2ccccc2S(=O)(=O)N2CCC[C@@H]2O)cc1|CC(C)CNCc1ccc(-c2ccccc2S(=O)(=O)N2CC[C@@H](O)C2)cc1|CC(C)CNCc1ccc(-c2cc(O)ccc2S(=O)(=O)N2CCCC2)cc1|CC(C)CNCc1ccc(-c2ccccc2S(=O)(=O)N2CC[C@H](O)C2)cc1|CC(C)CNCc1ccc(-c2ccccc2S(=O)(=O)N2CCCC2O)cc1|CC(CO)CNCc1ccc(-c2ccccc2S(=O)(=O)N2CCCC2)cc1|CC(C)CNCc1ccc(-c2ccc(O)cc2S(=O)(=O)N2CCCC2)cc1|CC(C)CNCc1ccc(-c2ccccc2S(=O)(=O)N2CCC[C@H]2O)cc1,CC(C)CNCc1ccc(-c2ccccc2S(=O)(=O)N2CCCC2O)cc1|NCc1ccc(-c2ccccc2S(=O)(=O)N2CCCC2)cc1|CC(C)CNC(=O)c1ccc(-c2ccccc2S(=O)(=O)N2CCCC2)cc1|CC(C)CNCc1ccc(-c2ccccc2S(=O)(=O)N2CCC(O)C2)cc1|CC(CO)CNCc1ccc(-c2ccccc2S(=O)(=O)N2CCCC2)cc1|CC(C)(O)CNCc1ccc(-c2ccccc2S(=O)(=O)N2CCCC2)cc1,CC(C)CNCc1ccc(-c2ccccc2S(=O)(=O)N2CCC(O)C2)cc1|CC(C)(O)CNCc1ccc(-c2ccccc2S(=O)(=O)N2CCCC2)cc1|CC(C)CNCc1ccc(-c2ccccc2S(=O)(=O)N2CCC[C@@H]2O)cc1|CC(C)CNCc1ccc(-c2ccccc2S(=O)(=O)N2CC[C@@H](O)C2)cc1|CC(C)CNCc1ccc(-c2cc(O)ccc2S(=O)(=O)N2CCCC2)cc1
COc1ccc(S(=O)(=O)N2Cc3[nH]c4ccccc4c3CC2C(N)=O)cc1,COc1ccc(S(=O)(=O)N2Cc3[nH]c4ccc(O)cc4c3CC2C(=N)O)cc1|COc1ccc(S(=O)(=O)N2Cc3[nH]c4cc(O)ccc4c3CC2C(N)=O)cc1|COc1ccc(S(=O)(=O)N2Cc3[nH]c4c(c3CC2C(=O)O)Cc2ccccc2-4)cc1|COc1ccc(S(=O)(=O)N2Cc3[nH]c4ccccc4c3CC2C(=O)NO)cc1|COc1ccc(S(=O)(=O)NC(Cc2[nH]c3ccccc3c2CC(=O)N[C@@H](CC(=O)O)C(=O)O)C(N)=O)cc1|COc1ccc(S(=O)(=O)N2Cc3[nH]c4ccc(O)cc4c3CC2C(N)=O)cc1|COc1ccc(S(=O)(=O)N2Cc3[nH]c4c(O)cccc4c3CC2C(N)=O)cc1|NC(=O)C1Cc2c([nH]c3ccccc23)CN1S(=O)(=O)c1ccc(O)cc1|COc1ccc(S(=O)(=O)N2Cc3[nH]c4ccccc4c3C[C@H]2C(=O)NO)cc1|COc1ccc(S(=O)(=O)N2C(C(N)=O)Cc3c([nH]c4ccccc34)C2O)cc1|COc1ccc(S(=O)(=O)N2Cc3[nH]c4ccccc4c3CC2C(=O)O)cc1|COc1ccc(S(=O)(=O)N2Cc3[nH]c4c(c3CC2C(=O)O)Cc2ccccc2N4)cc1|COc1ccc(S(=O)(=O)N2Cc3[nH]c4cccc(O)c4c3CC2C(N)=O)cc1,NC(=O)C1Cc2c([nH]c3ccccc23)CN1S(=O)(=O)c1ccc(O)cc1|COc1ccc(S(=O)(=O)N2Cc3[nH]c4ccccc4c3CC2C(N)=O)cc1O|COc1ccc(S(=O)(=O)N2Cc3[nH]c4ccccc4c3C=C2C(N)=O)cc1,COc1ccc(S(=O)(=O)N2Cc3[nH]c4ccc(O)cc4c3CC2C(=N)O)cc1|COc1ccc(S(=O)(=O)N2Cc3[nH]c4cc(O)ccc4c3CC2C(N)=O)cc1|COc1ccc(S(=O)(=O)N2Cc3[nH]c4c(c3CC2C(=O)O)Cc2ccccc2-4)cc1|COc1ccc(S(=O)(=O)N2Cc3[nH]c4ccccc4c3CC2C(=O)NO)cc1|COc1ccc(S(=O)(=O)NC(Cc2[nH]c3ccccc3c2CC(=O)N[C@@H](CC(=O)O)C(=O)O)C(N)=O)cc1
CCN(CC)CCNC(=O)c1cc(Cl)c(N)cc1OC,COc1cc(N)c(Cl)cc1C(=O)NCCN(C)C|CCNCCNC(=O)c1cc(Cl)c(N)cc1OC|CCN(CC)CCN=C(O)c1cc(Cl)c(N=C(C)O)cc1OC|CCN(CC)CCNC(=O)c1ccc(NC(C)=O)c(Cl)c1|CCN(CC)CCN=C(O)c1cc(Cl)c(NC(C)=O)cc1OC|COc1cc(N)c(Cl)cc1C(=O)NCCN|CCNCCNC(=O)c1cc(Cl)c(N)cc1OCC|NCCNC(=O)c1cc(Cl)c(N)cc1O|CCN(CC)CCNC(=O)c1cc(Cl)c(NO)cc1O|CCN(CC)CCNC(=O)c1ccc(NO)c(Cl)c1|CCN(CC)CCNC(=O)c1cc(Cl)c(NC(C)=O)cc1OC|CCN(CC)CCN=C(O)c1cc(Cl)c(NO)cc1OC|CCN(CC)CCNC(=O)c1cc(Cl)c(NO)cc1OC|CCOc1cc(NO)c(Cl)cc1C(=O)NCCN(CC)CC|COc1cc(N)c(Cl)cc1C(N)=O|CCNCCN=C(O)c1cc(Cl)c(N)cc1OCC,CCNCCNC(=O)c1cc(Cl)c(N)cc1OC|CCN(CC)CCNC(=O)c1cc(Cl)c([N+](=O)[O-])cc1OC,COc1cc(N)c(Cl)cc1C(=O)NCCN(C)C|CCNCCNC(=O)c1cc(Cl)c(N)cc1OC|CCN(CC)CCN=C(O)c1cc(Cl)c(N=C(C)O)cc1OC|CCN(CC)CCNC(=O)c1ccc(NC(C)=O)c(Cl)c1|CCN(CC)CCN=C(O)c1cc(Cl)c(NC(C)=O)cc1OC
Cc1cc(N2CCN([C@H]3CN[C@H](C(=O)N4CCSC4)C3)CC2)n(-c2ccccc2)n1,O=C(O)[C@@H]1C[C@@H](N2CCN(c3cc(CO)nn3-c3ccccc3)CC2)CN1|Cc1cc(N2CCN([C@H]3CN[C@H](C(=O)N4CCSC4)C3)CC2)n(-c2cccc(O)c2)n1|Cc1cc(N2CCNCC2)n(-c2ccccc2)n1|Cc1cc(N2CCN([C@H]3C[C@H](O)[C@H](C(=O)N4CCSC4)C3)CC2)n(-c2ccccc2)n1|Cc1cc(N2CCN([C@@H]3CN[C@H](C(O)N4CCSC4)C3)CC2)n(-c2ccccc2)n1|Cc1cc(N2CCN([C@H]3CN[C@H](C(=O)N4CCSC4)C3)CC2)n(-c2ccc(O)cc2)n1|Cc1cc(N2CCN([C@@H]3CN[C@@H](C(=O)O)C3)CC2)n(-c2ccccc2)n1|Cc1cc(N2CCN([C@H]3C[C@@H](C(=O)N4CCSC4O)N(O)C3)CC2)n(-c2ccccc2)n1|O=C([C@@H]1C[C@@H](N2CCN(c3cc(CO)nn3-c3ccccc3)CC2)CN1)N1CCSC1|Cc1cc(N2CCN([C@H]3CN[C@H](C(=O)N4CCSC4=O)C3)CC2)n(-c2ccccc2)n1|Cc1cc(N2CCN([C@@H]3CN[C@@H](C(=O)N4CCSC4)C3)CC2)n(-c2ccc(O)cc2)n1|Cc1cc(N2CCN([C@@H]3CN[C@H](C(=O)N4CCSC4)C3)CC2)n(-c2ccc(O)cc2)n1|Cc1cc(N2CCN([C@H]3CN[C@H](C(=O)N4CCSC4O)C3)CC2)n(-c2ccccc2)n1|Cc1cc(N2CCN([C@H]3C[C@H](C(=O)N4CCSC4O)N(O)C3)CC2)n(-c2ccccc2)n1|Cc1cc(N2CCN([C@H]3CN[C@H](C(=O)N4CCS(=O)C4)C3)CC2)n(-c2ccccc2)n1|Cc1cc(N2CCN(C3CC(C(=O)N4CCSC4O)N(O)C3)CC2)n(-c2ccccc2)n1|Cc1cc(N2CCN([C@H]3C[C@@H](C(=O)N4CCSC4)NC3O)CC2)n(-c2ccccc2)n1|Cc1cc(N2CCN(C3CCN(C(=O)N4CCSC4O)C3)CC2)n(-c2ccc(O)cc2)n1|Cc1cc(N2CCN([C@H]3CN[C@H](C(=O)O)C3)CC2)n(-c2ccccc2)n1|Cc1cc(N2CCN([C@@H]3CN[C@H](C(=O)O)C3)CC2)n(-c2ccccc2)n1,Cc1cc(N2CCN([C@H]3CN[C@H](C(=O)N4CCS(=O)C4)C3)CC2)n(-c2ccccc2)n1|O=C([C@@H]1C[C@@H](N2CCN(c3cc(CO)nn3-c3ccccc3)CC2)CN1)N1CCSC1|Cc1cc(N2CCN([C@H]3CN[C@H](C(=O)O)C3)CC2)n(-c2ccccc2)n1,O=C(O)[C@@H]1C[C@@H](N2CCN(c3cc(CO)nn3-c3ccccc3)CC2)CN1|Cc1cc(N2CCN([C@H]3CN[C@H](C(=O)N4CCSC4)C3)CC2)n(-c2cccc(O)c2)n1|Cc1cc(N2CCNCC2)n(-c2ccccc2)n1|Cc1cc(N2CCN([C@H]3C[C@H](O)[C@H](C(=O)N4CCSC4)C3)CC2)n(-c2ccccc2)n1|Cc1cc(N2CCN([C@@H]3CN[C@H](C(O)N4CCSC4)C3)CC2)n(-c2ccccc2)n1
CC1(C)CCC(CN2CCN(c3ccc(C(=O)NS(=O)(=O)c4ccc(NCC5CCOCC5)c([N+](=O)[O-])c4)c(Oc4cnc5[nH]ccc5c4)c3)CC2)=C(c2ccc(Cl)cc2)C1,CC1(C)CCC(CN2CCN(c3ccc(C(=O)NS(=O)(=O)c4ccc(NCC5CCOCC5)c([N+](=O)[O-])c4)c(Oc4cnc5[nH]ccc5c4)c3)CC2)=C(c2ccc(Cl)cc2)C1O|CC1(C)CCC(CN2CCN(c3ccc(C(=O)NS(=O)(=O)c4ccc(NCC5CCOCC5)c([N+](=O)[O-])c4)c(Oc4cnc5[nH]ccc5c4)c3)CC2)C(c2ccc(Cl)cc2)C1O|CC1(C)CCC(CN2CCN(c3ccc(C(=O)NS(=O)(=O)c4ccc(NCC5CCOCC5)c([N+](=O)[O-])c4)c(Oc4cnc5[nH]ccc5c4)c3)CC2)C(c2ccc(Cl)cc2)C1|CC1(C)CCC(CN2CCN(c3ccc(C(=O)NS(=O)(=O)c4ccc(N)c([N+](=O)[O-])c4)c(Oc4cnc5[nH]ccc5c4)c3)CC2)=C(c2ccc(Cl)cc2)C1|CC1(C)CCC(CN2CCN(c3ccc(C(=O)NS(=O)(=O)c4ccc(N)c(NCC5CCOCC5)c4)c(Oc4cnc5[nH]ccc5c4)c3)CC2)=C(c2ccc(Cl)cc2)C1|CC1(C)CCC(CN2CCN(c3ccc(C(O)NS(=O)(=O)c4ccc(NCC5CCOCC5)c([N+](=O)[O-])c4)c(Oc4cnc5[nH]ccc5c4)c3)CC2)=C(c2ccc(Cl)cc2)C1|CC1(C)CC[C@H](CN2CCN(c3ccc(C(=O)NS(=O)(=O)c4ccc(NCC5CCOCC5)c([N+](=O)[O-])c4)c(Oc4cnc5[nH]ccc5c4)c3)CC2)C(c2ccc(Cl)cc2)C1O|CC1(C)CCC(CN2CCN(c3ccc(C(O)=NS(=O)(=O)c4ccc(NCC5CCOCC5)c([N+](=O)[O-])c4)c(Oc4cnc5[nH]ccc5c4)c3)CC2)=C(c2ccc(Cl)cc2)C1|CC1(C)C=C(c2ccc(Cl)cc2)C(CN2CCN(c3ccc(C(=O)NS(=O)(=O)c4ccc(NCC5CCOCC5)c([N+](=O)[O-])c4)c(Oc4cnc5[nH]ccc5c4)c3)CC2)CC1|CC1(C)CCC(CN2CCN(c3ccc(C(=O)NS(=O)(=O)c4ccc(NCC5CCOCC5O)c([N+](=O)[O-])c4)c(Oc4cnc5[nH]ccc5c4)c3)CC2)=C(c2ccc(Cl)cc2)C1|CC1(C)CCC(CN2CCN(c3ccc(C(=O)NS(=O)(=O)c4ccc(NCC5CCOCC5)c(N)c4)c(Oc4cnc5[nH]ccc5c4)c3)CC2)=C(c2ccc(Cl)cc2)C1O|CC1(C)CCC(CN2CCN(c3ccc(C(=O)NS(=O)(=O)c4ccc(NCC5CCOCC5)c([N+](=O)[O-])c4)c(Oc4cnc5[nH]ccc5c4)c3)CC2)=C1c1ccc(Cl)cc1|CC1(C)CCC(CN2CCN(c3ccc(C(=O)NS(=O)(=O)c4ccc(NCC5CCOCC5)c(N)c4)c(Oc4cnc5[nH]ccc5c4)c3)CC2)=C(c2ccc(Cl)cc2)C1|CC1(C)CCC(CN2CCN(c3ccc(C(=O)NS(=O)(=O)c4ccc(NCC5CCOCC5)c(O)c4)c(Oc4cnc5[nH]ccc5c4)c3)CC2)=C(c2ccc(Cl)cc2)C1,CC1(C)CCC(CN2CCN(c3ccc(C(=O)NS(=O)(=O)c4ccc(NCC5CCOCC5)c([N+](=O)[O-])c4)c(Oc4cnc5[nH]ccc5c4)c3)CC2)=C(c2ccc(Cl)cc2)C1O|CC1(CO)CCC(CN2CCN(c3ccc(C(=O)NS(=O)(=O)c4ccc(NCC5CCOCC5)c([N+](=O)[O-])c4)c(Oc4cnc5[nH]ccc5c4)c3)CC2)=C(c2ccc(Cl)cc2)C1|CC1(C)CCC(C[N+]2([O-])CCN(c3ccc(C(=O)NS(=O)(=O)c4ccc(NCC5CCOCC5)c([N+](=O)[O-])c4)c(Oc4cnc5[nH]ccc5c4)c3)CC2)=C(c2ccc(Cl)cc2)C1|CC1(C)CCC(CN2CCN(c3ccc(C(=O)NS(=O)(=O)c4ccc(NCC5CCOCC5)c([N+](=O)[O-])c4)c(Oc4cnc5[nH]ccc5c4)c3)C(=O)C2)=C(c2ccc(Cl)cc2)C1|CC1(C)CC(c2ccc(Cl)cc2)=C(CN2CCN(c3ccc(C(=O)NS(=O)(=O)c4ccc(NCC5CCOCC5)c([N+](=O)[O-])c4)c(Oc4cnc5[nH]ccc5c4)c3)CC2)C(O)C1,CC1(C)CCC(CN2CCN(c3ccc(C(=O)NS(=O)(=O)c4ccc(NCC5CCOCC5)c([N+](=O)[O-])c4)c(Oc4cnc5[nH]ccc5c4)c3)CC2)=C(c2ccc(Cl)cc2)C1O|CC1(C)CCC(CN2CCN(c3ccc(C(=O)NS(=O)(=O)c4ccc(NCC5CCOCC5)c([N+](=O)[O-])c4)c(Oc4cnc5[nH]ccc5c4)c3)CC2)C(c2ccc(Cl)cc2)C1O|CC1(C)CCC(CN2CCN(c3ccc(C(=O)NS(=O)(=O)c4ccc(NCC5CCOCC5)c([N+](=O)[O-])c4)c(Oc4cnc5[nH]ccc5c4)c3)CC2)C(c2ccc(Cl)cc2)C1|CC1(C)CCC(CN2CCN(c3ccc(C(=O)NS(=O)(=O)c4ccc(N)c([N+](=O)[O-])c4)c(Oc4cnc5[nH]ccc5c4)c3)CC2)=C(c2ccc(Cl)cc2)C1|CC1(C)CCC(CN2CCN(c3ccc(C(=O)NS(=O)(=O)c4ccc(N)c(NCC5CCOCC5)c4)c(Oc4cnc5[nH]ccc5c4)c3)CC2)=C(c2ccc(Cl)cc2)C1
CCOC(=O)Nc1ccc2c(c1)N(C(=O)CN(CC)CC)c1ccccc1CC2,CCN(CC)CC(=O)N1c2ccccc2CCc2ccc(N=C(O)O)cc21|CCNCC(=O)N1c2ccccc2CCc2ccc(N)cc21|CCNCC(=O)N1c2ccccc2CCc2ccc(NC(=O)OCC)cc21|CCNCC(=O)N1c2ccccc2CCc2ccc(NC(=O)O)cc21|CCN(CC)CC(=O)N1c2ccccc2CCc2ccc(NC(=O)OC3O[C@H](C(=O)O)[C@@H](O)[C@H](O)[C@H]3O)cc21|CCNCC(=O)N1c2ccccc2CCc2ccc(NC(=O)OCCO)cc21|CCN(CC)CC(=O)N1c2ccccc2CCc2ccc(N)cc21|CCOC(=O)Nc1ccc2c(c1)N(C(=O)CNCCO)c1ccccc1CC2|CCN(CC)CC(=O)N1c2ccccc2CCc2ccc(NC(=O)OCCO)cc21|CCN(CC)CC(=O)N1c2ccccc2CCc2ccc(NC(=O)O)cc21|CCN(CC)CC(=O)N1c2ccccc2CCc2ccc(NC(=O)OC(C)O)cc21|CCN(CC)CC(=O)N1c2ccccc2CCc2ccc(N=C(O)OCCO)cc21|CCOC(=O)Nc1ccc2c(c1)N(C(=O)CN(CC)CCO)c1ccccc1CC2|CCN(CC)CC(=O)N1c2ccccc2CCc2ccc(N=C(O)OC3O[C@H](C(=O)O)[C@@H](O)[C@H](O)[C@H]3O)cc21,CCNCC(=O)N1c2ccccc2CCc2ccc(NC(=O)OCC)cc21,CCN(CC)CC(=O)N1c2ccccc2CCc2ccc(N=C(O)O)cc21|CCNCC(=O)N1c2ccccc2CCc2ccc(N)cc21|CCNCC(=O)N1c2ccccc2CCc2ccc(NC(=O)OCC)cc21|CCNCC(=O)N1c2ccccc2CCc2ccc(NC(=O)O)cc21|CCN(CC)CC(=O)N1c2ccccc2CCc2ccc(NC(=O)OC3O[C@H](C(=O)O)[C@@H](O)[C@H](O)[C@H]3O)cc21
C[C@H](NC(C)(C)C)C(=O)c1cccc(Cl)c1,CC(N)C(O)c1cccc(Cl)c1|C[C@H]([NH2+]C(C)(C)CO)[C@H](O)c1cccc(Cl)c1|CC([NH2+]C(C)(C)CO)C(=O)c1cccc(Cl)c1|C[C@H](N)C(=O)c1cccc(Cl)c1|C[C@@H](NC(C)(C)C)[C@H](O)c1cccc(Cl)c1|C[C@H](NC(C)(C)C)[C@H](O)c1cccc(Cl)c1|C[C@H](N)[C@H](O)c1cccc(Cl)c1|CC([NH2+]C(C)(C)C)C(O)c1cccc(Cl)c1|C[C@@H]([NH2+]C(C)(C)C)[C@H](O)c1cccc(Cl)c1|CC(NC(C)(C)C)C(O)c1cccc(Cl)c1|CC([NH2+]C(C)(C)C)[C@H](O)c1cccc(Cl)c1|CC(N)C(=O)c1cccc(Cl)c1|C[C@H](NC(C)(C)C)[C@@H](O)c1cccc(Cl)c1|C[C@H](NC(C)(C)C)[C@H](O)c1ccc(Cl)cc1|C[C@H]([NH2+]C(C)(C)C)[C@H](O)c1cccc(Cl)c1,CC(C)(C)N[C@H](CO)C(=O)c1cccc(Cl)c1|C[C@H](NC(C)(C)C)C(=O)c1ccc(O)c(Cl)c1|C[C@@H](NC(C)(C)CO)C(=O)c1cccc(Cl)c1|C[C@@H](NC(C)(C)C)C(=O)c1cc(O)cc(Cl)c1|CC(NC(C)(C)CO)C(=O)c1cccc(Cl)c1|C[C@@H]1NC(C)(C)CO[C@]1(O)c1cccc(Cl)c1,CC(N)C(O)c1cccc(Cl)c1|C[C@H]([NH2+]C(C)(C)CO)[C@H](O)c1cccc(Cl)c1|CC([NH2+]C(C)(C)CO)C(=O)c1cccc(Cl)c1|C[C@H](N)C(=O)c1cccc(Cl)c1|C[C@@H](NC(C)(C)C)[C@H](O)c1cccc(Cl)c1
CN(C)CCCN1c2ccccc2CCc2ccccc21,CN(C)CCCN1c2ccccc2CCc2cc(O)ccc21|CNCCCN1c2ccccc2CCc2ccccc21|CN(C)CCCN1c2ccccc2CCc2c(O)cccc21|CN(C)CCCN1c2ccccc2CCc2ccc(O)cc21|C[N+](C)([O-])CCCN1c2ccccc2CCc2ccccc21|CN(C)CCCN1c2ccccc2CC(O)c2ccccc21,CNCCCN1c2ccccc2CCc2ccccc21|NCCCN1c2ccccc2CCc2ccccc21|c1ccc2c(c1)CCc1ccccc1N2|CN(C)CCCN1c2ccccc2CCc2cc(O)ccc21|C[N+](C)([O-])CCCN1c2ccccc2CCc2ccccc21,CN(C)CCCN1c2ccccc2CCc2cc(O)ccc21|CNCCCN1c2ccccc2CCc2ccccc21|CN(C)CCCN1c2ccccc2CCc2c(O)cccc21|CN(C)CCCN1c2ccccc2CCc2ccc(O)cc21|C[N+](C)([O-])CCCN1c2ccccc2CCc2ccccc21
CS(=O)(=O)CCNCc1ccc(-c2ccc3ncnc(Nc4ccc(OCc5cccc(F)c5)c(Cl)c4)c3c2)o1,CS(=O)(=O)CCNCc1ccc(-c2ccc3nc(Nc4ccc(OCc5cccc(F)c5)c(Cl)c4)ncc3c2)o1|CS(=O)(=O)CCNCc1ccc(-c2ccc3ncnc(Nc4ccc(OCc5ccc(O)c(Cl)c5)c(Cl)c4)c3c2)o1|CS(=O)(=O)CCNCc1ccc(-c2ccc3ncnc(Nc4cc(Cl)c(OCc5cccc(F)c5)c(Cl)c4)c3c2)o1|CS(=O)(=O)CCNCc1ccc(-c2ccc3ncnc(Nc4ccc(O)c(Cl)c4)c3c2)o1|NCc1ccc(-c2ccc3ncnc(Nc4ccc(OCc5cccc(F)c5)c(Cl)c4)c3c2)o1|CS(=O)(=O)CCNCc1ccc(-c2ccc3ncnc(Nc4ccc(OCc5ccc(O)c(F)c5)c(Cl)c4)c3c2)o1,NCc1ccc(-c2ccc3ncnc(Nc4ccc(OCc5cccc(F)c5)c(Cl)c4)c3c2)o1|CS(=O)(=O)CCNCc1ccc(-c2ccc3ncnc(Nc4ccc(O)c(Cl)c4)c3c2)o1|CS(=O)(=O)CCN(O)Cc1ccc(-c2ccc3ncnc(Nc4ccc(OCc5cccc(F)c5)c(Cl)c4)c3c2)o1,CS(=O)(=O)CCNCc1ccc(-c2ccc3nc(Nc4ccc(OCc5cccc(F)c5)c(Cl)c4)ncc3c2)o1|CS(=O)(=O)CCNCc1ccc(-c2ccc3ncnc(Nc4ccc(OCc5ccc(O)c(Cl)c5)c(Cl)c4)c3c2)o1|CS(=O)(=O)CCNCc1ccc(-c2ccc3ncnc(Nc4cc(Cl)c(OCc5cccc(F)c5)c(Cl)c4)c3c2)o1|CS(=O)(=O)CCNCc1ccc(-c2ccc3ncnc(Nc4ccc(O)c(Cl)c4)c3c2)o1|NCc1ccc(-c2ccc3ncnc(Nc4ccc(OCc5cccc(F)c5)c(Cl)c4)c3c2)o1
COc1c(-c2ccc3cc(NS(C)(=O)=O)ccc3c2)cc(-n2ccc(=O)[nH]c2=O)cc1C(C)(C)C,COc1c(-c2ccc3cc(NS(C)(=O)=O)ccc3c2O)cc(-n2ccc(=O)[nH]c2=O)cc1C(C)(C)C|CC(C)(C)c1cc(-n2ccc(=O)[nH]c2=O)cc(-c2ccc3cc(NS(C)(=O)=O)ccc3c2)c1O|COc1c(-c2ccc3cc(NS(C)(=O)=O)ccc3c2)cc(-n2cc(O)c(=O)[nH]c2=O)cc1C(C)(C)C|COc1c(-c2ccc3cc(N)ccc3c2)cc(-n2ccc(=O)[nH]c2=O)cc1C(C)(C)C|COc1c(-c2ccc3cc(NS(C)(=O)=O)ccc3c2)cc(-n2ccc(O)nc2=O)cc1C(C)(C)C|CC(C)(C)c1cc(-c2ccc3cc(NS(C)(=O)=O)ccc3c2)cc(=O)[nH]c1=O|COc1c(-c2ccc3cc(NS(C)(=O)=O)ccc3c2)cc(N2CCC(O)NC2=O)cc1C(C)(C)C|COc1c(-c2ccc3cc(NS(C)(=O)=O)ccc3c2)cc(-n2ccc(=O)[nH]c2=O)cc1C(C)(C)C=O|CC(C)(CO)c1cc(-n2ccc(=O)[nH]c2=O)cc(-c2ccc3cc(NS(C)(=O)=O)ccc3c2)c1O|CC(C)(C)c1cc(-c2ccc3cc(NS(C)(=O)=O)ccc3c2)cc(-n2ccc(=O)[nH]c2=O)c1O|COc1c(-c2ccc3cc(NS(C)(=O)=O)ccc3c2)cc(-n2ccc(=O)[nH]c2=O)cc1C(C)(C)CO|COc1c(-c2ccc3cc(NS(C)(=O)=O)ccc3c2)cc(-n2ccc(=O)[nH]c2=O)cc1C(C)(C)O,COc1c(-c2ccc3cc(NS(C)(=O)=O)ccc3c2)cc(-n2ccc(=O)[nH]c2=O)cc1C(C)(C)CO,COc1c(-c2ccc3cc(NS(C)(=O)=O)ccc3c2O)cc(-n2ccc(=O)[nH]c2=O)cc1C(C)(C)C|CC(C)(C)c1cc(-n2ccc(=O)[nH]c2=O)cc(-c2ccc3cc(NS(C)(=O)=O)ccc3c2)c1O|COc1c(-c2ccc3cc(NS(C)(=O)=O)ccc3c2)cc(-n2cc(O)c(=O)[nH]c2=O)cc1C(C)(C)C|COc1c(-c2ccc3cc(N)ccc3c2)cc(-n2ccc(=O)[nH]c2=O)cc1C(C)(C)C|COc1c(-c2ccc3cc(NS(C)(=O)=O)ccc3c2)cc(-n2ccc(O)nc2=O)cc1C(C)(C)C
CNCC[C@@H](Oc1ccccc1C)c1ccccc1,CNCCC(Oc1ccccc1CO)c1ccccc1|CNCC[C@@H](Oc1ccccc1)c1ccc(O)cc1|CNCC[C@H](Oc1ccccc1CO)c1ccccc1|CNCCC(Oc1ccccc1C)c1ccc(O)cc1|CNCC[C@H](Oc1ccc(O)cc1C)c1ccccc1|Cc1ccccc1O[C@@H](CC=O)c1ccccc1|CNCCC(Oc1ccc(O)cc1)c1ccccc1|CNCC[C@@H](Oc1ccc(O)cc1C)c1ccccc1|CNCC[C@H](Oc1ccccc1C)c1ccc(O)cc1|Cc1ccccc1O[C@H](CCN)c1ccccc1|CNCC[C@H](Oc1ccc(O)cc1)c1ccccc1|CNCCC(Oc1ccc(O)cc1C)c1ccccc1|Cc1ccccc1O[C@H](CC=O)c1ccccc1|Cc1ccccc1O[C@@H](CCN)c1ccccc1|CNCC[C@@H](Oc1cc(O)ccc1C)c1ccccc1|Cc1ccccc1O[C@@H](CC=O)c1ccccc1C|NCC[C@@H](Oc1ccccc1)c1ccccc1|CNCCC(Oc1ccccc1C)c1ccc(O)cc1O,CNCC[C@@H](Oc1ccccc1CO)c1ccccc1|Cc1ccccc1O[C@H](CCN)c1ccccc1|CNCC[C@@H](Oc1ccc(O)cc1C)c1ccccc1,CNCCC(Oc1ccccc1CO)c1ccccc1|CNCC[C@@H](Oc1ccccc1)c1ccc(O)cc1|CNCC[C@H](Oc1ccccc1CO)c1ccccc1|CNCCC(Oc1ccccc1C)c1ccc(O)cc1|CNCC[C@H](Oc1ccc(O)cc1C)c1ccccc1
C[C@]12C=CC(=O)C(Cl)=C1CC[C@H]1[C@H]2CC[C@]2(C)[C@@H]1CC[C@]2(C)O,C[C@]12C=CC(=O)C(Cl)=C1CC[C@H]1[C@@H]2CC[C@@]2(C)[C@H]1CCC2(O)O|C[C@]12C=CC(=O)C=C1CC[C@@H]1[C@@H]2CC[C@]2(C)[C@@H]1CC[C@]2(C)O|C[C@]12C=CC(=O)C(Cl)=C1CCC1C2CC[C@]2(C)C1CC[C@]2(C)O[C@@H]1O[C@H](C(=O)O)[C@@H](O)[C@H](O)[C@H]1O|C[C@]12C=CC(=O)C(Cl)=C1CC[C@H]1[C@@H]2CC[C@]2(C)[C@@H]1CC[C@]2(C)O[C@@H]1O[C@H](C(=O)O)[C@@H](O)[C@H](O)[C@H]1O|CC12C=CC(=O)C(Cl)=C1CCC1C2C(O)CC2(C)C1CCC2(C)O|C[C@]12C=CC(=O)C=C1CC[C@@H]1[C@@H]2CC[C@]2(C)[C@H]1CC[C@]2(C)O|C[C@]12C=CC(=O)C(Cl)=C1CCC1C2CC[C@@]2(C)C1CC[C@]2(O)CO|C[C@]1(O)CC[C@H]2[C@@H]3CCC4=CC(=O)C=C[C@]4(CO)[C@H]3CC[C@@]21C|CO[C@@]1(C)CC[C@@H]2[C@H]3CCC4=C(Cl)C(=O)C=C[C@]4(C)[C@H]3CC[C@]21C|C[C@]12C=CC(=O)C(Cl)=C1CC[C@@H]1[C@@H]2CC[C@]2(C)[C@H]1CC[C@]2(C)OS(=O)(=O)O|C[C@]1(O)CCC2C3CCC4=C(Cl)C(=O)CC[C@]4(C)C3CC[C@@]21C|CC12C=CC(=O)C(Cl)=C1CCC1C2C(O)CC2(C)C1CCC2(O)CO|CO[C@@]1(C)CC[C@@H]2[C@@H]3CCC4=C(Cl)C(=O)C=C[C@]4(C)[C@H]3CC[C@]21C|C[C@]1(O)CCC2C3CCC4=CC(=O)C=C[C@]4(C)C3C(O)C[C@]21C|C[C@]12C=CC(=O)C(Cl)=C1CC[C@H]1[C@@H]2CC[C@@]2(C)[C@H]1CC[C@]2(O)CO|C[C@]12C=CC(=O)C(Cl)=C1CC[C@@H]1[C@@H]2CC[C@@]2(C)[C@H]1CC[C@]2(O)CO|C[C@]12C=CC(=O)C=C1CC[C@@H]1[C@@H]2CC[C@@]2(C)[C@H]1CC[C@]2(C)O|C[C@]1(O)CC[C@H]2[C@@H]3CCC4=C(Cl)C(=O)C=C[C@]4(CO)[C@H]3CC[C@@]21C,C[C@]12C=CC(=O)C(Cl)=C1CC[C@H]1[C@H]2[C@@H](O)C[C@]2(C)[C@@H]1CC[C@]2(C)O,C[C@]12C=CC(=O)C(Cl)=C1CC[C@H]1[C@@H]2CC[C@@]2(C)[C@H]1CCC2(O)O|C[C@]12C=CC(=O)C=C1CC[C@@H]1[C@@H]2CC[C@]2(C)[C@@H]1CC[C@]2(C)O|C[C@]12C=CC(=O)C(Cl)=C1CCC1C2CC[C@]2(C)C1CC[C@]2(C)O[C@@H]1O[C@H](C(=O)O)[C@@H](O)[C@H](O)[C@H]1O|C[C@]12C=CC(=O)C(Cl)=C1CC[C@H]1[C@@H]2CC[C@]2(C)[C@@H]1CC[C@]2(C)O[C@@H]1O[C@H](C(=O)O)[C@@H](O)[C@H](O)[C@H]1O|CC12C=CC(=O)C(Cl)=C1CCC1C2C(O)CC2(C)C1CCC2(C)O
CNC(=O)c1ccccc1Sc1ccc2c(/C=C/c3ccccn3)n[nH]c2c1,CNC(=O)c1ccccc1Sc1ccc2c(/C=C/c3ccc(O)cn3)n[nH]c2c1|CNC(=O)c1cc(O)ccc1Sc1ccc2c(/C=C/c3ccccn3)n[nH]c2c1|CNC(=O)c1ccc(O)cc1Sc1ccc2c(/C=C/c3ccccn3)n[nH]c2c1|CNC(=O)c1ccccc1S(=O)c1ccc2c(/C=C/c3ccccn3)n[nH]c2c1|NC(=O)c1ccccc1Sc1ccc2c(/C=C/c3ccccn3)n[nH]c2c1|CNC(=O)c1ccc(Sc2ccc3c(/C=C/c4ccccn4)n[nH]c3c2)cc1|CNC(=O)c1ccc(S(=O)c2ccc3c(/C=C/c4ccccn4)n[nH]c3c2)cc1|O=C(O)c1ccccc1Sc1ccc2c(/C=C/c3ccccn3)n[nH]c2c1,CNC(=O)c1ccccc1Sc1ccc2c(C3OC3c3ccccn3)n[nH]c2c1|CNC(=O)c1ccccc1S(=O)c1ccc2c(/C=C/c3ccccn3)n[nH]c2c1|CNC(=O)c1ccccc1Sc1ccc2c(/C=C/c3cccc[n+]3[O-])n[nH]c2c1|O=C(NCO)c1ccccc1Sc1ccc2c(/C=C/c3ccccn3)n[nH]c2c1,CNC(=O)c1ccccc1Sc1ccc2c(/C=C/c3ccc(O)cn3)n[nH]c2c1|CNC(=O)c1cc(O)ccc1Sc1ccc2c(/C=C/c3ccccn3)n[nH]c2c1|CNC(=O)c1ccc(O)cc1Sc1ccc2c(/C=C/c3ccccn3)n[nH]c2c1|CNC(=O)c1ccccc1S(=O)c1ccc2c(/C=C/c3ccccn3)n[nH]c2c1|NC(=O)c1ccccc1Sc1ccc2c(/C=C/c3ccccn3)n[nH]c2c1
COc1ccccc1Oc1c(NS(=O)(=O)c2ccc(C(C)(C)C)cc2)nc(-c2ncccn2)nc1OCCO,COc1ccc(O)cc1Oc1c(NS(=O)(=O)c2ccc(C(C)(C)C)cc2)nc(-c2ncccn2)nc1OCCO|CC(C)(C)c1ccc(S(=O)(=O)Nc2nc(-c3ncccn3)nc(OCCO)c2Oc2ccc(O)cc2O)cc1|COc1ccccc1Oc1c(NS(=O)(=O)c2ccc(C(C)(C)CO)cc2)nc(-c2ncc(O)cn2)nc1OCCO|CC(C)(C)c1ccc(S(=O)(=O)Nc2nc(-c3ncccn3)nc(OCCO)c2Oc2ccccc2O)cc1|COc1cc(O)ccc1Oc1c(O)nc(-c2ncccn2)nc1NS(=O)(=O)c1ccc(C(C)(C)C)cc1|COc1ccccc1Oc1c(NS(=O)(=O)c2ccc(C(C)(C)CO)cc2)nc(-c2ncccn2)nc1OCCO|COc1ccccc1Oc1c(NS(=O)(=O)c2ccc(C(C)(C)O)cc2)nc(-c2ncccn2)nc1OCCO|COc1cc(O)ccc1Oc1c(NS(=O)(=O)c2ccc(C(C)(C)C)cc2)nc(-c2ncccn2)nc1OCCO|COc1ccccc1Oc1c(NS(=O)(=O)c2ccc(C(C)(C)C)cc2)nc(-c2ncccn2)nc1OCC(=O)O|CC(C)(C)c1ccc(S(=O)(=O)Nc2nc(-c3ncccn3)nc(OCCO)c2O)cc1|COc1ccccc1Oc1c(NS(=O)(=O)c2ccc(C(C)(C)CO)cc2)nc(-c2ncccn2)nc1OCC(=O)O|CC(C)(CO)c1ccc(S(=O)(=O)Nc2nc(-c3ncccn3)nc(OCCO)c2Oc2ccccc2O)cc1,COc1ccccc1Oc1c(NS(=O)(=O)c2ccc(C(C)(C)CO)cc2)nc(-c2ncccn2)nc1OCCO|CC(C)(C)c1ccc(S(=O)(=O)Nc2nc(-c3ncccn3)nc(OCCO)c2Oc2ccccc2O)cc1,COc1ccc(O)cc1Oc1c(NS(=O)(=O)c2ccc(C(C)(C)C)cc2)nc(-c2ncccn2)nc1OCCO|CC(C)(C)c1ccc(S(=O)(=O)Nc2nc(-c3ncccn3)nc(OCCO)c2Oc2ccc(O)cc2O)cc1|COc1ccccc1Oc1c(NS(=O)(=O)c2ccc(C(C)(C)CO)cc2)nc(-c2ncc(O)cn2)nc1OCCO|CC(C)(C)c1ccc(S(=O)(=O)Nc2nc(-c3ncccn3)nc(OCCO)c2Oc2ccccc2O)cc1|COc1cc(O)ccc1Oc1c(O)nc(-c2ncccn2)nc1NS(=O)(=O)c1ccc(C(C)(C)C)cc1
O=C(NOCCO)c1ccc2cncn2c1Nc1ccc(I)cc1F,O=C(NOCCO)c1ccc2cncn2c1Nc1ccc(I)c(I)c1F|O=C(NOCCO)c1ccc2cncn2c1Nc1ccc(I)cc1O|O=C(NOCCOC1OC(O)C(O)C(O)C1O)c1ccc2cncn2c1Nc1ccccc1F|O=C(NO)c1ccc2cncn2c1Nc1ccc(I)cc1F|O=C(NOCC(O)O)c1ccc2cncn2c1Nc1ccc(I)cc1F|O=C(NOCCO)c1ccc2cncn2c1Nc1ccc(O)cc1F|O=C(O)c1ccc2cncn2c1Nc1ccc(I)cc1F|O=C(NOCCOC1OC(O)C(O)C(O)C1O)c1ccc2cncn2c1Nc1ccc(I)cc1|O=C(NOCCO)C(=O)c1ccc2cncn2c1Nc1ccc(I)cc1|O=C(NOCCO)c1ccc2c(O)ncn2c1Nc1ccc(I)cc1F|O=C(NOCCO)c1ccc2cncn2c1Nc1ccc(I)c(F)c1|O=C(NOCCO)c1cc(O)c2cncn2c1Nc1ccc(I)cc1F|O=C(O)CONC(=O)c1ccc2cncn2c1Nc1ccc(I)cc1F,O=c1[nH]n(-c2ccc(I)cc2F)c2c1ccc1cncn12|NC(=O)c1ccc2cncn2c1Nc1ccc(I)cc1F,O=C(NOCCO)c1ccc2cncn2c1Nc1ccc(I)c(I)c1F|O=C(NOCCO)c1ccc2cncn2c1Nc1ccc(I)cc1O|O=C(NOCCOC1OC(O)C(O)C(O)C1O)c1ccc2cncn2c1Nc1ccccc1F|O=C(NO)c1ccc2cncn2c1Nc1ccc(I)cc1F|O=C(NOCC(O)O)c1ccc2cncn2c1Nc1ccc(I)cc1F
CC(C)(O)c1ccccc1CC[C@@H](SCC1(CC(=O)O)CC1)c1cccc(/C=C/c2ccc3ccc(Cl)cc3n2)c1,CC(CO)c1ccccc1CC[C@@H](SCC1(CC(=O)O)CC1)c1cccc(/C=C/c2ccc3ccc(Cl)cc3n2)c1|CC(C)(C(=O)O)C1CCC(c2cccc(/C=C/c3ccc4ccc(Cl)cc4n3)c2)S1|CC(C)(O)c1cc(O)ccc1CC[C@H](SCC1(CC(=O)O)CC1)c1cccc(/C=C/c2ccc3ccc(Cl)cc3n2)c1|CC(C)(CO)c1ccccc1CC[C@@H](SCC1(CC(=O)O)CC1)c1cccc(/C=C/c2ccc3ccc(Cl)cc3n2)c1|CC(C)(O)c1cc(O)ccc1CC[C@@H](SCC1(CC(=O)O)CC1)c1cccc(/C=C/c2ccc3ccc(Cl)cc3n2)c1|CC(C)(O)c1ccccc1CC[C@@H](SCC1(CC(=O)OC2O[C@H](C(=O)O)[C@@H](O)[C@H](O)[C@H]2O)CC1)c1cccc(/C=C/c2ccc3ccc(Cl)cc3n2)c1|CC(C)(O)c1ccccc1CCC(S)c1cccc(/C=C/c2ccc3ccc(Cl)cc3n2)c1|CC(O)(CO)c1ccccc1CC[C@@H](SCC1(CC(=O)O)CC1)c1cccc(/C=C/c2ccc3ccc(Cl)cc3n2)c1|CC(C)(O)c1ccccc1CC[C@@H](S)c1cccc(/C=C/c2ccc3ccc(Cl)cc3n2)c1|CC(C)(O)c1ccc(O)cc1CC[C@@H](SCC1(CC(=O)O)CC1)c1cccc(/C=C/c2ccc3ccc(Cl)cc3n2)c1|CC(C)(C(=O)O)C1(CC(=O)O)CS[C@H](CCc2cccc(/C=C/c3ccc4ccc(Cl)cc4n3)c2)c2ccccc21|CC(C)(O)c1ccccc1CC[C@@H](SCC1(CC(=O)O[C@@H]2O[C@H](C(=O)O)[C@@H](O)[C@H](O)[C@H]2O)CC1)c1cccc(/C=C/c2ccc3ccc(Cl)cc3n2)c1|CC(C)(O)c1ccccc1CC[C@@H](SCC1(C(=O)O)CC1)c1cccc(/C=C/c2ccc3ccc(Cl)cc3n2)c1|CC(C)(O)c1ccccc1CC[C@H](SCC1(C(=O)O)CC1)c1cccc(/C=C/c2ccc3ccc(Cl)cc3n2)c1|CC(C)(O)c1ccccc1CCC(SCC1(C(=O)O)CC1)c1cccc(/C=C/c2ccc3cc(O)c(Cl)cc3n2)c1|CC(C)(C(=O)O)c1ccccc1CC[C@@H](SCC1(CC(=O)O)CC1)c1cccc(/C=C/c2ccc3ccc(Cl)cc3n2)c1|CC(C)(O)c1ccccc1CCC(SCC1(CC(=O)OC2O[C@H](C(=O)O)[C@@H](O)[C@H](O)[C@H]2O)CC1)c1cccc(/C=C/c2ccc3ccc(Cl)cc3n2)c1|CC(C)(O)c1ccccc1CCC(SCC1(CC(=O)O[C@@H]2O[C@H](C(=O)O)[C@@H](O)[C@H](O)[C@H]2O)CC1)c1cccc(/C=C/c2ccc3ccc(Cl)cc3n2)c1|CC(C)(O)c1ccccc1CCC(SCC1(C(=O)O)CC1)c1cccc(/C=C/c2ccc3ccc(Cl)cc3n2)c1,CC(C)(O)c1ccccc1CC[C@@H](SCC1(CC(=O)OC2O[C@H](C(=O)O)[C@@H](O)[C@H](O)[C@H]2O)CC1)c1cccc(/C=C/c2ccc3ccc(Cl)cc3n2)c1|CC(O)(CO)c1ccccc1CC[C@@H](SCC1(CC(=O)O)CC1)c1cccc(/C=C/c2ccc3ccc(Cl)cc3n2)c1|CC(C)(O)c1ccccc1[C@H](O)C[C@@H](SCC1(CC(=O)O)CC1)c1cccc(/C=C/c2ccc3ccc(Cl)cc3n2)c1|CC(C)(O)c1ccccc1CC[C@H](c1cccc(/C=C/c2ccc3ccc(Cl)cc3n2)c1)S(=O)CC1(CC(=O)O)CC1|CC(C)(O)c1ccccc1CC[C@H](c1cccc(/C=C/c2ccc3ccc(Cl)cc3n2)c1)[S+]([O-])CC1(CC(=O)O)CC1|CC(C)(O)c1ccccc1[C@@H](O)C[C@@H](SCC1(CC(=O)O)CC1)c1cccc(/C=C/c2ccc3ccc(Cl)cc3n2)c1,CC(CO)c1ccccc1CC[C@@H](SCC1(CC(=O)O)CC1)c1cccc(/C=C/c2ccc3ccc(Cl)cc3n2)c1|CC(C)(C(=O)O)C1CCC(c2cccc(/C=C/c3ccc4ccc(Cl)cc4n3)c2)S1|CC(C)(O)c1cc(O)ccc1CC[C@H](SCC1(CC(=O)O)CC1)c1cccc(/C=C/c2ccc3ccc(Cl)cc3n2)c1|CC(C)(CO)c1ccccc1CC[C@@H](SCC1(CC(=O)O)CC1)c1cccc(/C=C/c2ccc3ccc(Cl)cc3n2)c1|CC(C)(O)c1cc(O)ccc1CC[C@@H](SCC1(CC(=O)O)CC1)c1cccc(/C=C/c2ccc3ccc(Cl)cc3n2)c1
Cc1cc2c(s1)Nc1ccccc1N=C2N1CCN(C)CC1,Cc1cc2c(s1)Nc1ccccc1N=C2N1CC[N+](C)(C)CC1|Cc1cc2c(s1)Nc1ccc(O)cc1N=C2N1CCN(C)CC1|Cc1cc2c(s1)Nc1ccccc1N=C2N1CCNCC1|CN1CCN(C2=Nc3ccccc3Nc3sc(CO)cc32)CC1|Cc1cc2c(s1)Nc1ccccc1N=C2N1CCN(C)C(O)C1|Cc1cc2c(s1)Nc1ccccc1N=C2N1CCN(C)CC1O|Cc1cc2c(s1)Nc1cc(O)ccc1N=C2N1CCN(C)CC1|Cc1cc2c(s1)Nc1ccccc1N=C2N1CC[N+](C)([O-])CC1,Cc1cc2c(s1)Nc1ccc(O)cc1N=C2N1CCN(C)CC1|Cc1cc2c(s1)Nc1ccccc1N=C2N1CCNCC1|CN1CCN(C2=Nc3ccccc3Nc3sc(CO)cc32)CC1|Cc1cc2c(s1)Nc1ccccc1N=C2N1CC[N+](C)([O-])CC1|Cc1cc2c(s1)N(C1OC(C(=O)O)C(O)C(O)C1O)c1ccccc1N=C2N1CCN(C)CC1,Cc1cc2c(s1)Nc1ccccc1N=C2N1CC[N+](C)(C)CC1|Cc1cc2c(s1)Nc1ccc(O)cc1N=C2N1CCN(C)CC1|Cc1cc2c(s1)Nc1ccccc1N=C2N1CCNCC1|CN1CCN(C2=Nc3ccccc3Nc3sc(CO)cc32)CC1|Cc1cc2c(s1)Nc1ccccc1N=C2N1CCN(C)C(O)C1
CCC1Oc2ccccc2C1C(=O)c1cc(Br)c(O)c(Br)c1,CCC1Oc2ccccc2C1C(=O)c1cc(Br)c(OC2O[C@H](C(=O)O)[C@@H](O)[C@H](O)[C@H]2O)c(Br)c1|CCC1Oc2ccccc2C1C(=O)c1ccc(OC2O[C@H](C(=O)O)[C@@H](O)[C@H](O)[C@H]2O)c(Br)c1|CCC1Oc2ccc(O)cc2C1C(=O)c1cc(Br)c(O)c(Br)c1|CC[C@H]1Oc2ccccc2[C@H]1C(=O)c1cc(Br)c(OC2O[C@H](C(=O)O)[C@@H](O)[C@H](O)[C@H]2O)c(Br)c1|CCC1Oc2ccccc2C1C(O)c1cc(Br)c(OC2OC(C(=O)O)C(O)C(O)C2O)c(Br)c1|CCC1Oc2ccccc2C1C(=O)c1cc(Br)c(OC)c(Br)c1|O=C(c1cc(Br)c(O)c(Br)c1)C1c2ccccc2OC1CCO|CCC1Oc2ccccc2C1C(=O)c1cc(Br)c(OC2OC(C(=O)O)C(O)C(O)C2O)c(Br)c1|CCC1Oc2ccccc2C1C(O)c1cc(Br)c(O)c(Br)c1|CCC1Oc2ccccc2C1C(=O)c1cc(Br)c(OS(=O)(=O)O)c(Br)c1|CCC1Oc2ccccc2C1C(=O)O|CCC1Oc2cc(O)ccc2C1C(=O)c1cc(Br)c(OC2O[C@H](C(=O)O)[C@@H](O)[C@H](O)[C@H]2O)c(Br)c1|CCC1Oc2c(O)cccc2C1C(=O)c1cc(Br)c(O)c(Br)c1|CCC1Oc2ccc(O)cc2C1C(=O)c1cc(Br)c(OC2O[C@H](C(=O)O)[C@@H](O)[C@H](O)[C@H]2O)c(Br)c1|CCC1Oc2cc(O)ccc2C1C(=O)c1cc(Br)c(O)c(Br)c1,Oc1cc(Br)c(O)c(Br)c1|CCC1Oc2ccccc2C1C(=O)c1cc(O)c(O)c(Br)c1|CCC1Oc2cc(O)ccc2C1C(=O)c1cc(Br)c(O)c(Br)c1,CCC1Oc2ccccc2C1C(=O)c1cc(Br)c(OC2O[C@H](C(=O)O)[C@@H](O)[C@H](O)[C@H]2O)c(Br)c1|CCC1Oc2ccccc2C1C(=O)c1ccc(OC2O[C@H](C(=O)O)[C@@H](O)[C@H](O)[C@H]2O)c(Br)c1|CCC1Oc2ccc(O)cc2C1C(=O)c1cc(Br)c(O)c(Br)c1|CC[C@H]1Oc2ccccc2[C@H]1C(=O)c1cc(Br)c(OC2O[C@H](C(=O)O)[C@@H](O)[C@H](O)[C@H]2O)c(Br)c1|CCC1Oc2ccccc2C1C(O)c1cc(Br)c(OC2OC(C(=O)O)C(O)C(O)C2O)c(Br)c1
COc1cc(Cc2cnc(N)nc2N)cc(OC)c1OC,COc1cc(Cc2c[nH]c(=N)[nH]c2=O)cc(OC)c1OC|COc1cc(Cc2cnc(N)nc2N)c(OC)c(OC)c1OC|COc1cc(Cc2cnc(N)nc2N)cc(OC)c1O|COc1cc(Cc2c[nH]c(N)nc2=O)cc(OC)c1OC|COc1cc(C(O)c2cnc(N)nc2N)cc(OC)c1OC|COc1cc(Cc2cnc(N)nc2N)c(O)c(OC)c1OC|COc1cc(Cc2c[nH]c(=N)[nH]c2=N)cc(OC)c1OC|COc1cc(Cc2cnc(N)[nH]c2=O)cc(OC)c1OC|COc1cc(Cc2cnc(N)nc2N)cc(O)c1OC|COc1cc(Cc2cnc(N)nc2N)cc(OC)c1OCO|COc1cc(Cc2c[nH]c(=N)[nH]c2=N)cc(OC)c1O|COc1cc(Cc2cnc(N)nc2O)cc(OC)c1O|COc1cc(Cc2cnc(N)nc2N)c(OC)c(OC)c1O|COc1cc(Cc2cnc(N)nc2O)cc(OC)c1OC|COc1cc(C(=O)O)cc(OC)c1OC|COc1cc(Cc2cnc(N)nc2N)c(OC)c(OC)c1|COc1cc(Cc2cnc(N)nc2N)c(O)c(OC)c1,COc1cc(Cc2c[n+]([O-])c(N)nc2N)cc(OC)c1OC|COc1cc(Cc2cnc(N)nc2N)cc(OC)c1O|COc1cc(Cc2cnc(N)[n+]([O-])c2N)cc(OC)c1OC|COc1cc(C(O)c2cnc(N)nc2N)cc(OC)c1OC|COc1cc(Cc2cnc(N)nc2N)cc(O)c1OC,COc1cc(Cc2c[nH]c(=N)[nH]c2=O)cc(OC)c1OC|COc1cc(Cc2cnc(N)nc2N)c(OC)c(OC)c1OC|COc1cc(Cc2cnc(N)nc2N)cc(OC)c1O|COc1cc(Cc2c[nH]c(N)nc2=O)cc(OC)c1OC|COc1cc(C(O)c2cnc(N)nc2N)cc(OC)c1OC
O=P1(NCCCl)OCCCN1CCCl,O=P1(NCCCl)OCC(O)CN1CCCl|O=P1(NCCCl)NCCCO1|NP1(=O)NCCCO1|O=[P@]1(NCCCl)NCCCO1|O=P1(NCCCl)OCCC(O)N1CCCl|O=[P@]1(NCCCl)OCCC(O)N1CCCl|O=P1(N(CCCl)CCCl)NCCCO1|O=[P@@]1(NCCCl)OCCC(O)N1CCCl|NP1(=O)OCCCN1CCCl|O=P1(N(CCCl)CCCl)OCCCN1CCCl,O=CCCl|NP1(=O)OCCCN1CCCl|O=P1(NCCCl)OCCC(O)N1CCCl|O=P1(NCCCl)NCCCO1,O=P1(NCCCl)OCC(O)CN1CCCl|O=P1(NCCCl)NCCCO1|NP1(=O)NCCCO1|O=[P@]1(NCCCl)NCCCO1|O=P1(NCCCl)OCCC(O)N1CCCl
COc1cc2nccc(Oc3ccc(NC(=O)NC4CC4)c(Cl)c3)c2cc1C(N)=O,COc1cc2nccc(Oc3ccc(NC(=O)NC4CC4)c(Cl)c3O)c2cc1C(=N)N|COc1c(C(N)=O)cc2c(Oc3ccc(NC(=O)NC4CC4)c(Cl)c3)ccnc2c1O|O=C(Nc1ccc(Oc2ccnc3cc(O)c(C(=O)NC4CC4)cc23)cc1Cl)NC1CC1|COc1cc2nccc(Oc3ccc(NC(=O)NC4CC4)c(Cl)c3)c2cc1C(=O)NC1CC1|COc1cc2nccc(Oc3ccc(N)c(Cl)c3)c2cc1C(N)=O|COc1cc2[nH]ccc(=O)c2cc1C(=O)NC1CC1|COc1cc2nccc(Oc3ccc(NC(=O)NC4CC4)c(Cl)c3O)c2cc1C(N)=O|NC(=O)c1cc2c(Oc3ccc(NC(=O)NC4CC4)c(Cl)c3)ccnc2cc1O|COc1cc2nccc(Oc3ccc(NC(=O)NC4CC4)c(Cl)c3)c2cc1C(=O)O|COc1cc2c(cc1C(N)=O)C(Oc1ccc(NC(=O)NC3CC3)c(Cl)c1)=CCN2|COc1cc2c(Oc3ccc(NC(=O)NC4CC4)c(Cl)c3)ccnc2cc1C(N)=O|COc1cc2nccc(Oc3ccc(NC(=O)NC4CC4O)c(Cl)c3)c2cc1C(N)=O|COc1cc2nccc(Oc3ccc(NC(=O)NC4CC4)c(Cl)c3)c2cc1O|COc1cc2c(cc1C(N)=O)C(Oc1ccc(NC(=O)NC3CC3)c(Cl)c1)CCN2|COc1cc2c(cc1C(N)=O)C(Oc1ccc(NC(=O)NC3CC3)c(Cl)c1)CCN2O,COc1cc2c(cc1C(N)=O)c(Oc1ccc(NC(=O)NC3CC3)c(Cl)c1)cc[n+]2[O-]|NC(=O)c1cc2c(Oc3ccc(NC(=O)NC4CC4)c(Cl)c3)ccnc2cc1O,COc1cc2nccc(Oc3ccc(NC(=O)NC4CC4)c(Cl)c3O)c2cc1C(=N)N|COc1c(C(N)=O)cc2c(Oc3ccc(NC(=O)NC4CC4)c(Cl)c3)ccnc2c1O|O=C(Nc1ccc(Oc2ccnc3cc(O)c(C(=O)NC4CC4)cc23)cc1Cl)NC1CC1|COc1cc2nccc(Oc3ccc(NC(=O)NC4CC4)c(Cl)c3)c2cc1C(=O)NC1CC1|COc1cc2nccc(Oc3ccc(N)c(Cl)c3)c2cc1C(N)=O
CN1c2ccccc2C(=O)N2CCc3c([nH]c4ccccc34)C21,CN1c2ccccc2C(=O)N2CCc3c([nH]c4cc(O)ccc34)C21|C[N+]1([O-])c2ccccc2C(=O)N2CCc3c([nH]c4ccccc34)C21|CN1c2ccccc2C(=O)N2CCc3c([nH]c4c(O)cccc34)C21|CN1c2ccccc2C(=O)N2CC(O)c3c([nH]c4ccccc34)CC21|CN1c2cc(O)ccc2C(=O)N2CCc3c([nH]c4ccccc34)C21|CN1c2ccc(O)cc2C(=O)N2CCc3c([nH]c4ccccc34)C21|O=C1c2ccccc2NC2c3[nH]c4ccccc4c3CCN12|CN1c2ccccc2C(=O)N2CC(O)c3c([nH]c4ccccc34)C21|O=C1c2ccccc2N(CO)C2c3[nH]c4ccccc4c3CCN12|CN1c2ccccc2C(=O)N2CCc3c([nH]c4ccc(O)cc34)C21,CN1c2ccccc2C(=O)N2CCc3c([nH]c4ccc(O)cc34)C21|CN1c2ccccc2C(=O)N2CC(O)c3c([nH]c4ccccc34)C21,CN1c2ccccc2C(=O)N2CCc3c([nH]c4cc(O)ccc34)C21|C[N+]1([O-])c2ccccc2C(=O)N2CCc3c([nH]c4ccccc34)C21|CN1c2ccccc2C(=O)N2CCc3c([nH]c4c(O)cccc34)C21|CN1c2ccccc2C(=O)N2CC(O)c3c([nH]c4ccccc34)CC21|CN1c2cc(O)ccc2C(=O)N2CCc3c([nH]c4ccccc34)C21
Clc1ccccc1CN1CCc2sccc2C1,O=C1c2ccsc2CCN1Cc1ccccc1Cl|O=C(O)c1cc2c(s1)CCN(Cc1ccccc1Cl)C2|O=C(O)C1OC(OC2c3ccsc3CCN2Cc2ccccc2Cl)C(O)C(O)C1O|Oc1csc2c1CN(Cc1ccccc1Cl)CC2|OC1c2ccsc2CCN1Cc1ccccc1Cl|Clc1ccccc1C[n+]1ccc2c(c1)CCNC2|Oc1cc2c(s1)CCN(Cc1ccccc1Cl)C2|OC[C@H]1O[C@@H](Oc2cc3c(s2)CCN(Cc2ccccc2Cl)C3)[C@H](O)[C@@H](O)[C@@H]1O|OCc1cc2c(s1)CCN(Cc1ccccc1Cl)C2|OC1Cc2sccc2CN1Cc1ccccc1Cl|OC[C@H]1O[C@@H](Oc2csc3c2CN(Cc2ccccc2Cl)CC3)[C@H](O)[C@@H](O)[C@@H]1O|O=C([O-])c1cc2c(s1)CCN(Cc1ccccc1Cl)C2|OC1CN(Cc2ccccc2Cl)Cc2ccsc21,O=C1C=C2CN(Cc3ccccc3Cl)CCC2S1|Clc1ccccc1CN1C=C2C=C[S+]=C2CC1|OC1CN(Cc2ccccc2Cl)Cc2ccsc21|O=S1C=CC2=C1CCN(Cc1ccccc1Cl)C2|Clc1ccccc1CN1C=Cc2sccc2C1|Clc1cc2c(s1)CCN(Cc1ccccc1Cl)C2|[O-][N+]1(Cc2ccccc2Cl)CCc2sccc2C1,O=C1c2ccsc2CCN1Cc1ccccc1Cl|O=C(O)c1cc2c(s1)CCN(Cc1ccccc1Cl)C2|O=C(O)C1OC(OC2c3ccsc3CCN2Cc2ccccc2Cl)C(O)C(O)C1O|Oc1csc2c1CN(Cc1ccccc1Cl)CC2|OC1c2ccsc2CCN1Cc1ccccc1Cl
Cn1c(=O)c2c(ncn2C)n(C)c1=O,CC(=O)Nc1c(NC=O)n(C)c(=O)n(C)c1=O|CC(=O)Nc1c(NC=O)[nH]c(=O)n(C)c1=O|CC(=O)Nc1c(C(=O)N(C)C(=O)O)ncn1C|Cn1c(=O)[nH]c(=O)c2c1ncn2CO|Cn1c(=O)[nH]c(=O)c2[nH]cnc21|Cn1cnc2c1c(=O)[nH]c(=O)n2C|Cn1c(=O)c2c(ncn2C)n(C)c1=N|Cn1c(=O)c2c(nc(O)n2C)n(C)c1=O|CNC(=O)c1c(N(C)C(C)=O)ncn1C|Cn1c(=O)[nH]c2ncn(C)c2c1=O,Cn1c(=O)[nH]c2ncn(C)c2c1=O|Cn1c(=O)c2c([nH]c(=O)n2C)n(C)c1=O|Cn1cnc2c1c(=O)[nH]c(=O)n2C|Cn1c(=O)c2[nH]cnc2n(C)c1=O,CC(=O)Nc1c(NC=O)n(C)c(=O)n(C)c1=O|CC(=O)Nc1c(NC=O)[nH]c(=O)n(C)c1=O|CC(=O)Nc1c(C(=O)N(C)C(=O)O)ncn1C|Cn1c(=O)[nH]c(=O)c2c1ncn2CO|Cn1c(=O)[nH]c(=O)c2[nH]cnc21
OCCOCCN1CCN(C(c2ccccc2)c2ccc(Cl)cc2)CC1,O=C(O)CN1C=CN(C(c2ccccc2)c2ccc(Cl)cc2)CC1|O=C(O)COCCN1CCN([C@H](c2ccccc2)c2ccc(Cl)cc2)CC1|Oc1ccc([C@@H](O)c2ccc(Cl)cc2)cc1|O=C(O)CN1CCN([C@H](c2ccccc2)c2ccc(Cl)cc2)CC1|O=C(O)CN1CCN(C(c2ccccc2)c2ccc(Cl)cc2)CC1|OCCOCCN1CCN(C(c2ccccc2)c2ccc(Cl)c(O)c2)CC1|O=C(O)COCCN1CCN([C@H](c2ccccc2)c2ccc(Cl)cc2)CC1O|O=C(O)COCC[N+]1(OC(c2ccccc2)c2ccc(Cl)cc2)CCNCC1|O=C(c1ccccc1)c1ccc(Cl)cc1|O=C(O)COCC[N+]1(O)CCN([C@H](c2ccccc2)c2ccc(Cl)cc2)CC1|O=C(O)COCC[N+]1(O)CCN(C(c2ccccc2)c2ccc(Cl)cc2)CC1|[O-][N+]1(CCOCCO)CCN(C(c2ccccc2)c2ccc(Cl)cc2)CC1|O=C(O)COCCN1CCN(C(c2ccccc2)c2ccc(Cl)cc2)CC1|Clc1ccc(C(c2ccccc2)N2CCNCC2)cc1,O=C(O)COCCN1CCN(C(c2ccccc2)c2ccc(Cl)cc2)CC1,O=C(O)CN1C=CN(C(c2ccccc2)c2ccc(Cl)cc2)CC1|O=C(O)COCCN1CCN([C@H](c2ccccc2)c2ccc(Cl)cc2)CC1|Oc1ccc([C@@H](O)c2ccc(Cl)cc2)cc1|O=C(O)CN1CCN([C@H](c2ccccc2)c2ccc(Cl)cc2)CC1|O=C(O)CN1CCN(C(c2ccccc2)c2ccc(Cl)cc2)CC1
CN1CCc2cccc3c2[C@H]1Cc1ccc(O)c(O)c1-3,CN1CCc2cccc3c2[C@H]1Cc1ccc(O)c(OC2O[C@H](C(=O)O)[C@@H](O)[C@H](O)[C@H]2O)c1-3|CN1CCc2cccc3c2C1Cc1ccc(OC2OC(C(=O)O)C(O)C(O)C2O)c(O)c1-3|COc1cc2c(c(O)c1O)-c1cccc3c1C(C2)N(C)CC3|CN1CCc2cccc3c2[C@H]1Cc1ccc(OC2O[C@H](C(=O)O)[C@@H](O)[C@H](O)[C@H]2O)cc1-3|COc1ccc2c(c1O)-c1cccc3c1C(C2)NCC3|CN1CCc2cccc3c2C1Cc1ccc(OC2O[C@H](C(=O)O)[C@@H](O)[C@H](O)[C@H]2O)c(O)c1-3|CN1CCc2cccc3c2C1Cc1ccc(OS(=O)(=O)O)c(O)c1-3|COc1ccc2c(c1O)-c1cccc3c1[C@@H](C2)N(C)CC3|COc1ccc2c(c1O)-c1cccc3c1C(C2)N(C)CC3|CN1CCc2cccc3c2[C@H]1Cc1cc(O)c(O)c(O)c1-3|COc1ccc2c(c1O)-c1cccc3c1[C@@H](C2)NCC3|COc1ccc2c3c1-c1cccc(O)c1C[C@@H]3NCC2|CN1CCc2cccc3c2[C@H]1Cc1ccc(OS(=O)(=O)O)c(O)c1-3|CN1CCc2cccc3c2[C@H]1Cc1ccc(OC2O[C@H](C(=O)O)[C@@H](O)[C@H](O)[C@H]2O)c(O)c1-3,CN1CCc2cccc3c2[C@H]1Cc1ccc(OC2O[C@H](C(=O)O)[C@@H](O)[C@H](O)[C@H]2O)c(O)c1-3|Oc1ccc2c(c1O)-c1cccc3c1[C@@H](C2)NCC3|CN1CCc2cccc3c2[C@H]1CC1=C3C(=O)C(=O)C=C1|CN1CCc2cccc3c2[C@H]1Cc1ccc(O)c(OC2O[C@H](C(=O)O)[C@@H](O)[C@H](O)[C@H]2O)c1-3|COc1c(O)ccc2c1-c1cccc3c1[C@@H](C2)N(C)CC3|COc1ccc2c(c1O)-c1cccc3c1[C@@H](C2)N(C)CC3,CN1CCc2cccc3c2[C@H]1Cc1ccc(O)c(OC2O[C@H](C(=O)O)[C@@H](O)[C@H](O)[C@H]2O)c1-3|CN1CCc2cccc3c2C1Cc1ccc(OC2OC(C(=O)O)C(O)C(O)C2O)c(O)c1-3|COc1cc2c(c(O)c1O)-c1cccc3c1C(C2)N(C)CC3|CN1CCc2cccc3c2[C@H]1Cc1ccc(OC2O[C@H](C(=O)O)[C@@H](O)[C@H](O)[C@H]2O)cc1-3|COc1ccc2c(c1O)-c1cccc3c1C(C2)NCC3
CCN(CC)CCOC(=O)c1ccc(N)cc1,CCN(CC)CCOC(=O)c1ccc(N=C(C)O)cc1|CCNCCOC(=O)c1ccc(N)cc1|CCN(CC)CCOC(=O)c1ccc(NC(C)=O)cc1|O=C(O)c1ccc(O)cc1|O=C(O)c1ccc(NO)cc1|CCN(CC)CCOC(=O)c1ccc(NO)cc1|CCN(CC)CCOC(=O)c1ccc(O)cc1|Nc1ccc(C(=O)O)cc1,CCN(CC)CCO|Nc1ccc(C(=O)O)cc1,CCN(CC)CCOC(=O)c1ccc(N=C(C)O)cc1|CCNCCOC(=O)c1ccc(N)cc1|CCN(CC)CCOC(=O)c1ccc(NC(C)=O)cc1|O=C(O)c1ccc(O)cc1|O=C(O)c1ccc(NO)cc1
O=C1CN=C(c2ccccc2)c2cc(Cl)ccc2N1,O=C1CN=C(c2cccc(O)c2)c2cc(Cl)ccc2N1|O=C1Nc2ccc(Cl)cc2C(c2ccccc2)=NC1O|Clc1ccc2c(c1)C(c1ccccc1)=NCCN2|O=C1Nc2ccc(Cl)cc2C(c2ccc(O)cc2)=NC1O|O=C1CN=C(c2ccccc2)c2cc(Cl)cc(O)c2N1|Nc1ccc(Cl)cc1C(=O)c1ccccc1|O=C1Nc2ccc(Cl)cc2C(c2cccc(O)c2)=NC1O|Nc1ccc(Cl)cc1C(=NCC(=O)O)c1ccccc1|O=C1CN=C(c2ccccc2)c2cc(Cl)c(O)cc2N1|O=C1CN=C(c2ccc(O)cc2)c2cc(Cl)ccc2N1,O=C(O)[C@H]1OC(OC2CN=C(c3ccccc3)c3cc(Cl)ccc3N2)[C@H](O)[C@@H](O)[C@@H]1O|O=C1Nc2ccc(Cl)cc2C(c2ccccc2)=NC1O,O=C1CN=C(c2cccc(O)c2)c2cc(Cl)ccc2N1|O=C1Nc2ccc(Cl)cc2C(c2ccccc2)=NC1O|Clc1ccc2c(c1)C(c1ccccc1)=NCCN2|O=C1Nc2ccc(Cl)cc2C(c2ccc(O)cc2)=NC1O|O=C1CN=C(c2ccccc2)c2cc(Cl)cc(O)c2N1
O=C1Nc2ccc(Cl)cc2C(c2ccccc2)=NC1O,O=C(O)[C@H]1O[C@@H](OC2N=C(c3ccccc3)c3cc(Cl)ccc3N=C2O)[C@H](O)[C@@H](O)[C@@H]1O|O=C1Nc2ccc(Cl)cc2C(c2ccccc2)=NC1OC1O[C@H](C(=O)O)[C@@H](O)[C@H](O)[C@H]1O|O=C(O)[C@H]1OC(OC2N=C(c3ccccc3)c3cc(Cl)ccc3N=C2O)[C@H](O)[C@@H](O)[C@@H]1O|N=C(c1ccccc1)c1cc(Cl)ccc1NC(=O)C(=O)O|O=C(O)C1OC(O[C@@H]2N=C(c3ccccc3)c3cc(Cl)ccc3N=C2O)C(O)C(O)C1O|OC1=Nc2ccc(Cl)cc2C(c2ccccc2)=NC1O|O=C1Nc2ccc(Cl)cc2C(c2ccc(O)cc2)=NC1O|O=C1Nc2ccc(Cl)cc2C(c2ccccc2)=NC1OC1OC(C(=O)O)C(O)C(O)C1O|O=C(O)C1OC(OC2N=C(c3ccccc3)c3cc(Cl)ccc3N=C2O)C(O)C(O)C1O|O=C1Nc2c(O)cc(Cl)cc2C(c2ccccc2)=NC1O|O=C1Nc2ccc(Cl)cc2C(c2ccccc2)=NC1O[C@@H]1O[C@H](C(=O)O)[C@@H](O)[C@H](O)[C@H]1O|OC1=Nc2ccc(Cl)cc2C(c2ccccc2)=NC1OC1OC(O)C(O)C(O)C1O|O=C1Nc2ccc(Cl)cc2C(c2cccc(O)c2)=NC1O|O=CNc1ccc(Cl)cc1C(=NCC(=O)O)c1ccccc1,O=C(O)[C@H]1O[C@@H](OC2N=C(c3ccccc3)c3cc(Cl)ccc3N=C2O)[C@H](O)[C@@H](O)[C@@H]1O,O=C(O)[C@H]1O[C@@H](OC2N=C(c3ccccc3)c3cc(Cl)ccc3N=C2O)[C@H](O)[C@@H](O)[C@@H]1O|O=C1Nc2ccc(Cl)cc2C(c2ccccc2)=NC1OC1O[C@H](C(=O)O)[C@@H](O)[C@H](O)[C@H]1O|O=C(O)[C@H]1OC(OC2N=C(c3ccccc3)c3cc(Cl)ccc3N=C2O)[C@H](O)[C@@H](O)[C@@H]1O|N=C(c1ccccc1)c1cc(Cl)ccc1NC(=O)C(=O)O|O=C(O)C1OC(O[C@@H]2N=C(c3ccccc3)c3cc(Cl)ccc3N=C2O)C(O)C(O)C1O
CN[C@@H](C)[C@@H](O)c1ccccc1,CC(N)C(=O)c1ccccc1|C[C@H](N)[C@@H](O)c1ccccc1|CN[C@H](C)C(=O)c1ccccc1|C[C@H](N)[C@@H](O)c1ccc(O)cc1|CN[C@@H](C)[C@@H](O)c1ccc(O)c(O)c1|CC(N)[C@@H](O)c1ccc(O)cc1|C[C@@H](N)[C@@H](O)c1ccc(O)cc1|CC(=O)N[C@@H](C)[C@@H](O)c1ccccc1|C[C@@H](N)[C@H](O)c1ccc(O)cc1|CC(N)C(O)c1ccccc1|CN[C@@H](C)[C@@H](O)c1ccc(O)cc1|CNC(C)C(=O)c1ccccc1|CC(N)C(O)c1ccc(O)cc1|C[C@@H](N)[C@@H](O)c1ccccc1|CN[C@@H](C)C(=O)c1ccccc1,C[C@H](N)[C@@H](O)c1ccccc1,CC(N)C(=O)c1ccccc1|C[C@H](N)[C@@H](O)c1ccccc1|CN[C@H](C)C(=O)c1ccccc1|C[C@H](N)[C@@H](O)c1ccc(O)cc1|CN[C@@H](C)[C@@H](O)c1ccc(O)c(O)c1
CCCCNc1ccc(C(=O)OCCOCCOCCOCCOCCOCCOCCOCCOCCOC)cc1,CCCCN(CCCC)c1ccc(C(=O)O)cc1|CCCCNc1ccc(C(=O)O)cc1|CCOCCOCCOCCOCCOCCOCCOCCOCCOCCOC(=O)c1ccc(N)cc1|COCCOCCOCCOCCOCCOCCOCCOC(=O)c1ccc(N(C)C)cc1|CCOCCOCCOCCOCCOCCOCCOCCOCCOC(=O)c1ccc(N)cc1,CCCCNc1ccc(C(=O)O)cc1,CCCCN(CCCC)c1ccc(C(=O)O)cc1|CCCCNc1ccc(C(=O)O)cc1|CCOCCOCCOCCOCCOCCOCCOCCOCCOCCOC(=O)c1ccc(N)cc1|COCCOCCOCCOCCOCCOCCOCCOC(=O)c1ccc(N(C)C)cc1|CCOCCOCCOCCOCCOCCOCCOCCOCCOC(=O)c1ccc(N)cc1
CCN[C@H]1C[C@H](C)S(=O)(=O)c2sc(S(N)(=O)=O)cc21,C[C@@H]1C[C@H](N)c2cc(S(N)(=O)=O)sc2S1(=O)=O|CCN[C@H]1C[C@H](C)S(=O)(=O)c2sc(S(=O)(=O)NO)cc21|C[C@H]1C[C@H](N)c2cc(S(N)(=O)=O)sc2S1(=O)=O|CCN[C@H]1C[C@H](CO)S(=O)(=O)c2sc(S(N)(=O)=O)cc21|CC(O)N[C@H]1C[C@H](C)S(=O)(=O)c2sc(S(N)(=O)=O)cc21|C[C@H]1C[C@@H](N)c2cc(S(N)(=O)=O)sc2S1(=O)=O|CC(=O)N[C@H]1C[C@H](C)S(=O)(=O)c2sc(S(N)(=O)=O)cc21|CC1CC(N)c2cc(S(N)(=O)=O)sc2S1(=O)=O|C[C@@H]1C[C@@H](N)c2cc(S(N)(=O)=O)sc2S1(=O)=O|CCN[C@H]1C[C@H](C)S(=O)(=O)c2sc(S(N)(=O)=O)c(O)c21,C[C@H]1C[C@H](N)c2cc(S(N)(=O)=O)sc2S1(=O)=O,C[C@@H]1C[C@H](N)c2cc(S(N)(=O)=O)sc2S1(=O)=O|CCN[C@H]1C[C@H](C)S(=O)(=O)c2sc(S(=O)(=O)NO)cc21|C[C@H]1C[C@H](N)c2cc(S(N)(=O)=O)sc2S1(=O)=O|CCN[C@H]1C[C@H](CO)S(=O)(=O)c2sc(S(N)(=O)=O)cc21|CC(O)N[C@H]1C[C@H](C)S(=O)(=O)c2sc(S(N)(=O)=O)cc21
NC(N)=Nc1nc(CSCCC(N)=NS(N)(=O)=O)cs1,N=C(N)Nc1nc(CS(=O)CCC(N)=NS(N)(=O)=O)cs1|CSCCC(N)=NS(N)(=O)=O|NC(=[NH2+])Nc1nc(CSCCC(=O)O)cs1|NC(N)=Nc1nc(CS(=O)CCC(N)=NS(N)(=O)=O)cs1|N=C(N)Nc1nc(CSCCC(N)=NO)cs1|N=C(N)Nc1nc(CSCC(N)=NS(N)(=O)=O)cs1|NC(N)=Nc1nc(CSCC(=O)O)cs1|N=C(N)Nc1nc(CSCC(=O)O)cs1|N=C(N)Nc1nc(CS)cs1|N=C(N)Nc1nc(CSCCC(=N)NS(N)(=O)=O)cs1|NC(N)=Nc1nc(CSCCC(=O)O)cs1|N=C(N)Nc1nc(CSCCC(=O)NS(N)(=O)=O)cs1|N=C(N)Nc1nc(CSCCC=O)cs1|N=C(N)Nc1nc(CSCCC(=O)O)cs1|N=C(N)Nc1nc(CO)cs1|N=C(N)Nc1nc(CSCCC(N)=NS(N)(=O)=O)cs1|N=C(N)Nc1nc(CS(=O)CCC(=N)NS(N)(=O)=O)cs1|CC(=O)NC(CCSCc1csc(N=C(N)N)n1)C(=O)O,NC(N)=Nc1nc(CS(=O)CCC(N)=NS(N)(=O)=O)cs1,N=C(N)Nc1nc(CS(=O)CCC(N)=NS(N)(=O)=O)cs1|CSCCC(N)=NS(N)(=O)=O|NC(=[NH2+])Nc1nc(CSCCC(=O)O)cs1|NC(N)=Nc1nc(CS(=O)CCC(N)=NS(N)(=O)=O)cs1|N=C(N)Nc1nc(CSCCC(N)=NO)cs1
C#C[C@]1(OC(C)=O)CC[C@H]2[C@@H]3CCC4=C/C(=N/O)CC[C@@H]4[C@H]3CC[C@@]21CC,C#C[C@]1(O)CC[C@H]2[C@@H]3CC[C@@H]4CC(=O)CC[C@@H]4[C@H]3CC[C@@]21CC|C#C[C@]1(OC(C)=O)CC[C@H]2[C@@H]3CCC4=CC(=N)CC[C@@H]4[C@H]3CC[C@@]21CC|C#C[C@]1(O)CC[C@H]2[C@@H]3CCC4=CC(=NO)CC[C@@H]4[C@H]3CC[C@@]21CC|C#C[C@]1(OC(C)=O)CC[C@H]2[C@@H]3CCC4=CC(=O)CC[C@@H]4[C@H]3CC[C@@]21CC|C#C[C@]1(OC(C)=O)CC[C@H]2[C@@H]3CC[C@H]4CC(=O)CC[C@@H]4[C@H]3CC[C@@]21CC|C#C[C@]1(OC(C)=O)CC[C@H]2[C@@H]3CCC4=CC(=O)CC[C@@H]4[C@H]3CC[C@@]21C|C#C[C@]1(O)CC[C@H]2[C@@H]3CCC4=CC(=NOC)CC[C@@H]4[C@H]3CC[C@@]21C|C#C[C@]1(O)CC[C@H]2[C@@H]3CCC4=CC(=NOC)CC[C@@H]4[C@H]3CC[C@@]21CC|C#C[C@]1(O)CC[C@H]2[C@@H]3CC[C@H]4CC(=NO)CC[C@@H]4[C@H]3CC[C@@]21CC|C#C[C@]1(OC(C)=O)CC[C@H]2[C@@H]3CC=C4CC(=NO)CC[C@@H]4[C@H]3CC[C@@]21CC|C#C[C@]1(O)CC[C@H]2[C@@H]3CCC4CC(=O)CC[C@@H]4[C@H]3CC[C@@]21CC|C#C[C@]1(OC(C)=O)CC[C@H]2[C@@H]3CCC4CC(=O)CC[C@@H]4[C@H]3CC[C@@]21CC|C#C[C@]1(OC(C)=O)CC[C@H]2[C@@H]3CC[C@@H]4CC(=O)CC[C@@H]4[C@H]3CC[C@@]21CC|C#C[C@]1(O)CC[C@H]2[C@@H]3CCC4=CC(=NO)CC[C@@H]4[C@H]3CC[C@@]21C|C#C[C@]1(O)CC[C@H]2[C@@H]3CC[C@H]4CC(=O)CC[C@@H]4[C@H]3CC[C@@]21CC|C#C[C@]1(O)CC[C@H]2[C@@H]3CCC4=CC(=O)CC[C@@H]4[C@H]3CC[C@@]21CC|C#C[C@]1(O)CC[C@H]2[C@@H]3CCC4=CC(=N)CC[C@@H]4[C@H]3CC[C@@]21CC,C#C[C@]1(O)CC[C@H]2[C@@H]3CCC4=C/C(=N/O)CC[C@@H]4[C@H]3CC[C@@]21CC,C#C[C@]1(O)CC[C@H]2[C@@H]3CC[C@@H]4CC(=O)CC[C@@H]4[C@H]3CC[C@@]21CC|C#C[C@]1(OC(C)=O)CC[C@H]2[C@@H]3CCC4=CC(=N)CC[C@@H]4[C@H]3CC[C@@]21CC|C#C[C@]1(O)CC[C@H]2[C@@H]3CCC4=CC(=NO)CC[C@@H]4[C@H]3CC[C@@]21CC|C#C[C@]1(OC(C)=O)CC[C@H]2[C@@H]3CCC4=CC(=O)CC[C@@H]4[C@H]3CC[C@@]21CC|C#C[C@]1(OC(C)=O)CC[C@H]2[C@@H]3CC[C@H]4CC(=O)CC[C@@H]4[C@H]3CC[C@@]21CC
COc1ccc(CC(C)NCC(O)c2ccc(O)c(NC=O)c2)cc1,COc1ccc(CC(C)NCC(O)c2ccc(OS(=O)(=O)O)c(NC=O)c2)cc1|CC(Cc1ccc(O)cc1)NCC(O)c1ccc(O)c(NC=O)c1|CC(Cc1ccc(O)cc1)NCC(O)c1ccc(O)c(N)c1|COc1ccc(CC(C)NCC(O)c2ccc(OC3OC(C(=O)O)C(O)C(O)C3O)c(N)c2)cc1|COc1ccc(CC(C)NCC(O)c2ccc(OC3O[C@H](C(=O)O)[C@@H](O)[C@H](O)[C@H]3O)c(N)c2)cc1|COc1ccc(CC(C)NCC(O)c2ccc3c(c2)NCO3)cc1|COc1ccc(CC(C)NCC(O)c2ccc(O)c(NC=O)c2)cc1O|C[C@H](Cc1ccc(O)cc1)NC[C@H](O)c1ccc(O)c(N)c1|COc1ccc(CC(C)NCC(O)c2ccc3ocnc3c2)cc1|COc1ccc(CC(C)NCC(O)c2ccc(O)c(N)c2)cc1O|COc1ccc(CC(C)NCC(O)c2ccc(OC3O[C@H](C(=O)O)[C@@H](O)[C@H](O)[C@H]3O)c(NC=O)c2)cc1|COc1ccc(CC(C)NCC(O)c2ccc(O)c(N)c2)cc1,COc1ccc(CC(C)NCC(O)c2ccc(OS(=O)(=O)O)c(NC=O)c2)cc1|CC(Cc1ccc(O)cc1)NCC(O)c1ccc(O)c(NC=O)c1|COc1ccc(CC(C)NCC(O)c2ccc(O)c(N)c2)cc1|COc1ccc(CC(C)NCC(OC2O[C@H](C(=O)O)[C@@H](O)[C@H](O)[C@H]2O)c2ccc(O)c(NC=O)c2)cc1|COc1ccc(CC(C)NCC(O)c2ccc(OC3O[C@H](C(=O)O)[C@@H](O)[C@H](O)[C@H]3O)c(NC=O)c2)cc1,COc1ccc(CC(C)NCC(O)c2ccc(OS(=O)(=O)O)c(NC=O)c2)cc1|CC(Cc1ccc(O)cc1)NCC(O)c1ccc(O)c(NC=O)c1|CC(Cc1ccc(O)cc1)NCC(O)c1ccc(O)c(N)c1|COc1ccc(CC(C)NCC(O)c2ccc(OC3OC(C(=O)O)C(O)C(O)C3O)c(N)c2)cc1|COc1ccc(CC(C)NCC(O)c2ccc(OC3O[C@H](C(=O)O)[C@@H](O)[C@H](O)[C@H]3O)c(N)c2)cc1
CN(C)c1ccc(O)c2c1C[C@H]1C[C@H]3[C@H](N(C)C)C(O)=C(C(N)=O)C(=O)[C@@]3(O)C(O)=C1C2=O,CN(C)c1ccc(OS(=O)(=O)O)c2c1C[C@H]1C[C@H]3[C@H](N(C)C)C(O)=C(C(N)=O)C(=O)[C@@]3(O)C(=O)C1C2=O|CNc1ccc(O)c2c1C[C@H]1C[C@H]3[C@H](NC)C(O)=C(C(N)=O)C(=O)[C@@]3(O)C(O)=C1C2=O|CN(C)c1ccc(O)c2c1C[C@H]1C[C@H]3[C@H](N)C(O)=C(C(N)=O)C(=O)[C@@]3(O)C(O)=C1C2=O|CN(C)c1ccc(OC2OC(C(=O)O)C(O)C(O)C2O)c2c1CC1CC2C(N(C)C)C(=O)C(C(N)=O)=C1O|CN(C)c1ccc(O)c2c1CC1CC3C(O)C(O)=C(C(N)=O)C(=O)C3(O)C(=O)C1C2=O|CN(C)c1ccc(OS(=O)(=O)O)c2c1C[C@H]1C[C@H]3[C@H](N(C)C)C(O)=C(C(N)=O)C(=O)[C@@]3(O)C(O)=C1C2=O|CNc1ccc(O)c2c1C[C@H]1C[C@H]3[C@H](N(C)C)C(=O)C(C(N)=O)=C(O)[C@@]3(O)C(O)=C1C2=O|CN(C)C1C(O)=C(C(N)=O)C(=O)C2(O)C(O)=C3C(=O)c4c(O)ccc(N)c4CC3CC12|CN(C)c1ccc(O)c2c1CC1CC3C(N(C)C)C(O)=C(C(N)=O)C(=O)C3(O)C=C1C2=O|CN(C)c1ccc(O)c2c1CC1CC3C(O)C(O)=C(C(N)=O)C(=O)C3(O)C(=O)C21C|CN[C@@H]1C(O)=C(C(N)=O)C(=O)[C@@]2(O)C(O)=C3C(O)c4c(O)ccc(N(C)C)c4C[C@H]3C[C@@H]12|CNc1ccc(O)c2c1CC1CC3C(N(C)C)C(O)=C(C(N)=O)C(=O)C3(O)C(O)=C1C2=O|CN(C)c1ccc(OS(=O)(=O)O)c2c1C[C@H]1C[C@H]3[C@H](N(C)C)C(=O)C(C(N)=O)=C(O)[C@@]3(O)C(O)=C1C2=O|CNC1C(O)=C(C(N)=O)C(=O)C23OC2C2C(=O)c4c(O)ccc(N(C)C)c4CC2CC13|CNc1ccc(O)c2c1C[C@H]1C[C@H]3[C@H](N(C)C)C(O)=C(C(N)=O)C(=O)[C@@]3(O)C(O)=C1C2=O|CN(C)c1ccc(O)c2c1C[C@H]1C[C@H]3[C@H](N(C)C)C(=O)CC(=O)[C@@]3(O)C(O)=C1C2=O|CN(C)c1ccc(OC2OC(C(=O)O)C(O)C(O)C2O)c2c1C[C@H]1C(=O)C(C(N)=O)=C(O)C21|CNc1ccc(O)c2c1C[C@H]1C[C@H]3[C@H](N(C)C)C(O)=C(C(N)=O)C(=O)[C@]3(O)C(O)=C1C2=O|CN(C)c1ccc(O)c2c1CC1CC3C(O)C(O)=C(C(N)=O)C(=O)C3(O)C(=O)C1=C2O|CN[C@@H]1C(O)=C(C(N)=O)C(=O)[C@@]2(O)C(O)=C3C(=O)c4c(O)ccc(N(C)C)c4C[C@H]3C[C@@H]12|CN(C)c1ccc(O)c2c1CC1CC3C(O)C(O)=C(C(N)=O)C(=O)C3(O)C(O)=C1C2=O|CNC1C(O)=C(C(N)=O)C(=O)C2(O)C(O)=C3C(=O)c4c(O)ccc(N(C)C)c4CC3CC12,CN(C)c1cc(O)c(O)c2c1C[C@H]1C[C@H]3[C@H](N(C)C)C(O)=C(C(N)=O)C(=O)[C@@]3(O)C(O)=C1C2=O|CN[C@@H]1C(O)=C(C(N)=O)C(=O)[C@@]2(O)C(O)=C3C(=O)c4c(O)ccc(N(C)C)c4C[C@H]3C[C@@H]12|CNc1ccc(O)c2c1C[C@H]1C[C@H]3[C@H](N(C)C)C(O)=C(C(N)=O)C(=O)[C@@]3(O)C(O)=C1C2=O,CN(C)c1ccc(OS(=O)(=O)O)c2c1C[C@H]1C[C@H]3[C@H](N(C)C)C(O)=C(C(N)=O)C(=O)[C@@]3(O)C(=O)C1C2=O|CNc1ccc(O)c2c1C[C@H]1C[C@H]3[C@H](NC)C(O)=C(C(N)=O)C(=O)[C@@]3(O)C(O)=C1C2=O|CN(C)c1ccc(O)c2c1C[C@H]1C[C@H]3[C@H](N)C(O)=C(C(N)=O)C(=O)[C@@]3(O)C(O)=C1C2=O|CN(C)c1ccc(OC2OC(C(=O)O)C(O)C(O)C2O)c2c1CC1CC2C(N(C)C)C(=O)C(C(N)=O)=C1O|CN(C)c1ccc(O)c2c1CC1CC3C(O)C(O)=C(C(N)=O)C(=O)C3(O)C(=O)C1C2=O
CC1(C)S[C@@H]2[C@H](NC(=O)[C@H](N)c3ccc(O)cc3)C(=O)N2[C@H]1C(=O)O,CC1(C)S[C@@H]2[C@H](N=C(O)[C@H](N)c3ccc(O)c(O)c3)C(=O)N2[C@H]1C(=O)O|CC1(C)SC(C(NC(=O)[C@H](N)c2ccc(OS(=O)(=O)O)cc2)C(=O)O)NC1C(=O)O|CC1(C)SC(C(NC(=O)C(N)c2ccc(OS(=O)(=O)O)cc2)C(=O)O)NC1C(=O)O|CC1(C)S[C@@H]2[C@H](NC(=O)[C@H](N)c3ccc(O)cc3)C(=O)N2[C@H]1C(=O)OC1O[C@H](C(=O)O)[C@@H](O)[C@H](O)[C@H]1O|CC1(C)SC(C(NC(=O)C(N)c2ccc(OS(=O)(=O)O)cc2)C(=O)O)NC1=O|CC1(C)SC(C(NC(=O)C(N)c2ccc(O)cc2)C(=O)O)NC1C(=O)O|CC1(C)SC2C(NC(=O)C(N)c3ccc(O)c(O)c3)C(=O)N2C1C(=O)O|CC1(C)SC(C(NC(=O)C(N)C(=O)O)C(=O)O)NC1C(=O)O|CC1(C)S[C@@H]2[C@H](N=C(O)[C@H](N)c3ccc(O)cc3)C(=O)N2[C@H]1C(=O)O|N[C@@H](C(=O)N[C@@H](CS)C(=O)O)c1ccc(O)cc1|CC1(C)S[C@@H]2[C@H](NC(=O)[C@H](N)c3ccc(O)cc3)C(=O)N2[C@H]1C(=O)O[C@@H]1O[C@H](C(=O)O)[C@@H](O)[C@H](O)[C@H]1O|CC1(C)S[C@@H]2[C@H](N)C(=O)N2[C@H]1C(=O)O|CC1(C)S[C@@H]2[C@H](NC(=O)[C@H](N)c3ccc(OS(=O)(=O)O)cc3)C(=O)N2[C@H]1C(=O)O|CC1(C)SC2C(N)C(=O)N2C1C(=O)O|CC1(C)SC(C(NC(=O)C(N)c2ccc(O)c(O)c2)C(=O)O)NC1C(=O)O,CC1(C)CN2C(=O)[C@@H](NC(=O)[C@H](N)c3ccc(O)cc3)[C@H]2S1|C[C@@H](C(=O)N[C@@H]1C(=O)N2[C@@H]1SC(C)(C)[C@@H]2C(=O)O)c1ccc(O)cc1|CC1(CO)S[C@@H]2[C@H](NC(=O)[C@H](N)c3ccc(O)cc3)C(=O)N2[C@H]1C(=O)O|CC1(C)S[C@@H]2[C@H](NC(=O)[C@H](N)c3ccc(O)c(O)c3)C(=O)N2[C@H]1C(=O)O|CC1(C)S[C@@H]2[C@H](NC(=O)[C@H](N)c3ccc(OC4O[C@H](C(=O)O)[C@@H](O)[C@H](O)[C@H]4O)cc3)C(=O)N2[C@H]1C(=O)O,CC1(C)S[C@@H]2[C@H](N=C(O)[C@H](N)c3ccc(O)c(O)c3)C(=O)N2[C@H]1C(=O)O|CC1(C)SC(C(NC(=O)[C@H](N)c2ccc(OS(=O)(=O)O)cc2)C(=O)O)NC1C(=O)O|CC1(C)SC(C(NC(=O)C(N)c2ccc(OS(=O)(=O)O)cc2)C(=O)O)NC1C(=O)O|CC1(C)S[C@@H]2[C@H](NC(=O)[C@H](N)c3ccc(O)cc3)C(=O)N2[C@H]1C(=O)OC1O[C@H](C(=O)O)[C@@H](O)[C@H](O)[C@H]1O|CC1(C)SC(C(NC(=O)C(N)c2ccc(OS(=O)(=O)O)cc2)C(=O)O)NC1=O
CC(CN1c2ccccc2Sc2ccccc21)N(C)C,CC(CN1c2ccccc2Sc2ccc(O)cc21)N(C)C|CC(CN1c2ccccc2Sc2ccccc21)N(C)CO|CC(CN1c2ccccc2S(=O)c2ccccc21)N(C)C|CC(CN1c2ccccc2Sc2cc(O)ccc21)N(C)C|CNC(C)CN1c2ccccc2S(=O)c2ccccc21|CNC(C)CN1c2ccccc2Sc2ccccc21|CC(CN1c2ccccc2Sc2c(O)cccc21)N(C)C,CC(CN1c2ccccc2S(=O)c2ccccc21)N(C)C|CNC(C)CN1c2ccccc2Sc2ccccc21|CC(CN1c2ccccc2SC2C=CC(O)=CC21)N(C)C,CC(CN1c2ccccc2Sc2ccc(O)cc21)N(C)C|CC(CN1c2ccccc2Sc2ccccc21)N(C)CO|CC(CN1c2ccccc2S(=O)c2ccccc21)N(C)C|CC(CN1c2ccccc2Sc2cc(O)ccc21)N(C)C|CNC(C)CN1c2ccccc2S(=O)c2ccccc21
CCCCc1oc2ccccc2c1C(=O)c1cc(I)c(OCCN(CC)CC)c(I)c1,CCCCc1oc2ccccc2c1C(=O)c1cc(I)c(OCC[N+](C)(C)C)c(I)c1O|CCCCc1oc2ccccc2c1C(=O)c1ccc(OCC[N+]([O-])(CC)CC)c(I)c1|CCN(CC)CCOc1c(I)cc(C(=O)O)cc1I|CCCCc1oc2ccccc2c1C(=O)c1cc(I)c(OCCNC)c(I)c1|CCCCc1oc2cc(O)ccc2c1C(=O)c1cc(I)c(OCCN(CC)CC)c(I)c1|CCCCc1oc2ccccc2c1C(=O)c1cc(I)c(O)c(I)c1|CCCCc1oc2ccccc2c1C(=O)c1cc(I)c(OCCNCC)c(I)c1|CCCCc1oc2ccccc2c1C(=O)c1cc(I)c(OCC[N+](C)(C)C)c(I)c1|CCN(CC)CCOc1c(I)cc(C(=O)c2c(CCC(=O)O)oc3ccccc23)cc1I|CCN(CC)CCOc1ccc(C(=O)O)cc1I|CCCCc1oc2ccccc2c1C(=O)c1ccc(OCCN(CC)CC)c(I)c1|CCCCc1oc2ccc(O)cc2c1C(=O)c1cc(I)c(OCCN(CC)CC)c(I)c1,CCCCc1oc2ccccc2c1C(=O)c1cc(I)c(OCCNCC)c(I)c1,CCCCc1oc2ccccc2c1C(=O)c1cc(I)c(OCC[N+](C)(C)C)c(I)c1O|CCCCc1oc2ccccc2c1C(=O)c1ccc(OCC[N+]([O-])(CC)CC)c(I)c1|CCN(CC)CCOc1c(I)cc(C(=O)O)cc1I|CCCCc1oc2ccccc2c1C(=O)c1cc(I)c(OCCNC)c(I)c1|CCCCc1oc2cc(O)ccc2c1C(=O)c1cc(I)c(OCCN(CC)CC)c(I)c1
C[C@H]1COc2c(N3CCN(C)CC3)c(F)cc3c(=O)c(C(=O)O)cn1c23,CN1CCN(c2c(F)cc3c(=O)c(C(=O)O)cn4c3c2OC[C@H]4COC2OC(O)C(O)C(O)C2O)CC1|CN1CCN(c2c(F)cc3c(=O)c(C(=O)O)cn4c3c2OCC4(C)O)CC1|CN1CCN(c2c(F)cc3c(=O)c(C(=O)O)cn4c3c2OC[C@@H]4CO)CC1|CN1CCN(c2c(F)cc3c(=O)c(C(=O)O)cn4c3c2OCC4(C)OCC2OC(O)C(O)C2O)CC1|CC1COc2c(N3CCC(O)CC3)c(F)cc3c(=O)c(C(=O)O)cn1c23|CN1CCN(c2c(F)cc3c(=O)c(C(=O)O)cn4c3c2OC[C@H]4CO)CC1O|CC1COc2c(N3CCNCC3)c(F)cc3c(=O)c(C(=O)O)cn1c23|CC1COc2c(N3CCN(C)C(O)C3)c(F)cc3c(=O)c(C(=O)O)cn1c23|C[C@H]1COc2c(N3CCNCC3)c(F)cc3c(=O)c(C(=O)O)cn1c23|CC1COc2c(N3CC[N+](C)([O-])CC3)c(F)cc3c(=O)c(C(=O)O)cn1c23|CN1CCN(c2c(F)cc3c(=O)c(C(=O)O)cn4c3c2OCC4CO)CC1|CN1CCN(c2c(F)cc3c(=O)c(C(=O)O)cn4c3c2OC[C@H]4CO)CC1|CC1COC2C(=CC(F)=C2N2CCNCC2)C(=O)N1,C[C@H]1COc2c(N3CCNCC3)c(F)cc3c(=O)c(C(=O)O)cn1c23|C[C@H]1COc2c(N3CC[N+](C)([O-])CC3)c(F)cc3c(=O)c(C(=O)O)cn1c23,CN1CCN(c2c(F)cc3c(=O)c(C(=O)O)cn4c3c2OC[C@H]4COC2OC(O)C(O)C(O)C2O)CC1|CN1CCN(c2c(F)cc3c(=O)c(C(=O)O)cn4c3c2OCC4(C)O)CC1|CN1CCN(c2c(F)cc3c(=O)c(C(=O)O)cn4c3c2OC[C@@H]4CO)CC1|CN1CCN(c2c(F)cc3c(=O)c(C(=O)O)cn4c3c2OCC4(C)OCC2OC(O)C(O)C2O)CC1|CC1COc2c(N3CCC(O)CC3)c(F)cc3c(=O)c(C(=O)O)cn1c23
CCC1(c2ccccc2)C(=O)NC(=O)NC1=O,CC[C@@]1(c2ccc(O)cc2)C(=O)NC(=O)NC1O|CC[C@@]1(c2ccccc2)C(=O)NC(=O)NC1O|CCC1(c2ccc(O)cc2)C(=O)NC(=O)NC1=O|CC[C@@]1(c2ccccc2)C(=O)N=C(O)NC1=O|CCC1(c2ccccc2)C(=O)NC(=O)NC1O|O=C1NC(=O)C(CCO)(c2ccccc2)C(=O)N1|CCC1(c2ccccc2)C(=O)N=C(O)NC1=O|CCC(C(=O)NC(N)=O)c1ccccc1|CCC1(c2cccc(O)c2)C(=O)NC(=O)NC1=O|CCC1(c2ccccc2)C(=O)N=C(O)N=C1O|CCC1(c2ccc(O)cc2)C(=O)NC(=O)NC1O,CCC1(c2ccc(O)cc2)C(=O)NC(=O)NC1=O,CC[C@@]1(c2ccc(O)cc2)C(=O)NC(=O)NC1O|CC[C@@]1(c2ccccc2)C(=O)NC(=O)NC1O|CCC1(c2ccc(O)cc2)C(=O)NC(=O)NC1=O|CC[C@@]1(c2ccccc2)C(=O)N=C(O)NC1=O|CCC1(c2ccccc2)C(=O)NC(=O)NC1O
CCC[C@@H]1C[C@@H](C(=O)NC(C(C)Cl)[C@H]2O[C@H](SC)[C@H](O)[C@@H](O)[C@H]2O)N(C)C1,CCC[C@@H]1C[C@@H](C(=O)NC(C(C)Cl)C(O)[C@H](O)[C@H](O)[C@H](O)CO)N(C)C1|CCC[C@H]1CN[C@H](C(=O)N[C@@H](C(C)Cl)[C@@H]2O[C@H](SC)[C@H](O)[C@@H](O)[C@@H]2O)C1|CCC[C@@H]1C[C@@H](C(=O)N[C@H](C(C)Cl)[C@H]2O[C@H](SC)[C@H](O)[C@@H](O[C@@H]3O[C@H](C(=O)O)[C@@H](O)[C@H](O)[C@H]3O)[C@H]2O)N(C)C1|CCC[C@@H]1C[C@@H](C(=O)NC(C(C)Cl)C(O)C(O)C(O)C(=O)O)N(C)C1|CCC[C@@H]1C[C@@H](C(=O)N[C@@H](C(C)Cl)[C@H]2O[C@H](SC)[C@H](O[C@@H]3O[C@H](C(=O)O)[C@@H](O)[C@H](O)[C@H]3O)[C@H](O)[C@H]2O)N(C)C1|CCC[C@H]1CN[C@H](C(=O)NC(C(C)Cl)C2OC(SC)C(O)C(OS(=O)(=O)O)C2O)C1|CCC[C@H]1CN[C@H](C(=O)N[C@@H](C(C)Cl)[C@H]2O[C@H](SC)[C@H](O)[C@@H](O)[C@H]2O)C1|CS[C@@H]1O[C@H](C(Cl)CCl)[C@H](O)[C@H](O)[C@H]1O|CCC[C@H]1C[C@H](C(=O)N[C@H](C(C)Cl)[C@@H](O)[C@H](O)[C@H](O)CO)N(C)C1|CCC[C@@H]1C[C@@H](C(=O)NC(C(C)Cl)[C@H]2O[C@H](SC)[C@H](O)[C@@H](OC3O[C@H](C(=O)O)[C@@H](O)[C@H](O)[C@H]3O)[C@H]2O)N(C)C1|CCC[C@@H]1C[C@@H](C(=O)NC(C(C)Cl)C2OC(SC)C(O)C(OS(=O)(=O)O)C2O)N(C)C1|CCC[C@@H]1C[C@@H](C(=O)N[C@@H]([C@H](C)Cl)[C@H]2O[C@H](SC)[C@H](O)[C@@H](O)[C@H]2O[C@H]2O[C@@H](C)[C@@H](O)[C@@H](O)[C@@H]2O)N(C)C1|CCC[C@H]1CN[C@H](C(=O)N[C@@H]([C@H](C)Cl)[C@H]2O[C@H](SC)[C@H](O)[C@@H](O)[C@H]2O)C1|CCC[C@@H]1C[C@@H](C(=O)N[C@@H](C(C)Cl)[C@H]2O[C@H](SC)[C@H](O)[C@@H](O)[C@H]2O[C@H]2O[C@@H](C)[C@@H](O)[C@@H](O)[C@@H]2O)N(C)C1|CS[C@@H]1O[C@H](C(C)Cl)[C@H](O)[C@H](O)[C@H]1O|CCC[C@@H]1C[C@@H](C(=O)NC(C(C)Cl)[C@H]2O[C@H](SC)[C@H](O[C@@H]3O[C@H](C(=O)O)[C@@H](O)[C@H](O)[C@H]3O)[C@H](O)[C@H]2O)N(C)C1|CCC[C@@H]1C[C@@H](C(=O)N[C@H](C(C)Cl)[C@H]2O[C@H](SC)[C@H](O[C@@H]3O[C@H](C(=O)O)[C@@H](O)[C@H](O)[C@H]3O)[C@@H](O)[C@H]2O)N(C)C1|CS[C@H]1O[C@@H](C(N)C(C)Cl)[C@H](O)[C@H](O)[C@H]1O|CCC[C@@H]1C[C@@H](C(=O)N[C@H](C(C)Cl)[C@H]2O[C@H](SC)[C@H](OS(=O)(=O)O)[C@@H](O)[C@H]2O)N(C)C1|CCC[C@@H]1C[C@@H](C(=O)NC(C(C)Cl)[C@H]2O[C@H](SC)[C@H](O)[C@@H](O[C@@H]3O[C@H](C(=O)O)[C@@H](O)[C@H](O)[C@H]3O)[C@H]2O)N(C)C1|CCC[C@H]1C[C@H](C(=O)N[C@H](C(C)Cl)[C@@H]2O[C@H](SC)[C@H](OS(=O)(=O)[O-])[C@H](O)[C@H]2O)N(C)C1|CCC[C@@H]1C[C@@H](C(=O)N[C@H](C(C)Cl)[C@H]2O[C@H](SC)[C@H](O)[C@@H](OC3O[C@H](C(=O)O)[C@@H](O)[C@H](O)[C@H]3O)[C@H]2O)N(C)C1|CCC[C@@H]1C[C@@H](C(=O)N[C@H](C(C)Cl)[C@H]2O[C@H](SC)[C@H](OC3O[C@H](C(=O)O)[C@@H](O)[C@H](O)[C@H]3O)[C@@H](O)[C@H]2O)N(C)C1|CCC[C@@H]1C[C@@H](C(=O)N[C@H](C(C)Cl)[C@H]2O[C@H](SC)[C@H](O)[C@@H](OS(=O)(=O)O)[C@H]2O)N(C)C1|CS[C@@H]1O[C@H](C(N)C(C)Cl)[C@H](O)[C@H](O)[C@H]1O|CCC[C@@H]1C[C@@H](C(=O)NC(C(C)Cl)[C@H]2O[C@H](SC)[C@H](O)[C@@H](OS(=O)(=O)O)[C@H]2O)N(C)C1|CCC[C@@H]1C[C@@H](C(=O)N[C@H](C(C)Cl)[C@H]2O[C@H](SC)[C@H](O[C@@H]3O[C@H](C(=O)O)[C@@H](O)[C@H](O)[C@H]3O)[C@H](O)[C@H]2O)N(C)C1,CCC[C@H]1CN[C@H](C(=O)NC(C(C)Cl)[C@H]2O[C@H](SC)[C@H](O)[C@@H](O)[C@H]2O)C1|CCC[C@@H]1C[C@@H](C(=O)NC(C(C)Cl)[C@H]2O[C@H](S(C)=O)[C@H](O)[C@@H](O)[C@H]2O)N(C)C1,CCC[C@@H]1C[C@@H](C(=O)NC(C(C)Cl)C(O)[C@H](O)[C@H](O)[C@H](O)CO)N(C)C1|CCC[C@H]1CN[C@H](C(=O)N[C@@H](C(C)Cl)[C@@H]2O[C@H](SC)[C@H](O)[C@@H](O)[C@@H]2O)C1|CCC[C@@H]1C[C@@H](C(=O)N[C@H](C(C)Cl)[C@H]2O[C@H](SC)[C@H](O)[C@@H](O[C@@H]3O[C@H](C(=O)O)[C@@H](O)[C@H](O)[C@H]3O)[C@H]2O)N(C)C1|CCC[C@@H]1C[C@@H](C(=O)NC(C(C)Cl)C(O)C(O)C(O)C(=O)O)N(C)C1|CCC[C@@H]1C[C@@H](C(=O)N[C@@H](C(C)Cl)[C@H]2O[C@H](SC)[C@H](O[C@@H]3O[C@H](C(=O)O)[C@@H](O)[C@H](O)[C@H]3O)[C@H](O)[C@H]2O)N(C)C1
CN[C@@H](C)[C@H](O)c1ccccc1,CN[C@@H](C)[C@H](O)c1ccc(O)c(O)c1|C[C@H](N)[C@H](O)c1ccc(O)cc1|CN[C@@H](C)[C@H](O)c1ccc(O)cc1|C[C@H](N)[C@H](O)c1ccccc1|CC(N)C(=O)c1ccccc1|C[C@@H](N)[C@H](O)c1ccccc1|C[C@@H](N)C(O)c1ccc(O)cc1|CNC(C)C(O)c1ccc(O)cc1|C[C@@H](N)[C@@H](O)c1ccc(O)cc1|CC(N)[C@H](O)c1ccccc1|C[C@@H](N)[C@H](O)c1ccc(O)cc1|CNC(C)C(=O)c1ccccc1|CC(N)C(O)c1ccccc1|CN[C@@H](C)C(=O)c1ccccc1|C[C@@H](N)[C@@H](O)c1ccccc1|CC(=O)C(=O)c1ccccc1|CC(=O)N[C@@H](C)[C@H](O)c1ccccc1,C[C@H](O)[C@H](O)c1ccccc1|C[C@@H](N)[C@@H](O)c1ccccc1,CN[C@@H](C)[C@H](O)c1ccc(O)c(O)c1|C[C@H](N)[C@H](O)c1ccc(O)cc1|CN[C@@H](C)[C@H](O)c1ccc(O)cc1|C[C@H](N)[C@H](O)c1ccccc1|CC(N)C(=O)c1ccccc1
Cc1cccc(C)c1OCC(=O)N[C@@H](Cc1ccccc1)[C@@H](O)C[C@H](Cc1ccccc1)NC(=O)[C@H](C(C)C)N1CCCNC1=O,Cc1cc(O)cc(C)c1OCC(=O)N[C@@H](Cc1ccccc1)[C@@H](O)C[C@H](Cc1ccccc1)NC(=O)[C@H](C(C)C)N1CCCNC1=O|Cc1cccc(C)c1OCC(=O)N[C@@H](Cc1ccccc1)C[C@H](O)[C@H](Cc1ccccc1)NC(=O)[C@H](C(C)C)N1CCCN=C1O|Cc1cccc(C)c1OCC(=O)N[C@@H](Cc1ccccc1)[C@@H](O)C[C@H](Cc1ccccc1)NC(=O)[C@H](C(C)C)N1CCCN=C1O|Cc1cccc(C)c1OCC(=O)N[C@@H](Cc1ccccc1)[C@@H](O)C[C@@H](Cc1ccccc1)NC(=O)[C@H](C(C)C)N1CCC(O)NC1=O|Cc1cccc(C)c1OCC(=O)N[C@@H](Cc1ccccc1)C[C@H](O)[C@H](Cc1ccccc1)NC(=O)[C@H](C(C)C)N1CCCNC1=O|Cc1cccc(C)c1OCC(=O)N[C@@H](Cc1ccccc1)[C@@H](O)C[C@@H](Cc1ccccc1)NC(=O)[C@@H](N1CCCN=C1O)C(C)(C)O|Cc1cccc(C)c1OCC(=O)N[C@@H](Cc1ccccc1)[C@@H](O)C[C@@H](Cc1ccccc1)NC(=O)[C@@H](N1CCCNC1=O)C(C)(C)O|Cc1cc(O)cc(C)c1OCC(=O)N[C@@H](Cc1ccccc1)C[C@H](O)[C@H](Cc1ccccc1)NC(=O)[C@H](C(C)C)N1CCCNC1|Cc1cccc(C)c1OCC(=O)N[C@@H](Cc1ccccc1)[C@@H](O)C[C@H](Cc1ccccc1)NC(=O)[C@H](C(C)C)N1CCC(O)NC1=O|Cc1cc(O)cc(C)c1OCC(=O)N[C@@H](Cc1ccccc1)[C@@H](O)C[C@H](Cc1ccccc1)NC(=O)[C@H](C(C)C)N1CCCNC1O|Cc1cccc(C)c1OCC(O)=N[C@@H](Cc1ccccc1)[C@@H](O)C[C@H](Cc1ccccc1)NC(=O)[C@H](C(C)C)N1CCCNC1=O|CC(=O)N[C@H](C(=O)N[C@H](Cc1ccccc1)C[C@H](O)[C@H](Cc1ccccc1)NC(=O)COc1c(C)cccc1C)C(C)(C)O|Cc1cccc(CO)c1OCC(=O)N[C@@H](Cc1ccccc1)[C@@H](O)C[C@H](Cc1ccccc1)NC(=O)[C@H](C(C)C)N1CCCNC1=O|Cc1cc(O)cc(C)c1OCC(=O)N[C@@H](Cc1ccccc1)[C@@H](O)C[C@H](Cc1ccccc1)NC(=O)[C@H](C(C)C)N1CCCNC1|Cc1cccc(C)c1OCC(=O)N[C@@H](Cc1ccccc1)[C@@H](O)C[C@H](Cc1ccccc1)NC(=O)[C@H](C(C)CO)N1CCCNC1=O|Cc1cccc(C)c1OCC(=O)N[C@@H](Cc1ccccc1)C[C@H](O)[C@H](Cc1ccccc1)NC(=O)[C@H](CC(C)C)N1CCCNC1=O|Cc1cccc(C)c1OCC(=O)N[C@@H](Cc1ccccc1)[C@@H](O)C[C@H](Cc1ccccc1)NC(=O)[C@@H](N)C(C)C,Cc1cccc(C)c1OCC(=O)N[C@@H](Cc1ccccc1)[C@@H](O)C[C@H](Cc1ccccc1)NC(=O)[C@H](C(C)C)N1CCC(O)NC1=O|Cc1cccc(C)c1OCC(=O)N[C@@H](Cc1ccccc1)[C@@H](O)C[C@H](Cc1ccccc1)NC(=O)[C@H](C(C)C)N1C(=O)NCCC1O,Cc1cc(O)cc(C)c1OCC(=O)N[C@@H](Cc1ccccc1)[C@@H](O)C[C@H](Cc1ccccc1)NC(=O)[C@H](C(C)C)N1CCCNC1=O|Cc1cccc(C)c1OCC(=O)N[C@@H](Cc1ccccc1)C[C@H](O)[C@H](Cc1ccccc1)NC(=O)[C@H](C(C)C)N1CCCN=C1O|Cc1cccc(C)c1OCC(=O)N[C@@H](Cc1ccccc1)[C@@H](O)C[C@H](Cc1ccccc1)NC(=O)[C@H](C(C)C)N1CCCN=C1O|Cc1cccc(C)c1OCC(=O)N[C@@H](Cc1ccccc1)[C@@H](O)C[C@@H](Cc1ccccc1)NC(=O)[C@H](C(C)C)N1CCC(O)NC1=O|Cc1cccc(C)c1OCC(=O)N[C@@H](Cc1ccccc1)C[C@H](O)[C@H](Cc1ccccc1)NC(=O)[C@H](C(C)C)N1CCCNC1=O
NC(=O)c1cn(Cc2c(F)cccc2F)nn1,O=C(O)c1cn(Cc2c(F)cccc2F)nn1|NC(=O)c1c[nH]nn1|O=C([O-])c1cn(Cc2c(F)ccc(O)c2F)nn1|NC(=O)c1ncn(Cc2c(F)cccc2F)n1|O=C([O-])c1cn(Cc2c(F)cccc2F)nn1|NC(=O)c1cn(Cc2c(F)ccc(O)c2F)nn1|NC(=O)c1cn(Cc2c(F)cc(O)cc2F)nn1|N=C(O)c1cn(Cc2c(F)ccc(O)c2F)nn1|O=C(O)c1cn(Cc2c(F)ccc(O)c2F)nn1|NC(=O)c1cn(C(O)c2c(F)cccc2F)nn1,O=C(O)c1cn(Cc2c(F)cccc2F)nn1,O=C(O)c1cn(Cc2c(F)cccc2F)nn1|NC(=O)c1c[nH]nn1|O=C([O-])c1cn(Cc2c(F)ccc(O)c2F)nn1|NC(=O)c1ncn(Cc2c(F)cccc2F)n1|O=C([O-])c1cn(Cc2c(F)cccc2F)nn1
O=C(O)CCC(=O)OC[C@@H](NC(=O)C(Cl)Cl)[C@H](O)c1ccc([N+](=O)[O-])cc1,Nc1ccc(C(O)C(COC(=O)CCC(=O)O)NC(=O)C(Cl)Cl)cc1|O=C(O)/C=C/c1ccc([N+](=O)[O-])cc1|N[C@@H](COC(=O)CCC(=O)O)[C@H](O)c1ccc([N+](=O)[O-])cc1|N[C@@H](CO)[C@H](O)c1ccc([N+](=O)[O-])cc1|N[C@@H](COC(=O)CCC(=O)O)[C@@H](O)c1ccc([N+](=O)[O-])cc1|Nc1ccc([C@@H](O)[C@H](COC(=O)CCC(=O)O)NC(=O)C(Cl)Cl)cc1|N[C@@H](COC(=O)CCC(=O)O)C(O)c1ccc([N+](=O)[O-])cc1,O=C(N[C@H](CO)[C@H](O)c1ccc([N+](=O)[O-])cc1)C(Cl)Cl,Nc1ccc(C(O)C(COC(=O)CCC(=O)O)NC(=O)C(Cl)Cl)cc1|O=C(O)/C=C/c1ccc([N+](=O)[O-])cc1|N[C@@H](COC(=O)CCC(=O)O)[C@H](O)c1ccc([N+](=O)[O-])cc1|N[C@@H](CO)[C@H](O)c1ccc([N+](=O)[O-])cc1|N[C@@H](COC(=O)CCC(=O)O)[C@@H](O)c1ccc([N+](=O)[O-])cc1
O=C(N[C@H](CO)[C@H](O)c1ccc([N+](=O)[O-])cc1)C(Cl)Cl,NC(CO)C(O)c1ccc([N+](=O)[O-])cc1|N[C@@H](CO)C(O)c1ccc([N+](=O)[O-])cc1|O=[N+]([O-])c1ccc([C@@H](O)[C@@H](O)CO)cc1|O=C(CCl)N[C@H](CO)[C@H](O)c1ccc([N+](=O)[O-])cc1|N[C@@H](CO)[C@H](O)c1ccc([N+](=O)[O-])cc1|O=[N+]([O-])c1ccc([C@@H](O)[C@@H](O)[C@H](O)CO)cc1|O=C(N[C@H](CO)[C@H](O)c1ccc([N+](=O)[O-])cc1)C(Cl)(Cl)Cl|Nc1ccc([C@@H](O)[C@H](CO)NC(=O)C(Cl)Cl)cc1|N[C@H](CO)[C@H](O)c1ccc([N+](=O)[O-])cc1|Nc1ccc([C@@H](O)[C@@H](CO)NC(=O)C(Cl)Cl)cc1|O=C(N[C@H](COS(=O)(=O)O)[C@H](O)c1ccc([N+](=O)[O-])cc1)C(Cl)Cl|O=C(NC(CO)C(O)c1ccc([N+](=O)[O-])cc1)C(Cl)(Cl)Cl,O=C(CO)N[C@H](CO)[C@H](O)c1ccc([N+](=O)[O-])cc1|N[C@H](CO)[C@H](O)c1ccc([N+](=O)[O-])cc1|Nc1ccc([C@@H](O)[C@H](N)CO)cc1|O=C(O)C(=O)N[C@H](CO)[C@H](O)c1ccc([N+](=O)[O-])cc1|CC(=O)OC[C@@H](NC(=O)C(Cl)Cl)[C@H](O)c1ccc([N+](=O)[O-])cc1|O=C(N[C@H](COS(=O)(=O)O)[C@H](O)c1ccc([N+](=O)[O-])cc1)C(Cl)Cl|O=C(N[C@H](COC1O[C@H](C(=O)O)[C@@H](O)[C@H](O)[C@H]1O)[C@H](O)c1ccc([N+](=O)[O-])cc1)C(Cl)Cl,NC(CO)C(O)c1ccc([N+](=O)[O-])cc1|N[C@@H](CO)C(O)c1ccc([N+](=O)[O-])cc1|O=[N+]([O-])c1ccc([C@@H](O)[C@@H](O)CO)cc1|O=C(CCl)N[C@H](CO)[C@H](O)c1ccc([N+](=O)[O-])cc1|N[C@@H](CO)[C@H](O)c1ccc([N+](=O)[O-])cc1
CCCSc1nc(N[C@@H]2C[C@H]2c2ccc(F)c(F)c2)c2nnn([C@@H]3C[C@H](OCCO)[C@@H](O)[C@H]3O)c2n1,CCCSc1nc(N[C@@H]2C[C@H]2c2ccc(F)c(F)c2)c2nnn([C@@H]3C[C@H](OCC(=O)O)[C@@H](O)[C@H]3O)c2n1|OCCO[C@H]1C[C@H](n2nnc3c(N[C@@H]4C[C@H](c5ccc(F)c(F)c5)[C@@H](O)[C@H]4O)nc(S)nc32)[C@H](O)[C@@H]1O|OCCO[C@H]1C[C@@H](n2nnc3c(N[C@@H]4C[C@H]4c4ccc(F)c(F)c4)ncnc32)[C@H](O)[C@@H]1O|CC(O)CSc1nc(N[C@@H]2C[C@H]2c2ccc(F)c(F)c2)c2nnn([C@@H]3C[C@H](OCCO)[C@@H](O)[C@H]3O)c2n1|CCCSc1nc(N[C@@H]2C[C@H]2c2ccc(F)c(F)c2)c2nnn([C@@H]3C[C@H](O)[C@@H](O)[C@H]3O)c2n1|OCCO[C@H]1C[C@H](n2nnc3c(N[C@@H]4C[C@H]4c4ccc(F)c(F)c4)nc(O)nc32)[C@H](O)[C@@H]1O|OCCO[C@H]1C[C@H](n2nnc3c(N[C@@H]4C[C@H](c5ccc(F)c(F)c5)[C@@H](O)[C@H]4O)nc(O)nc32)[C@H](O)[C@@H]1O|OCCO[C@H]1C[C@H](n2nnc3c(N[C@@H]4C[C@H]4c4ccc(F)c(F)c4)ncnc32)[C@H](O)[C@@H]1O|OCCO[C@H]1C[C@@H](n2nnc3c(N[C@@H]4C[C@H]4c4ccc(F)c(F)c4)nc(O)nc32)[C@H](O)[C@@H]1O|CCCS(=O)c1nc(N[C@@H]2C[C@H]2c2ccc(F)c(F)c2)c2nnn([C@@H]3C[C@H](O)[C@@H](O)[C@H]3O)c2n1|CCCS(=O)c1nc(N[C@@H]2C[C@H]2c2ccc(F)c(F)c2)c2nnn([C@@H]3C[C@H](OCCO)[C@@H](O)[C@H]3O)c2n1|OCCO[C@@H]1C[C@H](n2nnc3c(N[C@@H]4C[C@H]4c4ccc(F)c(F)c4)nc(O)nc32)[C@H](O)[C@@H]1O|OCCO[C@@H]1C[C@H](n2nnc3c(N[C@@H]4C[C@H](c5ccc(F)c(F)c5)[C@@H](O)[C@H]4O)nc(O)nc32)[C@H](O)[C@@H]1O|CC(O)SCCNc1nc(N[C@@H]2C[C@H]2c2ccc(F)c(F)c2)c2nnn([C@@H]3C[C@H](OCCO)[C@@H](O)[C@H]3O)c2n1,CCCSc1nc(N)c2nnn([C@@H]3C[C@H](OCCO)[C@@H](O)[C@H]3O)c2n1|CCCSc1nc(N[C@@H]2C[C@H]2c2ccc(F)c(F)c2)c2nnn([C@@H]3C[C@H](O)[C@@H](O)[C@H]3O)c2n1,CCCSc1nc(N[C@@H]2C[C@H]2c2ccc(F)c(F)c2)c2nnn([C@@H]3C[C@H](OCC(=O)O)[C@@H](O)[C@H]3O)c2n1|OCCO[C@H]1C[C@H](n2nnc3c(N[C@@H]4C[C@H](c5ccc(F)c(F)c5)[C@@H](O)[C@H]4O)nc(S)nc32)[C@H](O)[C@@H]1O|OCCO[C@H]1C[C@@H](n2nnc3c(N[C@@H]4C[C@H]4c4ccc(F)c(F)c4)ncnc32)[C@H](O)[C@@H]1O|CC(O)CSc1nc(N[C@@H]2C[C@H]2c2ccc(F)c(F)c2)c2nnn([C@@H]3C[C@H](OCCO)[C@@H](O)[C@H]3O)c2n1|CCCSc1nc(N[C@@H]2C[C@H]2c2ccc(F)c(F)c2)c2nnn([C@@H]3C[C@H](O)[C@@H](O)[C@H]3O)c2n1
CCCCCCCCc1ccc(CCC(N)(CO)CO)cc1,CCCCCCCCc1ccc(CCC(N)(CO)COC2O[C@H](C(=O)O)[C@@H](O)[C@H](O)[C@H]2O)cc1|CCCCCCCCc1ccc(CCC(N)(CO)COC2OC(C(=O)O)C(O)C(O)C2O)cc1|CCCCCCCCc1ccc(CCC(=O)CO)cc1|NC(CO)(CO)CCc1ccc(CCCCCCCO)cc1|CCCCCCCCc1ccc(CCC(N)(CO)C(=O)O)cc1|NC(CO)(CO)CCc1ccc(CCCCCCCCO)cc1|NC(CO)(CO)CCc1ccc(C(=O)O)cc1,CCCCCCCCc1ccc(CC[C@](N)(CO)COP(=O)(O)O)cc1,CCCCCCCCc1ccc(CCC(N)(CO)COC2O[C@H](C(=O)O)[C@@H](O)[C@H](O)[C@H]2O)cc1|CCCCCCCCc1ccc(CCC(N)(CO)COC2OC(C(=O)O)C(O)C(O)C2O)cc1|CCCCCCCCc1ccc(CCC(=O)CO)cc1|NC(CO)(CO)CCc1ccc(CCCCCCCO)cc1|CCCCCCCCc1ccc(CCC(N)(CO)C(=O)O)cc1
Cn1nnc(-c2ccc(-c3ccc(N4C[C@H](CO)OC4=O)cc3F)cn2)n1,O=C1OC(CO)CN1c1ccc(-c2ccc(-c3nn[nH]n3)nc2)c(F)c1|O=C(O)[C@@H]1CN(c2ccc(-c3ccc(-c4nn[nH]n4)nc3)c(F)c2)C(=O)O1|O=C1O[C@@H](CO)CN1c1ccc(-c2ccc(-c3nnn[nH]3)nc2)c(F)c1|Cn1nnc(-c2ccc(-c3ccc(N4C[C@H](C(=O)O)OC4=O)cc3F)cn2)n1|Cn1nnc(-c2ccc(-c3ccc(N4C[C@H](COC5OC(C(=O)O)[C@@H](O)[C@H](O)[C@H]5O)OC4=O)cc3F)cn2)n1|Cn1nnc(-c2ccc(-c3ccc(N4C[C@H](COC5OC(C(=O)O)C(O)C(O)C5O)OC4=O)cc3F)cn2)n1|Cn1nnc(-c2ccc(-c3ccc(N4C[C@H](COC5O[C@H](C(=O)O)[C@@H](O)[C@H](O)[C@H]5O)OC4=O)cc3F)cn2)n1|O=C(O)Nc1ccc(-c2ccc(-c3nnn(CO)n3)nc2)c(F)c1|O=C1O[C@@H](CO)CN1c1ccc(-c2ccc(-c3nnn(CO)n3)nc2)c(F)c1|Cn1nnc(-c2ccc(-c3ccc(N4C[C@H](COS(=O)(=O)O)OC4=O)cc3F)cn2)n1|O=C1O[C@@H](CO)CN1c1ccc(-c2ccc(-c3nn[nH]n3)nc2)c(F)c1|O=C1O[C@@H](CO)CN1c1ccc(-c2ccc(-c3nnc[nH]3)nc2)c(F)c1|Cn1nnc(-c2ccc(-c3ccc(N4C[C@H](C(=O)O)OC4O)cc3F)cn2)n1,O=C1O[C@@H](CO)CN1c1ccc(-c2ccc(-c3nn[nH]n3)nc2)c(F)c1|Cn1nnc(-c2ccc(-c3ccc(N4C[C@H](C=S(=O)([O-])[O-])OC4=O)cc3F)cn2)n1|Cn1nnc(-c2ccc(-c3ccc(NCC(=O)O)cc3F)cn2)n1|Cn1nnc(-c2ccc(-c3ccc(N4C[C@H](C(=O)O)OC4=O)cc3F)cn2)n1,O=C1OC(CO)CN1c1ccc(-c2ccc(-c3nn[nH]n3)nc2)c(F)c1|O=C(O)[C@@H]1CN(c2ccc(-c3ccc(-c4nn[nH]n4)nc3)c(F)c2)C(=O)O1|O=C1O[C@@H](CO)CN1c1ccc(-c2ccc(-c3nnn[nH]3)nc2)c(F)c1|Cn1nnc(-c2ccc(-c3ccc(N4C[C@H](C(=O)O)OC4=O)cc3F)cn2)n1|Cn1nnc(-c2ccc(-c3ccc(N4C[C@H](COC5OC(C(=O)O)[C@@H](O)[C@H](O)[C@H]5O)OC4=O)cc3F)cn2)n1
O=C(O)c1cc(O)c2c(c1)C(C1c3cc(C(=O)O)cc(O)c3C(=O)c3c(OC4OC(CO)C(O)C(O)C4O)cccc31)c1cccc(OC3OC(CO)C(O)C(O)C3O)c1C2=O,O=C(O)C1=CC2Cc3cccc(OC4OC(CO)C(O)C(O)C4O)c3C(=O)C2C(OC2OC(CO)C(O)C(O)C2O)=C1|O=C(O)c1cc(O)c2c(c1)C(C1c3cccc(O)c3C(=O)c3c(O)cccc31)c1cc(C(=O)O)cc(O)c1C2=O|O=C(O)C1=CC2Cc3cccc(OC4OC(C(=O)O)CC(O)C4O)c3C(=O)C2C(OC2OC(CO)C(O)C(O)C2O)=C1|O=C(O)c1cc(O)c2c(c1)C(C1c3cccc(O)c3C(=O)c3c(O)cc(C(=O)O)cc31)c1cccc(O)c1C2=O|O=C(O)C1=CC2Cc3cccc(O)c3C(=O)C2C(OC2OC(CO)C(O)C(O)C2O)=C1|O=C(O)c1cc(O)c2c(c1)C1c3c(O)cc(C(=O)O)cc3C(c3cccc(O)c3C2=O)C1c1cccc(O)c1C(=O)c1c(O)cccc1O|O=C(O)C1=CC2Cc3cccc(OC4OC(CO)C(O)C(O)C4O)c3C(=O)C2C(O)=C1|O=C(O)C1=CC2Cc3cccc(OC4OC(CO)C(O)C(O)C4O)c3C(=O)C2C(OC2OC(C(=O)O)CC(O)C2O)=C1|O=C(O)c1cc(O)c2c(c1)C(C1c3cc(C(=O)O)cc(O)c3C([O-])c3c(OC4OC(CO)C(O)C(O)C4O)cccc31)c1cccc(O)c1C2=O|O=C(O)c1cc(O)c2c(c1)C(C1c3cccc(O)c3C([O-])c3c(O)cc(C(=O)O)cc31)c1cccc(OC3OC(CO)C(O)C(O)C3O)c1C2=O|O=C(O)c1cc(O)c2c(c1)C(C1c3cccc(O)c3C(=O)c3c(O)cccc31)c1cccc(O)c1C2=O,O=C(O)c1cc(O)c2c(c1)C(C1c3cccc(O)c3C(=O)c3c(O)cc(C(=O)O)cc31)c1cccc(O)c1C2=O,O=C(O)C1=CC2Cc3cccc(OC4OC(CO)C(O)C(O)C4O)c3C(=O)C2C(OC2OC(CO)C(O)C(O)C2O)=C1|O=C(O)c1cc(O)c2c(c1)C(C1c3cccc(O)c3C(=O)c3c(O)cccc31)c1cc(C(=O)O)cc(O)c1C2=O|O=C(O)C1=CC2Cc3cccc(OC4OC(C(=O)O)CC(O)C4O)c3C(=O)C2C(OC2OC(CO)C(O)C(O)C2O)=C1|O=C(O)c1cc(O)c2c(c1)C(C1c3cccc(O)c3C(=O)c3c(O)cc(C(=O)O)cc31)c1cccc(O)c1C2=O|O=C(O)C1=CC2Cc3cccc(O)c3C(=O)C2C(OC2OC(CO)C(O)C(O)C2O)=C1
Clc1ccc(CCCOCCCN2CCCCC2)cc1,OC(CCOCCCN1CCCCC1)c1ccc(Cl)cc1|OC1CCCN(CCCOCCCc2ccc(Cl)cc2)C1|OCCCOCCCN1CCCCC1|OCCCc1ccc(Cl)cc1|OC(CCN1CCCCC1)c1ccc(Cl)cc1|Oc1ccc(CCCOCCCN2CCCCC2)cc1|[O-][N+]1(CCCOCCCc2ccc(Cl)cc2)CCCCC1|OC1CCN(CCCOCCCc2ccc(Cl)cc2)CC1|OCCCN1CCCCC1|O=C(CCOCCCc1ccc(Cl)cc1)N1CCCCC1|O=C(O)CCN1CCCCC1|O=C(O)CCc1ccc(Cl)cc1|O=C(O)CCOCCCc1ccc(Cl)cc1|Oc1cc(Cl)ccc1CCCOCCCN1CCCCC1,O=C(O)CCCCNCCCOCCCc1ccc(Cl)cc1|[O-][N+]1(CCCOCCCc2ccc(Cl)cc2)CCCCC1,OC(CCOCCCN1CCCCC1)c1ccc(Cl)cc1|OC1CCCN(CCCOCCCc2ccc(Cl)cc2)C1|OCCCOCCCN1CCCCC1|OCCCc1ccc(Cl)cc1|OC(CCN1CCCCC1)c1ccc(Cl)cc1
NC(=O)c1nc(F)cnc1O,NC(=O)c1nc(F)c(N)[nH]c1=O|O=C(O)c1nc(F)cnc1O|NC(=O)c1nc(F)c[nH]c1=O|NC(=O)c1nc(F)c[n+]([O-])c1[O-]|NC(=O)c1nc(O)c(O)nc1O|NC(=O)c1nc(F)c[n+]([C@@H]2O[C@H](CO)[C@@H](O)[C@H](O)[C@H]2O)c1O|NC(=O)c1nc(F)cnc1OC1O[C@H](C(=O)O)[C@@H](O)[C@H](O)[C@H]1O|NC(=O)c1nc(O)c(O)nc1[O-]|NC(=O)c1nc(O)c[n+]([O-])c1[O-]|NC(=O)c1nc(F)c(=O)[nH]c1O|NC(=O)c1nc(F)c[n+]([O-])c1O|NC(=O)c1nc(F)cn(C2OC(CO)C(O)C2O)c1=O|NC(=O)c1nc(F)c(O)nc1O,NC(=O)c1nc(F)c(O)nc1O,NC(=O)c1nc(F)c(N)[nH]c1=O|O=C(O)c1nc(F)cnc1O|NC(=O)c1nc(F)c[nH]c1=O|NC(=O)c1nc(F)c[n+]([O-])c1[O-]|NC(=O)c1nc(O)c(O)nc1O
CCN(c1cc(-c2ccc(CN3CCOCC3)cc2)cc(C(=O)NCc2c(C)cc(C)[nH]c2=O)c1C)C1CCOCC1,CCN(c1cc(-c2ccc(CN3CCOCC3)cc2)cc(C(=O)NCC2=C(C)CC(C)=NC2=O)c1C)C1CCOCC1|CCN(c1cc(-c2ccc(CNCCO)cc2)cc(C(=O)NCc2c(C)cc(C)[nH]c2=O)c1C)C1CCOCC1|CCN(c1cc(-c2ccc(C(=O)O)cc2)cc(C(=O)NCc2c(C)cc(C)[nH]c2=O)c1C)C1CCOCC1|CCN(c1cc(-c2ccc(CN)cc2)cc(C(=O)NCc2c(C)cc(C)[nH]c2=O)c1C)C1CCOCC1|CCN(c1cc(-c2ccc(CN3CCOCC3)cc2)cc(C(=O)NC(O)c2c(C)cc(C)[nH]c2=O)c1C)C1CCOCC1|CCN(c1cc(-c2ccc(CN3CCOCC3)cc2)cc(C(=O)NCc2c(C)c(O)c(C)[nH]c2=O)c1C)C1CCOCC1|CCNc1cc(-c2ccc(CN3CCOCC3)cc2)cc(C(=O)NCc2c(C)cc(C)[nH]c2=O)c1C|Cc1cc(C)c(CNC(=O)c2cc(-c3ccc(CN4CCOCC4)cc3)cc(NC3CCOCC3)c2C)c(=O)[nH]1|Cc1cc(C)c(CNC(=O)c2cc(-c3ccc(CN4CCOCC4)cc3)cc(N)c2C)c(=O)[nH]1|CCN(c1cc(-c2ccc(CN3CCOCC3)cc2)cc(C(=O)NCc2c(C)cc(C)[nH]c2=O)c1C)C1CCOCC1O|CCN(c1cc(-c2ccc(CN3CCOCC3)cc2)cc(C(=O)NCc2c(C)cc(CO)[nH]c2=O)c1C)C1CCOCC1,Cc1cc(C)c(CNC(=O)c2cc(-c3ccc(CN4CCOCC4)cc3)cc(NC3CCOCC3)c2C)c(=O)[nH]1,CCN(c1cc(-c2ccc(CN3CCOCC3)cc2)cc(C(=O)NCC2=C(C)CC(C)=NC2=O)c1C)C1CCOCC1|CCN(c1cc(-c2ccc(CNCCO)cc2)cc(C(=O)NCc2c(C)cc(C)[nH]c2=O)c1C)C1CCOCC1|CCN(c1cc(-c2ccc(C(=O)O)cc2)cc(C(=O)NCc2c(C)cc(C)[nH]c2=O)c1C)C1CCOCC1|CCN(c1cc(-c2ccc(CN)cc2)cc(C(=O)NCc2c(C)cc(C)[nH]c2=O)c1C)C1CCOCC1|CCN(c1cc(-c2ccc(CN3CCOCC3)cc2)cc(C(=O)NC(O)c2c(C)cc(C)[nH]c2=O)c1C)C1CCOCC1
CCOC(=O)c1c(CSc2ccccc2)n(C)c2cc(Br)c(O)c(CN(C)C)c12,CCOC(=O)c1c(CS(=O)c2ccccc2)n(C)c2cc(Br)c(O)c(CN(C)C)c12|CN(C)Cc1c(O)c(Br)cc2c1c(C(=O)O)c(CSc1ccccc1)n2C|CCOC(=O)c1c(CSc2ccccc2)n(C)c2cc(Br)c(OC3O[C@H](C(=O)O)[C@@H](O)[C@H](O)[C@H]3O)c(CN(C)C)c12|CNCc1c(O)c(Br)cc2c1c(C(=O)OCCO)c(CSc1ccccc1)n2C|CCOC(=O)c1c(CSc2ccc(O)cc2)n(C)c2cc(Br)c(O)c(CN(C)C)c12|CCOC(=O)c1c(CSc2ccccc2)n(C)c2cc(Br)c(O[C@@H]3O[C@H](C(=O)O)[C@@H](O)[C@H](O)[C@H]3O)c(CN(C)C)c12|CCOC(=O)c1c(CSc2ccccc2)n(C)c2cc(Br)c(OC)c(CN(C)C)c12|CCOC(=O)c1c(CSc2ccccc2)n(C)c2cc(Br)c(OS(=O)(=O)O)c(CN(C)C)c12|CCOC(=O)c1c(CSc2ccccc2)n(C)c2cc(Br)c(OC)c(CN(C)CO)c12|CNCc1c(O)c(Br)cc2c1c(C(=O)O)c(CSc1ccccc1)n2C|CCOC(=O)c1c(CSc2ccccc2)n(C)c2cc(Br)c(OC3OC(C(=O)O)C(O)C(O)C3O)c(CN(C)C)c12|CCOC(=O)c1c(CSc2ccccc2)n(C)c2cc(Br)c(O)c(CNC)c12|CCOC(=O)c1c(CSc2ccccc2)n(C)c2cc(Br)c(OC3OC(C(=O)O)C(O)C(O)C3O)c(CNC)c12|CCOC(=O)c1c(CSc2ccccc2)n(C)c2cc(Br)c(OC3O[C@H](C(=O)O)[C@@H](O)[C@H](O)[C@H]3O)c(CNC)c12,CCOC(=O)c1c(CSc2ccccc2)n(C)c2cc(Br)c(OS(=O)(=O)[O-])c(CN(C)C)c12|CCOC(=O)c1c(CSc2ccc(O)cc2)n(C)c2cc(Br)c(O)c(CN(C)C)c12|CCOC(=O)c1c(CS(=O)(=O)c2ccccc2)n(C)c2cc(Br)c(O)c(CNC)c12|CCOC(=O)c1c(CS(=O)(=O)c2ccccc2)n(C)c2cc(Br)c(OS(=O)(=O)[O-])c(CN(C)C)c12|CCOC(=O)c1c(CSc2ccccc2)n(C)c2cc(Br)c(O)c(CNC)c12|CCOC(=O)c1c(CS(=O)c2ccccc2)n(C)c2cc(Br)c(O)c(CN(C)C)c12|CCOC(=O)c1c(CO)n(C)c2cc(Br)c(O)c(CN(C)C)c12|CCOC(=O)c1c(CS(=O)c2ccccc2)n(C)c2cc(Br)c(O)c(CNC)c12|CCOC(=O)c1c(CSc2ccccc2)n(C)c2cc(Br)c(OC3O[C@H](C(=O)O)[C@@H](O)[C@H](O)[C@H]3O)c(CN(C)C)c12|CCOC(=O)c1c(CS(=O)(=O)c2ccccc2)n(C)c2cc(Br)c(O)c(CN(C)C)c12,CCOC(=O)c1c(CS(=O)c2ccccc2)n(C)c2cc(Br)c(O)c(CN(C)C)c12|CN(C)Cc1c(O)c(Br)cc2c1c(C(=O)O)c(CSc1ccccc1)n2C|CCOC(=O)c1c(CSc2ccccc2)n(C)c2cc(Br)c(OC3O[C@H](C(=O)O)[C@@H](O)[C@H](O)[C@H]3O)c(CN(C)C)c12|CNCc1c(O)c(Br)cc2c1c(C(=O)OCCO)c(CSc1ccccc1)n2C|CCOC(=O)c1c(CSc2ccc(O)cc2)n(C)c2cc(Br)c(O)c(CN(C)C)c12
CN(C)C(=O)COC(=O)Cc1ccc(OC(=O)c2ccc(NC(=N)N)cc2)cc1,CN(CO)C(=O)COC(=O)Cc1ccc(OC(=O)c2ccc(NC(=N)N)cc2)cc1|CN(C)C(=O)COC(=O)Cc1ccc(OC(=O)c2ccc(N)cc2)cc1|N=C(N)Nc1ccc(C(=O)Oc2ccc(CC(=O)OCC(=O)O)cc2)cc1|N=C(N)Nc1ccc(C(=O)O)cc1|N=C(N)Nc1ccc(C(=O)Oc2ccc(CC(=O)O)cc2)cc1|CNC(=O)COC(=O)Cc1ccc(OC(=O)c2ccc(NC(=N)N)cc2)cc1|CN(C)C(=O)COC(=O)Cc1ccc(O)cc1,N=C(N)Nc1ccc(C(=O)Oc2ccc(CC(=O)O)cc2)cc1,CN(CO)C(=O)COC(=O)Cc1ccc(OC(=O)c2ccc(NC(=N)N)cc2)cc1|CN(C)C(=O)COC(=O)Cc1ccc(OC(=O)c2ccc(N)cc2)cc1|N=C(N)Nc1ccc(C(=O)Oc2ccc(CC(=O)OCC(=O)O)cc2)cc1|N=C(N)Nc1ccc(C(=O)O)cc1|N=C(N)Nc1ccc(C(=O)Oc2ccc(CC(=O)O)cc2)cc1
N[C@@H](Cc1cc(O)c(O)cc1[18F])C(=O)O,N[C@@H](Cc1c[nH]c2ccccc12)C(=O)[O-]|[NH3+]CCc1cc(O)c(O)cc1F|COc1cc(CC(N)C(=O)O)cc(O)c1[O-]|COc1cc(CC(N)C(=O)O)c(C)cc1O|COc1cc2c(cc1O)CC(N)C(=O)N2|N[C@@H](Cc1c[nH]c2ccccc12)C(=O)O|COc1cc(CC(N)C(=O)O)c(F)cc1O|COc1cc(CC(N)C(=O)O)cc(O)c1O|N[C@@H](Cc1ccc(O)c(O)c1)C(=O)[O-]|NCCc1ccc(O)c(O)c1|COc1cc2c(cc1O)CC(N)C2=O|COc1cc2c(cc1O)CC(N)C2|COc1cc(CC(N)C(=O)O)ccc1O|NCCc1cc(O)c(O)cc1F|NC(Cc1ccc(O)c(O)c1)C(=O)O|N[C@@H](Cc1ccc(O)cc1)C(=O)O|N[C@@H](Cc1ccc(O)c(O)c1)C(=O)O,NCCc1cc(O)c(O)cc1[18F],N[C@@H](Cc1c[nH]c2ccccc12)C(=O)[O-]|[NH3+]CCc1cc(O)c(O)cc1F|COc1cc(CC(N)C(=O)O)cc(O)c1[O-]|COc1cc(CC(N)C(=O)O)c(C)cc1O|COc1cc2c(cc1O)CC(N)C(=O)N2
C[C@H]1C[C@H]2[C@@H]3CCC4=CC(=O)C=C[C@]4(C)[C@@]3(F)[C@@H](O)C[C@]2(C)[C@@]1(O)C(=O)COP(=O)(O)O,CC1CC2C3CCC4=CC(=O)C=C[C@]4(C)[C@@]3(F)[C@@H](O)C[C@]2(C)[C@@]1(O)C(=O)CO|C[C@@H]1C[C@H]2[C@@H]3CCC4=CC(=O)C=C[C@]4(C)[C@@]3(F)[C@@H](O)C[C@]2(C)[C@@]1(O)C(O)CO|C[C@@H]1CC2C3C[C@@H](O)C4=CC(=O)C=C[C@]4(C)[C@@]3(F)[C@@H](O)C[C@]2(C)[C@@]1(O)C(=O)CO|C[C@H]1C[C@H]2[C@@H]3CCC4=CC(=O)C=C[C@]4(C)[C@@]3(F)[C@@H](O)C[C@]2(C)[C@@]1(O)[C@H](O)CO|CC1CC2C3CCC4=CC(=O)C=CC4(C)C3(F)C(=O)CC2(C)C1=O|C[C@H]1C[C@H]2[C@@H]3CCC4=CC(=O)C=C[C@]4(C)[C@@]3(F)[C@@H](O)C[C@]2(C)[C@@]1(O)[C@@H](O)CO|C[C@@H]1C[C@H]2[C@@H]3C(O)CC4=CC(=O)C=C[C@]4(C)[C@@]3(F)[C@@H](O)C[C@]2(C)[C@@]1(O)C(=O)CO|C[C@H]1C[C@H]2[C@@H]3C(O)CC4=CC(=O)C=C[C@]4(C)[C@@]3(F)[C@@H](O)C[C@]2(C)[C@@]1(O)C(=O)CO|C[C@H]1C[C@H]2[C@@H]3CCC4=CC(=O)C=C[C@]4(C)[C@@]3(F)[C@@H](O)C[C@]2(C)[C@@]1(O)C(O)CO|C[C@H]1C[C@H]2[C@@H]3CCC4=CC(=O)C=C[C@]4(C)[C@@]3(F)[C@@H](O)C[C@]2(C)[C@@]1(O)C(=O)CO|CC1CC2C3CCC4=CC(=O)C=CC4(C)C3(F)C(O)CC2(C)C1=O|C[C@@H]1C[C@H]2[C@@H]3CCC4=CC(=O)C=C[C@]4(C)[C@@]3(F)[C@@H](O)C[C@]2(C)[C@@]1(O)C(=O)CO|C[C@@H]1CC2C3CCC4=CC(=O)C=C[C@]4(C)[C@@]3(F)[C@@H](O)C[C@]2(C)[C@@]1(O)C(=O)CO|C[C@H]1C[C@H]2[C@@H]3C[C@@H](O)C4=CC(=O)C=C[C@]4(C)[C@@]3(F)[C@@H](O)C[C@]2(C)[C@@]1(O)C(=O)CO|C[C@H]1C[C@H]2[C@@H]3C(O)CC4=CC(=O)C=C[C@]4(C)[C@@]3(F)[C@@H](O)C[C@]2(C)[C@@]1(O)C(=O)O|C[C@H]1C[C@H]2[C@@H]3CCC4=CC(=O)C=C[C@]4(C)[C@@]34O[C@H]4C[C@]2(C)[C@@]1(O)C(=O)COP(=O)(O)O|C[C@H]1C[C@H]2[C@@H]3C[C@@H](O)C4=CC(=O)C=C[C@]4(C)[C@@]3(F)[C@@H](O)C[C@]2(C)[C@@]1(O)C(=O)COP(=O)(O)O,C[C@H]1C[C@H]2[C@@H]3CCC4=CC(=O)C=C[C@]4(C)[C@@]3(F)[C@@H](O)C[C@]2(C)[C@@]1(O)C(=O)CO,CC1CC2C3CCC4=CC(=O)C=C[C@]4(C)[C@@]3(F)[C@@H](O)C[C@]2(C)[C@@]1(O)C(=O)CO|C[C@@H]1C[C@H]2[C@@H]3CCC4=CC(=O)C=C[C@]4(C)[C@@]3(F)[C@@H](O)C[C@]2(C)[C@@]1(O)C(O)CO|C[C@@H]1CC2C3C[C@@H](O)C4=CC(=O)C=C[C@]4(C)[C@@]3(F)[C@@H](O)C[C@]2(C)[C@@]1(O)C(=O)CO|C[C@H]1C[C@H]2[C@@H]3CCC4=CC(=O)C=C[C@]4(C)[C@@]3(F)[C@@H](O)C[C@]2(C)[C@@]1(O)[C@H](O)CO|CC1CC2C3CCC4=CC(=O)C=CC4(C)C3(F)C(=O)CC2(C)C1=O
