name,substrate,predict_site
1,CC(C)(C)[C@H](NC(=O)C(F)(F)F)C(=O)N1CC2(C[C@H]1C(=O)N[C@H](C#N)C[C@@H]1CCNC1=O)SCCS2,CC(C)(C)[C@H](NC(=O)C(F)(F)F)C(=O)N1CC2(C[C@H]1C(=O)N[C@H](C#N)C[C@@H]1CCNC1=O)SCC[S:1]2|CC(C)(C)[C@H](NC(=O)C(F)(F)F)C(=O)N1CC2(C[C@H]1C(=O)N[C@H](C#N)C[C@@H]1CCNC1=O)SCC[S:1]2|CC(C)([C@H](NC(=O)C(F)(F)F)C(=O)N1CC2(C[C@H]1C(=O)N[C@H](C#N)C[C@@H]1CCNC1=O)SCCS2)[CH3:1]|CC(C)(C)[C@H](N[C:1](=O)C(F)(F)F)C(=O)N1CC2(C[C@H]1C(=O)N[C@H](C#N)C[C@@H]1CCNC1=O)SCCS2|CC(C)(C)[C@H](NC(=O)C(F)(F)F)C(=O)N1CC2(C[C@H]1[C:1](=O)N[C@H](C#N)C[C@@H]1CCNC1=O)SCCS2|CC(C)(C)[C@H](NC(=O)C(F)(F)F)C(=O)N1CC2(C[C@H]1C(=O)N[C@H](C#N)C[C@@H]1C[CH2:1]NC1=O)SCCS2|CC(C)(C)[C@H](NC(=O)C(F)(F)F)C(=O)N1CC2(C[C@H]1C(=O)N[C@H](C#N)C[C@@H]1CCNC1=O)SC[CH2:1]S2|CC(C)(C)[C@H](NC(=O)C(F)(F)F)C(=O)N1CC2(C[C@H]1C(=O)N[C@H](C#N)C[C@@H]1CCNC1=O)SC[CH2:1]S2|CC(C)(C)[C@H](NC(=O)C(F)(F)F)C(=O)N1CC2(C[C@H]1C(=O)N[C@H](C#N)C[C@@H]1CCNC1=O)SC[CH2:1]S2|CC(C)(C)[C@H](NC(=O)C(F)(F)F)C(=O)N1CC2(C[C@H]1C(=O)N[C@@H](C[C@@H]1CCNC1=O)[C:1]#N)SCCS2|CC(C)(C)[C@H](NC(=O)C(F)(F)F)C(=O)N1CC2(C[C@H]1C(=O)N[C@@H](C[C@@H]1CCNC1=O)[C:1]#N)SCCS2|CC(C)(C)[C@H](NC(=O)C(F)(F)F)C(=O)N1CC2(SCCS2)[CH2:1][C@H]1C(=O)N[C@H](C#N)C[C@@H]1CCNC1=O
2,CC[C@@H](C(=O)Nc1ccc(C(N)=O)c(F)c1)n1cc(OC)c(-c2cc(Cl)ccc2-n2cc(C(F)(F)F)nn2)cc1=O,CC[C@@H](C(=O)Nc1ccc([C:1](N)=O)c(F)c1)n1cc(OC)c(-c2cc(Cl)ccc2-n2cc(C(F)(F)F)nn2)cc1=O|CC[C@@H](C(=O)Nc1ccc(C(N)=O)[c:1](F)c1)n1cc(OC)c(-c2cc(Cl)ccc2-n2cc(C(F)(F)F)nn2)cc1=O|CC[C@H](n1cc(OC)c(-c2cc(Cl)ccc2-n2cc(C(F)(F)F)nn2)cc1=O)[C:1](=O)Nc1ccc(C(N)=O)c(F)c1|COc1cn([C@@H](C[CH3:1])C(=O)Nc2ccc(C(N)=O)c(F)c2)c(=O)cc1-c1cc(Cl)ccc1-n1cc(C(F)(F)F)nn1|COc1cn([C@H](C(=O)Nc2ccc(C(N)=O)c(F)c2)[CH2:1]C)c(=O)cc1-c1cc(Cl)ccc1-n1cc(C(F)(F)F)nn1|CC[C@@H](C(=O)Nc1ccc(C(N)=O)[c:1](F)c1)n1cc(OC)c(-c2cc(Cl)ccc2-n2cc(C(F)(F)F)nn2)cc1=O|CC[C@@H:1](C(=O)Nc1ccc(C(N)=O)c(F)c1)n1cc(OC)c(-c2cc(Cl)ccc2-n2cc(C(F)(F)F)nn2)cc1=O|CC[C@@H](C(=O)Nc1ccc(C(N)=O)[c:1](F)c1)n1cc(OC)c(-c2cc(Cl)ccc2-n2cc(C(F)(F)F)nn2)cc1=O|CC[C@@H](C(=O)Nc1ccc(C(=O)[NH2:1])c(F)c1)n1cc(OC)c(-c2cc(Cl)ccc2-n2cc(C(F)(F)F)nn2)cc1=O
3,CCCCCc1cc(O)c2c(c1)OC(C)(C)C1CCC(C)CC21,CCCCCc1cc(O)c2c(c1)OC(C)(C)C1CCC([CH3:1])CC21|CC1CCC2C(C1)c1c(O)cc(CCC[CH2:1]C)cc1OC2(C)C|CCCCCc1cc2c(c([OH:1])c1)C1CC(C)CCC1C(C)(C)O2|CCCC[CH2:1]c1cc(O)c2c(c1)OC(C)(C)C1CCC(C)CC21|CCCCCc1cc(O)c2c(c1)OC(C)(C)C1C[CH2:1]C(C)CC21|CCCCCc1cc(O)c2c(c1)OC(C)(C)C1CC[CH:1](C)CC21|CC1CCC2C(C1)c1c(O)cc(CCCC[CH3:1])cc1OC2(C)C|CCCCCc1cc2c(c([OH:1])c1)C1CC(C)CCC1C(C)(C)O2|CCC[CH2:1]Cc1cc(O)c2c(c1)OC(C)(C)C1CCC(C)CC21|CCCCCc1cc2c(c([OH:1])c1)C1CC(C)CCC1C(C)(C)O2
4,CC(=O)Nc1ccc(C)c(C(=O)N[C@H](C)c2cccc3ccccc23)c1,CC(=O)Nc1ccc(C)c(C(=O)N[C@H](C)c2cc[cH:1]c3ccccc23)c1|CC(=O)Nc1ccc([CH3:1])c(C(=O)N[C@H](C)c2cccc3ccccc23)c1|CC(=O)Nc1ccc(C)c(C(=O)N[C@H](C)c2c[cH:1][cH:2]c3ccccc23)c1|CC(=O)Nc1ccc(C)c([C:1](=O)N[C@H](C)c2cccc3ccccc23)c1|CC(=O)Nc1cc(C(=O)N[C@H](C)c2cccc3ccccc23)c(C)c[cH:1]1|CC(=O)Nc1ccc(C)c(C(=O)N[C@H](C)c2cccc3c2cc[cH:2][cH:1]3)c1|CC(=O)Nc1ccc(C)c(C(=O)N[C@H](C)c2cccc3c[cH:1]ccc23)c1|CC(=O)Nc1ccc(C)c([C:1](=O)N[C@H](C)c2cccc3ccccc23)c1
5,Cc1ccc(N)cc1C(=O)N[C@H](C)c1cccc2ccccc12,Cc1ccc([NH2:1])cc1C(=O)N[C@H](C)c1cccc2ccccc12|Cc1ccc(N)cc1C(=O)N[C@H](C)c1cccc2c1cc[cH:1][cH:2]2|Cc1c[cH:1]c(N)cc1C(=O)N[C@H](C)c1cccc2ccccc12|Cc1ccc(N)cc1C(=O)N[C@H](C)c1cc[cH:1]c2ccccc12|Cc1ccc([NH2:1])cc1C(=O)N[C@H](C)c1cccc2ccccc12|Cc1cc[c:1](N)cc1C(=O)N[C@H](C)c1cccc2ccccc12|Cc1ccc(N)cc1C(=O)N[C@H](C)c1cccc2cc[cH:2][cH:1]c12|Cc1ccc([NH2:1])cc1C(=O)N[C@H](C)c1cccc2ccccc12|Cc1ccc([NH2:1])cc1C(=O)N[C@H](C)c1cccc2ccccc12|Cc1ccc(N)cc1[C:1](=O)N[C@H](C)c1cccc2ccccc12
6,Cn1cc(Nc2nccc(N3C[C@H]4CC[C@@H](C3)N4C(=O)[C@@H]3CC3(F)F)n2)cn1,Cn1cc(Nc2nccc(N3C[C@@H]4CC[C@H](C3)N4C(=O)[C@@H]3CC3(F)F)n2)c[n:1]1|Cn1cc(Nc2nccc(N3C[C@@H]4CC[C@H](C3)N4C(=O)[C@@H]3CC3(F)F)n2)c[n:1]1|Cn1cc(Nc2nccc(N3C[C@@H]4CC[C@H](C3)N4[C:1](=O)[C@@H]3CC3(F)F)n2)cn1|Cn1cc(Nc2nccc(N3C[C@@H]4CC[C@H](C3)N4C(=O)[C@@H]3C[C:1]3(F)F)n2)cn1|Cn1cc(Nc2nccc(N3C[C@@H]4CC[C@@H](N4C(=O)[C@@H]4CC4(F)F)[CH2:1]3)n2)cn1|Cn1cc(Nc2nccc(N3C[C@@H]4CC[C@H](C3)N4C(=O)[C@H]3C(F)(F)[CH2:1]3)n2)cn1|Cn1cc(Nc2nccc(N3C[C@H]4CC[C@H](N4C(=O)[C@@H]4CC4(F)F)[CH2:1]3)n2)cn1|Cn1cc(Nc2nccc(N3C[C@@H]4CC[C@H](C3)N4C(=O)[C@H]3C(F)(F)[CH2:1]3)n2)cn1|Cn1cc(Nc2nc[cH:1]c(N3C[C@@H]4CC[C@H](C3)N4C(=O)[C@@H]3CC3(F)F)n2)cn1
7,C=CC(=O)Nc1cc(Nc2ncc(C(=O)OC(C)C)c(-c3cn(C)c4ccccc34)n2)c(OC)cc1N(C)CCN(C)C,C=CC(=O)Nc1cc(Nc2ncc(C(=O)OC(C)C)c(-c3cn(C)c4ccccc34)n2)c(OC)cc1N(C)[CH2:1]CN(C)C|C=CC(=O)Nc1c[c:1](Nc2ncc(C(=O)OC(C)C)c(-c3cn(C)c4ccccc34)n2)c(OC)cc1N(C)CCN(C)C|COc1cc(N(C)CCN(C)C)c(NC(=O)C=[CH2:1])cc1Nc1ncc(C(=O)OC(C)C)c(-c2cn(C)c3ccccc23)n1
8,Cc1ccc([C@@H]2O[C@H](CO)[C@@H](O)[C@H](O)[C@H]2O)cc1Cc1ccc(-c2ccc(F)cc2)s1,OC[C@H]1O[C@@H](c2ccc([CH3:1])c(Cc3ccc(-c4ccc(F)cc4)s3)c2)[C@H](O)[C@@H](O)[C@@H]1O|Cc1ccc([C@@H]2O[C@H](CO)[C@@H](O)[C@H](O)[C@H]2O)cc1[CH2:1]c1ccc(-c2ccc(F)cc2)s1|Cc1ccc([C@@H]2O[C@H](CO)[C@@H](O)[C@H]([OH:1])[C@H]2O)cc1Cc1ccc(-c2ccc(F)cc2)s1|Cc1c[cH:1]c([C@@H]2O[C@H](CO)[C@@H](O)[C@H](O)[C@H]2O)cc1Cc1ccc(-c2ccc(F)cc2)s1|Cc1c(Cc2ccc(-c3ccc(F)cc3)s2)cc([C@@H]2O[C@H](CO)[C@@H](O)[C@H](O)[C@H]2O)c[cH:1]1|Cc1ccc([C@@H]2O[C@H](CO)[C@@H](O)[C@H](O)[C@H]2O)cc1Cc1ccc(-c2ccc(F)cc2)[s:1]1|Cc1ccc([C@@H]2O[C@H](C[OH:1])[C@@H](O)[C@H](O)[C@H]2O)cc1Cc1ccc(-c2ccc(F)cc2)s1|Cc1ccc([C@@H]2O[C@H](CO)[C@@H](O)[C@H](O)[C@H]2[OH:1])cc1Cc1ccc(-c2ccc(F)cc2)s1|Cc1ccc([C@@H]2O[C@H](C[OH:1])[C@@H](O)[C@H](O)[C@H]2O)cc1Cc1ccc(-c2ccc(F)cc2)s1
10,O=C(Nc1ccc(OC(F)(F)F)cc1)c1sccc1NCc1ccnc2ccccc12,O=C(Nc1ccc(OC(F)(F)F)cc1)c1sccc1N[CH2:1]c1ccnc2ccccc12|O=C(Nc1ccc(OC(F)(F)F)cc1)c1sccc1NCc1cc[n:1]c2ccccc12|O=C(Nc1ccc(OC(F)(F)F)cc1)c1sccc1NCc1cc[n:1]c2ccccc12|O=C(Nc1ccc(OC(F)(F)F)cc1)c1sccc1NCc1c[cH:1]nc2ccccc12|O=C(Nc1ccc(OC(F)(F)F)cc1)c1c(NCc2ccnc3ccccc23)cc[s:1]1|O=C(Nc1ccc(OC(F)(F)F)cc1)c1sccc1NCc1ccnc2c1cc[cH:1][cH:2]2|O=C(Nc1ccc(OC(F)(F)F)cc1)c1sccc1NCc1ccnc2cc[cH:1]cc12|O=C(Nc1ccc(OC(F)(F)F)c[cH:1]1)c1sccc1NCc1ccnc2ccccc12|O=[C:1](Nc1ccc(OC(F)(F)F)cc1)c1sccc1NCc1ccnc2ccccc12|O=C(Nc1ccc(OC(F)(F)F)cc1)c1sc[cH:1]c1NCc1ccnc2ccccc12
11,NC1(C(=O)N[C@@H](CCO)c2ccc(Cl)cc2)CCN(c2ncnc3[nH]ccc23)CC1,NC1(C(=O)N[C@@H](CC[OH:1])c2ccc(Cl)cc2)CCN(c2ncnc3[nH]ccc23)CC1|NC1(C(=O)N[C@@H](CCO)c2ccc(Cl)cc2)CCN(c2ncnc3[nH][cH:1]cc23)CC1|NC1(C(=O)N[C@@H:1](CCO)c2ccc(Cl)cc2)CCN(c2ncnc3[nH]ccc23)CC1|NC1(C(=O)N[C@@H](CC[OH:1])c2ccc(Cl)cc2)CCN(c2ncnc3[nH]ccc23)CC1|NC1(C(=O)N[C@@H](CCO)c2ccc(Cl)cc2)CCN(c2ncnc3[nH][cH:1]cc23)CC1|NC1(C(=O)N[C@@H](CCO)c2ccc(Cl)c[cH:1]2)CCN(c2ncnc3[nH]ccc23)CC1|NC1(C(=O)N[C@@H](CCO)c2ccc(Cl)cc2)CCN(c2ncnc3[nH]ccc23)C[CH2:1]1|NC1(C(=O)N[C@@H](CC[OH:1])c2ccc(Cl)cc2)CCN(c2ncnc3[nH]ccc23)CC1|NC1(C(=O)N[C@@H](CC[OH:1])c2ccc(Cl)cc2)CCN(c2ncnc3[nH]ccc23)CC1
12,CCOc1ccc(NC(=S)N(CCO)Cc2cc3cc(C)cc(C)c3[nH]c2=O)cc1,CCOc1ccc(N[C:1](=S)N(CCO)Cc2cc3cc(C)cc(C)c3[nH]c2=O)cc1|CCOc1ccc(NC(=S)N(CCO)Cc2cc3cc([CH3:1])cc(C)c3[nH]c2=O)cc1|CCOc1ccc(NC(N(CCO)Cc2cc3cc(C)cc(C)c3[nH]c2=O)=[S:1])cc1|CCOc1ccc(NC(=S)N(CCO)Cc2cc3cc(C)cc([CH3:1])c3[nH]c2=O)cc1|CCOc1ccc(NC(N(CCO)Cc2cc3cc(C)cc(C)c3[nH]c2=O)=[S:1])cc1|CCOc1ccc(NC(=S)N(CC[OH:1])Cc2cc3cc(C)cc(C)c3[nH]c2=O)cc1|CCOc1ccc(NC(=S)N(CC[OH:1])Cc2cc3cc(C)cc(C)c3[nH]c2=O)cc1
13,COc1ccc2c(Oc3ccc(C4(C(=O)NO)CCOCC4)cc3)ccnc2n1,COc1ccc2c(Oc3ccc(C4(C(=O)N[OH:1])CCOCC4)cc3)ccnc2n1|COc1ccc2c(Oc3ccc(C4(C(=O)N[OH:1])CCOCC4)cc3)ccnc2n1|COc1ccc2c(Oc3ccc(C4(C(=O)N[OH:1])CCOCC4)cc3)ccnc2n1|COc1ccc2c(Oc3ccc(C4(C(=O)N[OH:1])CCOCC4)cc3)ccnc2n1|COc1ccc2c(Oc3ccc(C4(C(=O)N[OH:1])CCOCC4)cc3)ccnc2n1
14,C/C=C/C#CC#CC(O)C(/C=C/CCCO)OC1OC(COC2OC(CO)C(O)C(O)C2O)C(O)C(O)C1O,C/C=C/C#CC#CC(O)C(OC1OC(COC2OC(CO)C(O)C(O)C2O)C(O)C(O)C1O)/[CH:1]=C/CCCO|C/C=C/C#CC#CC(O)[CH:1](OC1OC(COC2OC(CO)C(O)C(O)C2O)C(O)C(O)C1O)/[CH:2]=C/CCCO|C/C=C/C#CC#CC(O)C(/C=C/CCCO)O[CH:1]1OC(COC2OC(CO)C(O)C(O)C2O)C(O)C(O)C1O|C/C=C/C#CC#CC(O)C(/C=C/CCCO)OC1OC(CO[CH:1]2OC(CO)C(O)C(O)C2O)C(O)C(O)C1O|C/C=C/C#CC#CC(O)C(/C=C/CCCO)O[CH:1]1OC(COC2OC(CO)C(O)C(O)C2O)C(O)C(O)C1O|C/C=C/C#CC#CC(O)C(OC1OC(COC2OC(CO)C(O)C(O)C2O)C(O)C(O)C1O)/[CH:1]=C/CCCO|C/C=C/C#CC#CC(O)[CH:1](OC1OC(COC2OC(CO)C(O)C(O)C2O)C(O)C(O)C1O)/[CH:2]=C/CCCO|C/C=C/C#CC#CC(O)C(/C=C/CCCO)OC1OC([CH2:1]OC2OC(CO)C(O)C(O)C2O)C(O)C(O)C1O|C/[CH:2]=[CH:1]/C#CC#CC(O)C(/C=C/CCCO)OC1OC(COC2OC(CO)C(O)C(O)C2O)C(O)C(O)C1O|C/C=C/C#CC#CC(O)C(/C=C/CCCO)OC1OC(CO[CH:1]2OC(CO)C(O)C(O)C2O)C(O)C(O)C1O
15,Cc1ncc(S(=O)(=O)N2CCC(c3cn4ncnc4cc3Cl)CC2)s1,O=S(=O)(c1cnc([CH3:1])s1)N1CCC(c2cn3ncnc3cc2Cl)CC1|Cc1ncc(S(=O)(=O)N2CCC(c3cn4ncnc4cc3Cl)C[CH2:1]2)s1|Cc1ncc(S(=O)(=O)N2CCC(c3cn4n[cH:1]nc4cc3Cl)CC2)s1|Cc1ncc(S(=O)(=O)N2CCC(c3cn4ncnc4[cH:2][c:1]3Cl)CC2)s1|Cc1ncc(S(=O)(=O)N2CCC(c3cn4ncnc4cc3Cl)C[CH2:1]2)s1|Cc1ncc(S(=O)(=O)N2CCC(c3cn4ncnc4cc3Cl)[CH2:1]C2)s1|Cc1ncc(S(=O)(=O)N2CCC([c:2]3c(Cl)cc4ncnn4[cH:1]3)CC2)s1|C[c:1]1ncc(S(=O)(=O)N2CCC(c3cn4ncnc4cc3Cl)CC2)s1
16,COc1ccc(CCCCOC2OC(CO)[C@@H](O)[C@H](O)[C@H]2O)cc1,COc1ccc(CCCCOC2OC(C[OH:1])[C@@H](O)[C@H](O)[C@H]2O)cc1|COc1ccc([CH2:1]CCCOC2OC(CO)[C@@H](O)[C@H](O)[C@H]2O)cc1|COc1ccc(CCC[CH2:1]OC2OC(CO)[C@@H](O)[C@H](O)[C@H]2O)cc1|COc1ccc(CCCCOC2OC(CO)[C@@H](O)[C@H](O)[C@H]2O)c[cH:1]1|COc1ccc(CCCCOC2OC(C[OH:1])[C@@H](O)[C@H](O)[C@H]2O)cc1|COc1ccc(CCCCOC2OC(C[OH:1])[C@@H](O)[C@H](O)[C@H]2O)cc1|COc1ccc(CCCCOC2OC(C[OH:1])[C@@H](O)[C@H](O)[C@H]2O)cc1
17,O=C(O)C1OC(Oc2cc3oc(-c4ccc(O)cc4)cc(=O)c3c(O)c2O)C(O)C(O)C1O,O=C(O)C1O[CH:1](Oc2cc3oc(-c4ccc(O)cc4)cc(=O)c3c(O)c2O)C(O)C(O)C1O|O=C(O)C1OC(Oc2cc3oc(-c4ccc(O)cc4)cc(=O)c3c([OH:1])c2O)C(O)C(O)C1O|O=C(O)C1OC(Oc2cc3oc(-c4ccc([OH:1])cc4)cc(=O)c3c(O)c2O)C(O)C(O)C1O|O=C(O)C1OC(Oc2cc3oc(-c4ccc(O)cc4)cc(=O)c3c(O)c2[OH:1])C(O)C(O)C1O|O=C(O)C1OC(Oc2cc3oc(-c4ccc([OH:1])cc4)cc(=O)c3c(O)c2O)C(O)C(O)C1O|O=C(O)C1OC(Oc2cc3oc(-c4ccc(O)cc4)cc(=O)c3c([OH:1])c2O)C(O)C(O)C1O|O=C(O)C1OC(Oc2cc3oc(-c4ccc(O)cc4)cc(=O)c3c(O)c2O)C([OH:1])C(O)C1O|O=C(O)C1OC(Oc2cc3oc(-c4ccc(O)cc4)cc(=O)c3c(O)c2[OH:1])C(O)C(O)C1O|O=C(O)C1OC(Oc2cc3oc(-c4ccc([OH:1])cc4)cc(=O)c3c(O)c2O)C(O)C(O)C1O
18,CN1CCC[C@@H](OC(=O)[C@](O)(c2ccccc2)c2cccc(OCCCNC(=O)c3ccc(CNC[C@H](O)c4ccc(O)c5[nH]c(=O)ccc45)cc3)c2)C1,CN1CCC[C@@H](OC(=O)[C@](O)(c2ccccc2)c2cccc(OCCCNC(=O)c3ccc(CN[CH2:1][C@H](O)c4ccc(O)c5[nH]c(=O)ccc45)cc3)c2)C1|CN1CCC[C@@H](O[C:1](=O)[C@](O)(c2ccccc2)c2cccc(OCCCNC(=O)c3ccc(CNC[C@H](O)c4ccc(O)c5[nH]c(=O)ccc45)cc3)c2)C1|CN1CCC[C@@H](OC(=O)[C@](O)(c2ccccc2)c2cccc(OCCCNC(=O)c3ccc([CH2:1]NC[C@H](O)c4ccc(O)c5[nH]c(=O)ccc45)cc3)c2)C1|CN1CCC[C@@H](OC(=O)[C@](O)(c2ccccc2)c2cccc(OCCCNC(=O)c3ccc(CNC[C@H](O)c4c5ccc(=O)[nH]c5c(O)c[cH:1]4)cc3)c2)C1|CN1CCC[C@@H](OC(=O)[C@](O)(c2ccccc2)c2cccc(O[CH2:1]CCNC(=O)c3ccc(CNC[C@H](O)c4ccc(O)c5[nH]c(=O)ccc45)cc3)c2)C1|CN1CCC[C@@H](OC(=O)[C@](O)(c2ccccc2)c2cccc(OCC[CH2:1]NC(=O)c3ccc(CNC[C@H](O)c4ccc(O)c5[nH]c(=O)ccc45)cc3)c2)C1
19,CC[C@H](C)C(=O)N1CCC(NC(=O)Nc2ccc(OC(F)(F)F)c(F)c2)CC1,C[C@@H](C[CH3:1])C(=O)N1CCC(NC(=O)Nc2ccc(OC(F)(F)F)c(F)c2)CC1|CC[C@@H](C(=O)N1CCC(NC(=O)Nc2ccc(OC(F)(F)F)c(F)c2)CC1)[CH3:1]|CC[C@H](C)C(=O)N1CCC(NC(=O)Nc2cc(F)c(OC(F)(F)F)c[cH:1]2)CC1|CC[C@H](C)C(=O)N1CCC(NC(=O)Nc2cc(F)c(OC(F)(F)F)[cH:1]c2)CC1|CC[C@H](C)C(=O)N1CCC(NC(=O)Nc2ccc(OC(F)(F)F)c(F)c2)C[CH2:1]1|CC[C@H](C)C(=O)N1CCC(N[C:1](=O)Nc2ccc(OC(F)(F)F)c(F)c2)CC1
20,CN(C(=O)Cc1cccs1)[C@@H](Cc1c[nH]c2ccccc12)C(=O)N[C@@](C)(Cc1ccccc1)C(=O)N[C@@H](CCCNC(=N)N)C(=O)N1CCC[C@H]1C(=O)N[C@@H](CCCNC(=N)N)C(N)=O,CN(C(=O)Cc1cccs1)[C@@H](Cc1c[nH]c2ccccc12)C(=O)N[C@@](C)(Cc1ccccc1)C(=O)N[C@@H](CCCNC(=N)N)C(=O)N1CCC[C@H]1[C:1](=O)N[C@@H](CCCNC(=N)N)C(N)=O|CN(C(=O)Cc1ccc[s:1]1)[C@@H](Cc1c[nH]c2ccccc12)C(=O)N[C@@](C)(Cc1ccccc1)C(=O)N[C@@H](CCCNC(=N)N)C(=O)N1CCC[C@H]1C(=O)N[C@@H](CCCNC(=N)N)C(N)=O|CN(C(=O)Cc1cccs1)[C@@H](Cc1c[nH]c2ccccc12)C(=O)N[C@@](C)(Cc1ccccc1)C(=O)N[C@@H](CCCNC(=N)N)C(=O)N1CCC[C@H]1C(=O)N[C@@H](CCCNC(=N)N)[C:1](N)=O|CN(C(=O)Cc1cccs1)[C@@H](Cc1c[nH]c2ccccc12)C(=O)N[C@@](C)(Cc1ccccc1)C(=O)N[C@@H](CCCN[C:1](=N)N)C(=O)N1CCC[C@H]1C(=O)N[C@@H](CCCNC(=N)N)C(N)=O|CN(C(=O)Cc1cccs1)[C@@H](Cc1c[nH]c2ccccc12)C(=O)N[C@@](C)(Cc1ccccc1)C(=O)N[C@@H](CCCNC(=N)N)C(=O)N1CCC[C@H]1C(=O)N[C@@H:1](CCCNC(=N)N)C(N)=O|CN(C(=O)Cc1cccs1)[C@@H](Cc1c[nH]c2ccccc12)C(=O)N[C@@](C)(Cc1ccccc1)[C:1](=O)N[C@@H](CCCNC(=N)N)C(=O)N1CCC[C@H]1C(=O)N[C@@H](CCCNC(=N)N)C(N)=O|CN(C(=O)Cc1cccs1)[C@@H](Cc1c[nH]c2ccccc12)[C:1](=O)N[C@@](C)(Cc1ccccc1)C(=O)N[C@@H](CCCNC(=N)N)C(=O)N1CCC[C@H]1C(=O)N[C@@H](CCCNC(=N)N)C(N)=O|CN(C(=O)Cc1cccs1)[C@@H](Cc1c[nH]c2ccccc12)C(=O)N[C@@](C)(Cc1ccccc1)[C:1](=O)N[C@@H](CCCNC(=N)N)C(=O)N1CCC[C@H]1C(=O)N[C@@H](CCCNC(=N)N)C(N)=O
21,CCN(CC)C(=O)C1C=C2c3cccc4c3c(cn4C(=O)C3CC3)CC2N(C)C1,CCN(CC)C(=O)C1C=C2c3cccc4c3c(cn4[C:1](=O)C3CC3)CC2N(C)C1|CCN(CC)C(=O)C1C=C2c3cccc4c3c(cn4C(=O)C3CC3)[CH2:1]C2N(C)C1|CCN(CC)[C:1](=O)C1C=C2c3cccc4c3c(cn4C(=O)C3CC3)CC2N(C)C1|CCN(CC)C(=O)C1C=C2c3cccc4c3c(cn4C(=O)C3CC3)CC2N(C)[CH2:1]1|CCN(CC)C(=O)C1C=C2c3cccc4c3c(cn4C(=O)C3CC3)C[CH:1]2N(C)C1|CCN(C(=O)C1C=C2c3cccc4c3c(cn4C(=O)C3CC3)CC2N(C)C1)[CH2:1]C|CCN(CC)C(=O)C1C=C2c3cccc4c3c(cn4[C:1](=O)C3CC3)CC2N(C)C1
22,COc1c([C@H]2C(C(=O)Nc3ccnc(C(N)=O)c3)O[C@@](C)(C(F)(F)F)[C@H]2C)ccc(F)c1F,COc1c([C@H]2C([C:1](=O)Nc3ccnc(C(N)=O)c3)O[C@@](C)(C(F)(F)F)[C@H]2C)ccc(F)c1F|COc1c([C@H]2C(C(=O)Nc3cc[n:1]c(C(N)=O)c3)O[C@@](C)(C(F)(F)F)[C@H]2C)ccc(F)c1F|COc1c([C@H]2C(C(=O)Nc3cc[n:1]c(C(N)=O)c3)O[C@@](C)(C(F)(F)F)[C@H]2C)ccc(F)c1F|COc1c([C@H]2C(C(=O)Nc3ccnc([C:1](N)=O)c3)O[C@@](C)(C(F)(F)F)[C@H]2C)ccc(F)c1F|COc1c([C@H]2C(C(=O)Nc3ccnc(C(N)=O)c3)O[C@@](C)(C(F)(F)F)[C@H]2C)cc[c:1](F)c1F|COc1c([C@H]2C([C:1](=O)Nc3ccnc(C(N)=O)c3)O[C@@](C)(C(F)(F)F)[C@H]2C)ccc(F)c1F|COc1c([C@H]2C(C(=O)Nc3ccnc(C(N)=O)c3)O[C@](C(F)(F)F)([CH3:1])[C@H]2C)ccc(F)c1F
23,CCN(CC)CCc1c[nH]c2cccc(OC(C)=O)c12,CCN(CC)CCc1c[nH]c2cc[cH:1]c(OC(C)=O)c12|CCN(CC)CCc1c[nH]c2c1c(OC(C)=O)cc[cH:1]2|CC[N:1](CC)CCc1c[nH]c2cccc(OC(C)=O)c12|CC[N:1](CC)CCc1c[nH]c2cccc(OC(C)=O)c12|CCN(CC)[CH2:1]Cc1c[nH]c2cccc(OC(C)=O)c12|CCN(CC)CCc1c[nH:1]c2cccc(OC(C)=O)c12|CCN(CC)CCc1c[nH]c2cccc(OC(=O)[CH3:1])c12
24,N#CC1CN(S(=O)(=O)c2cccc(C(=O)N3CCC[C@@H]3C(=O)NCc3ccc(C(F)(F)F)cc3)c2)C1,N#CC1CN(S(=O)(=O)c2cccc(C(=O)N3CCC[C@@H]3C(=O)N[CH2:1]c3ccc(C(F)(F)F)cc3)c2)C1|N#CC1CN(S(=O)(=O)c2cccc(C(=O)N3CCC[C@@H]3C(=O)NCc3ccc(C(F)(F)F)cc3)c2)[CH2:1]1|N#[C:1]C1CN(S(=O)(=O)c2cccc(C(=O)N3CCC[C@@H]3C(=O)NCc3ccc(C(F)(F)F)cc3)c2)C1|N#[C:1]C1CN(S(=O)(=O)c2cccc(C(=O)N3CCC[C@@H]3C(=O)NCc3ccc(C(F)(F)F)cc3)c2)C1|N#CC1CN(S(=O)(=O)c2cccc(C(=O)N3[C@@H](C(=O)NCc4ccc(C(F)(F)F)cc4)CC[CH2:1]3)c2)C1|N#CC1CN(S(=O)(=O)c2cccc(C(=O)N3CCC[C@@H]3[C:1](=O)NCc3ccc(C(F)(F)F)cc3)c2)C1|N#CC1CN(S(=O)(=O)c2cccc(C(=O)N3CCC[C@@H]3C(=O)NCc3ccc(C(F)(F)F)cc3)c2)[CH2:1]1|N#CC1CN(S(=O)(=O)c2cccc(C(=O)N3CC[CH2:1][C@@H]3C(=O)NCc3ccc(C(F)(F)F)cc3)c2)C1|N#[C:1]C1CN(S(=O)(=O)c2cccc(C(=O)N3CCC[C@@H]3C(=O)NCc3ccc(C(F)(F)F)cc3)c2)C1|N#CC1CN(S(=O)(=O)c2cccc(C(=O)N3[C@@H](C(=O)NCc4ccc(C(F)(F)F)cc4)CC[CH2:1]3)c2)C1
25,CCC(CC)COC(=O)[C@H](C)N[P@](=O)(OC[C@H]1O[C@@](C#N)(c2ccc3c(N)ncnn23)[C@H](O)[C@@H]1O)Oc1ccccc1,CCC(CC)COC(=O)[C@H](C)N[P@:1](=O)(OC[C@H]1O[C@@](C#N)(c2ccc3c(N)ncnn23)[C@H](O)[C@@H]1O)Oc1ccccc1|CCC(COC(=O)[C@H](C)N[P@](=O)(OC[C@H]1O[C@@](C#N)(c2ccc3c(N)ncnn23)[C@H](O)[C@@H]1O)Oc1ccccc1)C[CH3:1]|CCC(CC)CO[C:1](=O)[C@H](C)N[P@](=O)(OC[C@H]1O[C@@](C#N)(c2ccc3c(N)ncnn23)[C@H](O)[C@@H]1O)Oc1ccccc1|CCC(CC)COC(=O)[C@H](C)N[P@:1](=O)(OC[C@H]1O[C@@](C#N)(c2ccc3c(N)ncnn23)[C@H](O)[C@@H]1O)Oc1ccccc1|CCC(CC)COC(=O)[C@H](C)N[P@:1](=O)(OC[C@H]1O[C@@](C#N)(c2ccc3c(N)ncnn23)[C@H](O)[C@@H]1O)Oc1ccccc1|CCC(COC(=O)[C@H](C)N[P@](=O)(OC[C@H]1O[C@@](C#N)(c2ccc3c(N)ncnn23)[C@H](O)[C@@H]1O)Oc1ccccc1)[CH2:1]C|CCC(COC(=O)[C@H](C)N[P@](=O)(OC[C@H]1O[C@@](C#N)(c2ccc3c(N)ncnn23)[C@H](O)[C@@H]1O)Oc1ccccc1)[CH2:1]C
26,O=C1CC[C@@H](N2Cc3c(OCc4ccc(CN5CCOCC5)cc4)cccc3C2=O)C(=O)N1,O=C1CC[C@@H](N2Cc3c(O[CH2:1]c4ccc(CN5CCOCC5)cc4)cccc3C2=O)C(=O)N1|O=C1CC[C@@H](N2Cc3c(OCc4ccc(CN5CCO[CH2:1]C5)cc4)cccc3C2=O)C(=O)N1|O=C1N[C:1](=O)CC[C@H]1N1Cc2c(OCc3ccc(CN4CCOCC4)cc3)cccc2C1=O|O=C1CC[C@@H](N2Cc3c(OCc4ccc(CN5CCOC[CH2:1]5)cc4)cccc3C2=O)C(=O)N1|O=C1CC[C@@H](N2Cc3c(OCc4ccc(CN5CCOCC5)cc4)cccc3[C:1]2=O)C(=O)N1|O=C1CC[C@@H](N2Cc3c(OCc4ccc(CN5CCOCC5)cc4)cccc3C2=O)[C:1](=O)N1|O=C1CC[C@@H](N2Cc3c(OCc4ccc([CH2:1]N5CCOCC5)cc4)cccc3C2=O)C(=O)N1|O=C1CC[C@@H](N2Cc3c(OCc4ccc(CN5CCO[CH2:1]C5)cc4)cccc3C2=O)C(=O)N1|O=C1CC[C@@H](N2Cc3c(OCc4ccc(CN5CCO[CH2:1]C5)cc4)cccc3C2=O)C(=O)N1|O=C1CC[C@@H](N2Cc3c(OCc4ccc(CN5CCOCC5)cc4)cccc3[C:1]2=O)C(=O)N1
27,CNC(C)Cc1ccc2c(c1)OCO2,CNC(C)Cc1cc2c(c[cH:1]1)OCO2|CC(Cc1ccc2c(c1)OCO2)N[CH3:1]|CC(Cc1ccc2c(c1)OCO2)N[CH3:1]
28,Cn1cnc2ncn(Cc3nc([C@@H]4CO[C@@H](c5ccc(Cl)cc5)C4)no3)c(=O)c21,Cn1cnc2ncn(Cc3nc([C@H]4C[C@H](c5ccc(Cl)cc5)O[CH2:1]4)no3)c(=O)c21|Cn1c2c(=O)n(Cc3nc([C@@H]4CO[C@@H](c5ccc(Cl)cc5)C4)no3)cnc2n[cH:1]1|Cn1cnc2ncn(Cc3nc([C@H]4C[C@H](c5ccc(Cl)cc5)O[CH2:1]4)no3)c(=O)c21|Cn1cnc2ncn([CH2:1]c3nc([C@@H]4CO[C@@H](c5ccc(Cl)cc5)C4)no3)c(=O)c21|Cn1cnc2ncn(Cc3nc([C@@H]4CO[C@@H](c5ccc(Cl)c[cH:1]5)C4)no3)c(=O)c21
29,CC1OC(OC2C(OC(=O)[C@]34CCC(C)(C)CC3C3=CCC5[C@@]6(C)C[C@H](O)[C@H](OC7OC(CO)C(O)C(O)C7O)C(CO)(CO)C6CC[C@@]5(C)[C@]3(C)C[C@H]4O)OCC(O)C2O)C(O)C(O)C1OC1OCC(O)C(OC2OCC(O)C2(O)CO)C1O,
30,O=C(c1cccnc1-c1ccncc1)N1CCC(O)(Cc2ccccc2)CC1,O=C(c1cccnc1-c1cc[n:1]cc1)N1CCC(O)(Cc2ccccc2)CC1|O=C(c1cccnc1-c1cc[n:1]cc1)N1CCC(O)(Cc2ccccc2)CC1|O=C(c1cccnc1-c1ccncc1)N1CCC(O)(Cc2cc[cH:1]cc2)CC1|O=C(c1cccnc1-c1ccncc1)N1CCC(Cc2ccccc2)([OH:1])CC1|O=C(c1cccnc1-c1ccncc1)N1CCC(O)([CH2:1]c2ccccc2)CC1|O=[C:1](c1cccnc1-c1ccncc1)N1CCC(O)(Cc2ccccc2)CC1|O=C(c1cccnc1-c1ccncc1)N1CCC(O)(Cc2ccccc2)C[CH2:1]1|O=C(c1cccnc1-c1ccncc1)N1CCC(O)(Cc2ccccc2)[CH2:1]C1|O=C(c1cccnc1-c1ccn[cH:1]c1)N1CCC(O)(Cc2ccccc2)CC1
31,O=C(CCC(F)(F)F)N1CCC2(CC1)CC(C(F)(F)F)=NO2,O=C(CCC(F)(F)F)N1CCC2(CC(C(F)(F)F)=NO2)C[CH2:1]1|O=C(CCC(F)(F)F)N1CCC2(CC(C(F)(F)F)=NO2)[CH2:1]C1|O=[C:1](CCC(F)(F)F)N1CCC2(CC1)CC(C(F)(F)F)=NO2|O=C(C[CH2:1]C(F)(F)F)N1CCC2(CC1)CC(C(F)(F)F)=NO2|O=C(CCC(F)(F)F)N1CCC2(CC1)ON=C(C(F)(F)F)[CH2:1]2|O=C(CCC(F)(F)F)N1CCC2(CC1)C[C:1](C(F)(F)F)=NO2|O=C(CCC(F)(F)F)N1CCC2(CC1)ON=C(C(F)(F)F)[CH2:1]2|O=C(CCC(F)(F)F)N1CCC2(CC(C(F)(F)F)=NO2)C[CH2:1]1
