name,substrate,predict,top_n,true_mains,predict_8079,rank,true_rank_metareactseed8079
1,CC(C)(C)[C@H](NC(=O)C(F)(F)F)C(=O)N1CC2(C[C@H]1C(=O)N[C@H](C#N)C[C@@H]1CCNC1=O)SCCS2,CC(C)(C)[C@H](NC(=O)C(F)(F)F)C(=O)N1CC2(C[C@H]1C(=O)N[C@H](C#N)C[C@@H]1CCNC1=O)SCCS2=O 0.88|CC(C)(C)[C@H](NC(=O)C(F)(F)F)C(=O)N1CC2(C[C@H]1C(=O)N[C@@H](C[C@@H]1CCNC1=O)C(=O)O)SCCS2 0.42|CC(C)(CO)[C@H](NC(=O)C(F)(F)F)C(=O)N1CC2(C[C@H]1C(=O)N[C@H](C#N)C[C@@H]1CCNC1=O)SCCS2 0.24|CC(C)(C)[C@H](NC(=O)C(F)(F)F)C(=O)N1CC2(C[C@H]1C(=O)N[C@H](C#N)C[C@H]1CCNC1=O)SCCS2=O 0.19|CC(C)(C)[C@H](NC(=O)C(F)(F)F)C(=O)N1CC2(C[C@H]1C(=O)N[C@H](C#N)C[C@@H]1CC(O)NC1=O)SCCS2 0.16|CC(C)(C)[C@H](NC(=O)C(F)(F)F)C(=O)N1CC2(C[C@H]1C(=O)N[C@H](C#N)C[C@H]1CC(O)NC1=O)SCCS2 0.16|CC(C)(C)[C@H](NC(=O)C(F)(F)F)C(=O)N1CC2(C[C@H]1C(=O)N[C@H](C#N)C[C@@H]1CCNC1=O)SCC(O)S2 0.16|CC(C)(C)[C@H](N)C(=O)N1CC2(C[C@H]1C(=O)N[C@H](C#N)C[C@@H]1CCNC1=O)SCCS2 0.13|CC(C)(C)[C@H](NC(=O)C(F)(F)F)C(=O)N1CC2(C[C@H]1C(N)=O)SCCS2 0.12|CC(C)(C)[C@H](NC(=O)C(F)(F)F)C(=O)N1CC2(C[C@H]1C(=O)N[C@@H](C[C@@H]1CCNC1=O)C(N)=O)SCCS2 0.07|CC(C)(C)[C@H](NC(=O)C(F)(F)F)C(=O)N1CC2(C[C@H]1C(=O)N[C@H](C#N)C[C@H]1C(=O)NCC1O)SCCS2 0.06|CC(C)(C)[C@H](NC(=O)C(F)(F)F)C(O)N1CC2(C[C@H]1C(=O)N[C@H](C#N)C[C@@H]1CCNC1=O)SCCS2 0.06|CC(C)(C)[C@H](NC(=O)C(F)(F)F)C(=O)N1CC2(C[C@H]1C(=O)N[C@H](C#N)C[C@H]1CCNC1=O)SCCS2 0.05|CC(C)(C)[C@H](NC(=O)C(F)(F)F)C(=O)N1CC(S)(SCC=O)C[C@H]1C(=O)N[C@H](C#N)C[C@@H]1CCNC1=O 0.05|CC(C)(C)[C@H](NC(=O)C(F)(F)F)C(=O)N1CC2(C[C@H]1C(=O)O)SCCS2 0.04|CC(C)(C)[C@H](NC(=O)C(F)(F)F)C(=O)N1CC2(C[C@H]1C(=O)N[C@H](C#N)C[C@H](CCN)C(=O)O)SCCS2 0.04|CC(C)(C)[C@H](NC(=O)C(F)(F)F)C(=O)N1CC2(C[C@H]1C(=O)N[C@@H](C#N)C[C@@H]1CCNC1=O)SCCS2=O 0.04|CC(C)(CO)[C@H](NC(=O)C(F)(F)F)C(=O)N1CC2(C[C@H]1C(=O)N[C@H](C#N)C[C@H]1CCNC1=O)SCCS2 0.04|CC(C)(C)[C@H](NC(=O)C(F)(F)F)C(=O)N1C[C@]2(C[C@H]1C(=O)N[C@H](C#N)C[C@@H]1CCNC1=O)SCCS2=O 0.04|CC(C)(C)[C@H](NC(=O)C(F)(F)F)C(=O)N1CC2(C[C@H]1C(=O)N[C@H](C#N)C[C@@H]1C(=O)NCC1O)SCCS2 0.03,2,['CC(C)(C)[C@H](NC(=O)C(F)(F)F)C(=O)N1CC2(C[C@H]1C(=O)N[C@@H](C[C@@H]1CCNC1=O)C(=O)O)SCCS2'],"['CC(C)(C)[C@H](NC(=O)C(F)(F)F)C(=O)N1CC2(C[C@H]1C(=O)N[C@H](C#N)C[C@@H]1CCNC1=O)SCCS2=O', 'CC(C)(CO)[C@H](NC(=O)C(F)(F)F)C(=O)N1CC2(C[C@H]1C(=O)N[C@H](C#N)C[C@@H]1CCNC1=O)SCCS2', 'CC(C)(C)[C@H](N)C(=O)N1CC2(C[C@H]1C(=O)N[C@H](C#N)C[C@@H]1CCNC1=O)SCCS2', 'CC(C)(C)[C@H](NC(=O)C(F)(F)F)C(=O)N1CC2(C[C@H]1C(=O)N[C@H](C#N)C[C@@H]1CC(O)NC1=O)SCCS2', 'CC(C)(C)[C@H](NC(=O)C(F)(F)F)C(=O)N1CC2(C[C@H]1C(=O)N[C@@H](C[C@@H]1CCNC1=O)C(=O)O)SCCS2', 'CC(C)(C)[C@H](NC(=O)C(F)(F)F)C(=O)N1CC2(C[C@H]1C(=O)O)SCCS2', 'CC(C)(C)[C@H](NC(=O)C(F)(F)F)C(=O)N1CC(S)(SCC=O)C[C@H]1C(=O)N[C@H](C#N)C[C@@H]1CCNC1=O', 'CC(C)(C)[C@H](NC(=O)C(F)(F)F)C(=O)N1CC2(C[C@H]1C(=O)N[C@@H](C[C@@H]1CCNC1=O)C(N)=O)SCCS2', 'CC(C)(C)[C@H](NC(=O)C(F)(F)F)C(=O)N1CC2(C[C@H]1C(=O)N[C@H](C#N)C[C@@H]1CCNC1=O)SCC(O)S2', 'CC(C)(C)[C@H](NC(=O)C(F)(F)F)C(=O)N1CC2(C[C@H]1C(=O)N[C@H](C#N)C[C@H]1CC(O)NC1=O)SCCS2', 'CC(C)(C)[C@H](NC(=O)C(F)(F)F)C(=O)N1C[C@]2(C[C@H]1C(=O)N[C@H](C#N)C[C@@H]1CCNC1=O)SCCS2=O', 'CC(C)(C)[C@H](NC(=O)C(F)(F)F)C(=O)N1CC2(C[C@H]1C(=O)N[C@H](C#N)C[C@H]1CCNC1=O)SCCS2=O', 'CC(C)(C)[C@H](NC(=O)C(F)(F)F)C(=O)N1C[C@@]2(C[C@H]1C(=O)N[C@H](C#N)C[C@@H]1CCNC1=O)SCCS2=O', 'CC(C)(C)[C@H](NC(=O)C(F)(F)F)C(=O)N1CC2(C[C@H]1C(=O)N[C@H](C#N)C[C@@H]1C(=O)NCC1O)SCCS2', 'CC(C)(C)[C@H](NC(=O)C(F)(F)F)C(=O)N1CC2(C[C@H]1C(=O)N[C@H](C#N)CCC(=O)NCC=O)SCCS2', 'CC(C)(C)[C@H](NC(=O)C(F)(F)F)C(O)N1CC2(C[C@H]1C(=O)N[C@H](C#N)C[C@@H]1CCNC1=O)SCCS2', 'CC(C)(CO)[C@H](NC(=O)C(F)(F)F)C(=O)N1CC2(C[C@H]1C(=O)NC(C#N)C[C@@H]1CCNC1=O)SCCS2', 'CC(C)(C)[C@H](NC(=O)C(F)(F)F)C(=O)N1CC2(C[C@H]1C(=O)N[C@H](C#N)C[C@@H]1CCNC1=O)SCCS2', 'CC(C)(C)C(NC(=O)C(F)(F)F)C(=O)N1CC2(C[C@H]1C(=O)N[C@H](C#N)C[C@@H]1CCNC1=O)SCCS2=O', 'CC(C)(C)[C@H](NC(=O)C(F)(F)F)C(=O)N1CC2(C[C@H]1C(N)=O)SCCS2']",5,5
2,CC[C@@H](C(=O)Nc1ccc(C(N)=O)c(F)c1)n1cc(OC)c(-c2cc(Cl)ccc2-n2cc(C(F)(F)F)nn2)cc1=O,CC[C@@H](C(=O)Nc1ccc(C(N)=O)c(F)c1)n1cc(O)c(-c2cc(Cl)ccc2-n2cc(C(F)(F)F)nn2)cc1=O 0.61|CC[C@@H](C(=O)Nc1ccc(C(=O)O)c(F)c1)n1cc(OC)c(-c2cc(Cl)ccc2-n2cc(C(F)(F)F)nn2)cc1=O 0.59|CC[C@@H](C(=O)O)n1cc(OC)c(-c2cc(Cl)ccc2-n2cc(C(F)(F)F)nn2)cc1=O 0.47|CC[C@@H](C(=O)Nc1ccc(C(N)=O)c(O)c1)n1cc(OC)c(-c2cc(Cl)ccc2-n2cc(C(F)(F)F)nn2)cc1=O 0.23|COc1cn([C@@H](CCO)C(=O)Nc2ccc(C(N)=O)c(F)c2)c(=O)cc1-c1cc(Cl)ccc1-n1cc(C(F)(F)F)nn1 0.20|COc1c[nH]c(=O)cc1-c1cc(Cl)ccc1-n1cc(C(F)(F)F)nn1 0.16|CC[C@@H](C(=O)Nc1cc(O)c(C(N)=O)c(F)c1)n1cc(OC)c(-c2cc(Cl)ccc2-n2cc(C(F)(F)F)nn2)cc1=O 0.16|COc1cn([C@H](C(=O)Nc2ccc(C(N)=O)c(F)c2)C(C)O)c(=O)cc1-c1cc(Cl)ccc1-n1cc(C(F)(F)F)nn1 0.16|CC[C@@H](C(=O)Nc1ccc(C(N)=O)cc1)n1cc(OC)c(-c2cc(Cl)ccc2-n2cc(C(F)(F)F)nn2)cc1=O 0.11|COc1cn(CC(=O)Nc2ccc(C(N)=O)c(F)c2)c(=O)cc1-c1cc(Cl)ccc1-n1cc(C(F)(F)F)nn1 0.09|CC[C@@H](C(N)=O)n1cc(OC)c(-c2cc(Cl)ccc2-n2cc(C(F)(F)F)nn2)cc1=O 0.09|CC[C@@H](C(=O)Nc1cc(F)c(C(N)=O)cc1O)n1cc(OC)c(-c2cc(Cl)ccc2-n2cc(C(F)(F)F)nn2)cc1=O 0.09|COc1cn([C@H](C(=O)Nc2ccc(C(N)=O)c(F)c2)[C@@H](C)O)c(=O)cc1-c1cc(Cl)ccc1-n1cc(C(F)(F)F)nn1 0.07|CC[C@@H](C(=O)Nc1ccc(C(N)=O)c(F)c1)n1cc(OC)c(-c2cc(Cl)ccc2-n2nnc(C(F)(F)F)c2O)cc1=O 0.07|CC[C@@H](C(=O)Nc1ccc(C(N)=O)c(F)c1)n1cc(OC)c(-c2cc(Cl)ccc2-n2cc(C(F)(F)F)[n+]([O-])n2)cc1=O 0.06|CC[C@@H](C(=O)Nc1ccc(C(N)=O)c(F)c1O)n1cc(OC)c(-c2cc(Cl)ccc2-n2cc(C(F)(F)F)nn2)cc1=O 0.06|CC[C@@H](C(=O)Nc1ccc(C(N)=O)c(F)c1)n1cc(OC)c(-c2cc(Cl)c(O)cc2-n2cc(C(F)(F)F)nn2)cc1=O 0.06|COc1cn([C@H](C(=O)Nc2ccc(C(N)=O)c(F)c2)[C@H](C)O)c(=O)cc1-c1cc(Cl)ccc1-n1cc(C(F)(F)F)nn1 0.05|CC[C@@H](C(=O)Nc1ccc(C(N)=O)c(F)c1)n1c(O)c(OC)c(-c2cc(Cl)ccc2-n2cc(C(F)(F)F)nn2)cc1=O 0.05|CC[C@@H](C(=O)Nc1ccc(C(N)=O)c(F)c1)N1C=C(OC)C2(c3cc(Cl)ccc3-n3cc(C(F)(F)F)nn3)OC2C1=O 0.04,3,['CC[C@@H](C(=O)O)n1cc(OC)c(-c2cc(Cl)ccc2-n2cc(C(F)(F)F)nn2)cc1=O'],"['CC[C@@H](C(=O)NC1=CC=C(C(=O)O)C(F)=C1)N1C=C(OC)C(C2=CC(Cl)=CC=C2N2C=C(C(F)(F)F)N=N2)=CC1=O', 'CC[C@@H](C(=O)O)N1C=C(OC)C(C2=CC(Cl)=CC=C2N2C=C(C(F)(F)F)N=N2)=CC1=O', 'CC[C@@H](C(=O)NC1=CC=C(C(N)=O)C(O)=C1)N1C=C(OC)C(C2=CC(Cl)=CC=C2N2C=C(C(F)(F)F)N=N2)=CC1=O', 'COC1=CN([C@@H](CCO)C(=O)NC2=CC=C(C(N)=O)C(F)=C2)C(=O)C=C1C1=CC(Cl)=CC=C1N1C=C(C(F)(F)F)N=N1', 'CC[C@@H](C(=O)NC1=CC=C(C(N)=O)C(F)=C1)N1C=C(O)C(C2=CC(Cl)=CC=C2N2C=C(C(F)(F)F)N=N2)=CC1=O', 'COC1=CN([C@H](C(=O)NC2=CC=C(C(N)=O)C(F)=C2)C(C)O)C(=O)C=C1C1=CC(Cl)=CC=C1N1C=C(C(F)(F)F)N=N1', 'CC[C@@H](C(=O)NC1=CC(O)=C(C(N)=O)C(F)=C1)N1C=C(OC)C(C2=CC(Cl)=CC=C2N2C=C(C(F)(F)F)N=N2)=CC1=O', 'COC1=CNC(=O)C=C1C1=CC(Cl)=CC=C1N1C=C(C(F)(F)F)N=N1', 'CC[C@@H](C(N)=O)N1C=C(OC)C(C2=CC(Cl)=CC=C2N2C=C(C(F)(F)F)N=N2)=CC1=O', 'CC[C@@H](C(=O)NC1=CC(F)=C(C(N)=O)C=C1O)N1C=C(OC)C(C2=CC(Cl)=CC=C2N2C=C(C(F)(F)F)N=N2)=CC1=O', 'COC1=CN([C@H](C(=O)NC2=CC=C(C(N)=O)C(F)=C2)[C@@H](C)O)C(=O)C=C1C1=CC(Cl)=CC=C1N1C=C(C(F)(F)F)N=N1', 'CC[C@@H](C(=O)NC1=CC=C(C(N)=O)C=C1)N1C=C(OC)C(C2=CC(Cl)=CC=C2N2C=C(C(F)(F)F)N=N2)=CC1=O', 'CC[C@@H](C(=O)NC1=CC=C(C(N)=O)C(F)=C1O)N1C=C(OC)C(C2=CC(Cl)=CC=C2N2C=C(C(F)(F)F)N=N2)=CC1=O', 'COC1=CN([C@H](C(=O)NC2=CC=C(C(N)=O)C(F)=C2)[C@H](C)O)C(=O)C=C1C1=CC(Cl)=CC=C1N1C=C(C(F)(F)F)N=N1', 'CC[C@@H](C(=O)NC1=CC=C(C(N)=O)C(F)=C1)N1C(O)=C(OC)C(C2=CC(Cl)=CC=C2N2C=C(C(F)(F)F)N=N2)=CC1=O', 'CC[C@@H](C(=O)NC1=CC(F)=C(C(N)=O)C2OC12)N1C=C(OC)C(C2=CC(Cl)=CC=C2N2C=C(C(F)(F)F)N=N2)=CC1=O', 'COC1=CN(CC(=O)NC2=CC=C(C(N)=O)C(F)=C2)C(=O)C=C1C1=CC(Cl)=CC=C1N1C=C(C(F)(F)F)N=N1', 'CC[C@@](O)(C(=O)NC1=CC=C(C(N)=O)C(F)=C1)N1C=C(OC)C(C2=CC(Cl)=CC=C2N2C=C(C(F)(F)F)N=N2)=CC1=O', 'CC[C@@H](C(=O)NC1=CC=C(C(N)=O)C(F)=C1)N1C=C(OC)C(C2=CC(Cl)=CC=C2N2C=C(C(F)(F)F)[N+]([O-])=N2)=CC1=O', 'CC[C@@H](C(=O)NC1=CC=C(C(N)=O)C(F)=C1)N1C=C(OC)C(C2=CC(Cl)=CC=C2N2N=NC(C(F)(F)F)=C2O)=CC1=O']",2,2
3,CCCCCc1cc(O)c2c(c1)OC(C)(C)C1CCC(C)CC21,CCCCCc1cc(O)c2c(c1)OC(C)(C)C1CCC(CO)CC21 0.57|CC(O)CCCc1cc(O)c2c(c1)OC(C)(C)C1CCC(C)CC21 0.57|CCCCC(O)c1cc(O)c2c(c1)OC(C)(C)C1CCC(C)CC21 0.34|CCCCCc1cc(O)c2c(c1)OC(C)(C)C1CC(O)C(C)CC21 0.32|CCCCCc1cc(OC2O[C@H](C(=O)O)[C@@H](O)[C@H](O)[C@H]2O)c2c(c1)OC(C)(C)C1CCC(C)CC21 0.28|CCCCCc1cc(O)c2c(c1)OC(C)(C)C1CCC(C)(O)CC21 0.27|CC1CCC2C(C1)c1c(O)cc(CCCCCO)cc1OC2(C)C 0.23|CCCC(O)Cc1cc(O)c2c(c1)OC(C)(C)C1CCC(C)CC21 0.22|CCCCCc1cc2c(c(OS(=O)(=O)O)c1)C1CC(C)CCC1C(C)(C)O2 0.17|CCC(O)CCc1cc(O)c2c(c1)OC(C)(C)C1CCC(C)CC21 0.17|CCCCCc1cc(O)c2c(c1)OC(C)(C)[C@@H]1C[C@@H](O)[C@H](C)C[C@@H]21 0.10|CCCCCc1cc(O)c2c(c1)OC(C)(C)C1C(O)CC(C)CC21 0.08|CCCCCc1cc(O)c2c(c1)OC(C)(C)[C@@H]1CCC(C)(O)C[C@@H]21 0.07|CCCCCc1cc(O)c2c(c1)OC(C)(C)[C@H]1[C@H](O)C[C@H](C)C[C@@H]21 0.07|CCCCCc1cc(O)c2c(c1)OC(C)(C)C1CCC(C)C(O)C21 0.06|CC(O)CCCc1cc(O)c2c(c1)OC(C)(C)[C@@H]1CCC(C)C[C@@H]21 0.06|CCCCCc1cc(O)c2c(c1)OC(C)(C)[C@@H]1[C@H](O)C[C@H](C)C[C@@H]21 0.05|C[C@@H]1CC[C@@H]2[C@@H](C1)c1c(O)cc(CCCCCO)cc1OC2(C)C 0.04|CCCCCc1cc(O)c2c(c1)OC(C)(CO)C1CCC(C)CC21 0.04|CCCCCc1cc(O)c2c(c1O)OC(C)(C)C1CCC(C)CC21 0.03,1,['CCCCCc1cc(O)c2c(c1)OC(C)(C)C1CCC(CO)CC21'],"['CCCCCC1=CC(O)=C2C(=C1)OC(C)(C)C1CCC(CO)CC21', 'CCCCCC1=CC(O)=C2C(=C1)OC(C)(C)C1CCC(C)(O)CC21', 'CC(O)CCCC1=CC(O)=C2C(=C1)OC(C)(C)C1CCC(C)CC21', 'CCCCCC1=CC(OC2O[C@H](C(=O)O)[C@@H](O)[C@H](O)[C@H]2O)=C2C(=C1)OC(C)(C)C1CCC(C)CC21', 'CCCCCC1=CC(O)=C2C(=C1)OC(C)(C)C1CC(O)C(C)CC21', 'CC1CCC2C(C1)C1=C(O)C=C(CCCCCO)C=C1OC2(C)C', 'CCCC(O)CC1=CC(O)=C2C(=C1)OC(C)(C)C1CCC(C)CC21', 'CCC(O)CCC1=CC(O)=C2C(=C1)OC(C)(C)C1CCC(C)CC21', 'CCCCC(O)C1=CC(O)=C2C(=C1)OC(C)(C)C1CCC(C)CC21', 'CCCCCC1=CC(O)=C2C(=C1)OC(C)(C)[C@@H]1CCC(C)(O)C[C@@H]21', 'CCCCCC1=CC(O)=C2C(=C1)OC(C)(C)C1CCC(C)C(O)C21', 'CCCCCC1=CC2=C(C(OS(=O)(=O)O)=C1)C1CC(C)CCC1C(C)(C)O2', 'CCCCCC1=CC(O)=C2C(=C1)OC(C)(C)[C@@H]1C[C@@H](O)[C@H](C)C[C@@H]21', 'CCCCCC1=CC(O)=C2C(=C1)OC(C)(C)C1C(O)CC(C)CC21', 'CCCCCC1=CC(O)=C2C(=C1)OC(C)(C)[C@@H]1CCC(C)(O)C[C@H]21', 'CCCCCC1=CC(OC2OC(C(=O)O)C(O)C(O)C2O)=C2C(=C1)OC(C)(C)C1CCC(C)CC21', 'CCCCCC1=CC(O)=C2C(=C1)OC(C)(CO)C1CCC(C)CC21', 'CCCCCC1=CC(O)=C2C(=C1)OC(C)(C)[C@@H]1CC[C@@](C)(O)C[C@@H]21', 'CCCCCC1=CC(O)=C2C(=C1)OC(C)(C)[C@H]1CCC(C)(O)C[C@@H]21', 'CCCCCC1=CC(OC2OC(C(=O)O)[C@@H](O)[C@H](O)[C@H]2O)=C2C(=C1)OC(C)(C)C1CCC(C)CC21']",1,1
4,CC(=O)Nc1ccc(C)c(C(=O)N[C@H](C)c2cccc3ccccc23)c1,Cc1ccc(N)cc1C(=O)N[C@H](C)c1cccc2ccccc12 0.83|CC(=O)Nc1ccc(C)c(C(=O)N[C@H](C)c2ccc(O)c3ccccc23)c1 0.51|Cc1ccc(N)cc1C(=O)NC(C)c1cccc2ccccc12 0.27|CC(=O)Nc1ccc(CO)c(C(=O)N[C@H](C)c2cccc3ccccc23)c1 0.18|C[C@@H](N)c1cccc2ccccc12 0.15|CC(=O)Nc1cc(C(=O)N[C@H](C)c2cccc3ccccc23)c(C)cc1O 0.11|CC(=O)Nc1ccc(C)c(C(=O)N[C@@H](CO)c2cccc3ccccc23)c1 0.10|CC(=O)Nc1ccc(C)c(C(N)=O)c1 0.10|CC(=O)Nc1ccc(C)c(C(=O)N[C@H](C)c2cccc3c2C=CC2OC32)c1 0.09|CC(=O)Nc1ccc(C)c(C(=O)N[C@H](C)C2=CC3OC3c3ccccc32)c1 0.08|CC(=O)Nc1ccc(C)c(C(=O)NC(CO)c2cccc3ccccc23)c1 0.08|CC(=O)Nc1ccc(C)c(C(=O)N[C@H](C)c2cccc3c(O)cccc23)c1 0.08|CC(=O)Nc1cc(C(=O)NC(C)c2cccc3ccccc23)c(C)cc1O 0.07|CC(=O)Nc1ccc(C)c(C(=O)NC(C)c2ccc(O)c3ccccc23)c1 0.07|CC(N)c1cccc2ccccc12 0.07|CC(=O)Nc1ccc(C)c(C(=O)N[C@H](CO)c2cccc3ccccc23)c1 0.07|Cc1ccc(N)cc1C(O)=NC(C)c1cccc2ccccc12 0.06|Cc1ccc(NC(=O)CO)cc1C(=O)N[C@H](C)c1cccc2ccccc12 0.06|Cc1ccc(N)cc1C(O)=N[C@H](C)c1cccc2ccccc12 0.05|CC(=O)Nc1ccc(C)c(C(=O)N[C@H](C)c2cccc3c2C2OC2C=C3)c1 0.05,1,['Cc1ccc(N)cc1C(=O)N[C@H](C)c1cccc2ccccc12'],"['CC1=CC=C(N)C=C1C(=O)N[C@H](C)C1=CC=CC2=CC=CC=C12', 'C[C@@H](N)C1=CC=CC2=CC=CC=C12', 'CC(=O)NC1=CC=C(C)C(C(=O)N[C@H](C)C2=CC=C(O)C3=CC=CC=C23)=C1', 'CC(=O)NC1=CC=C(C)C(/C(=N/[C@H](C)C2=CC=CC3=CC=CC=C23)OC2O[C@H](C(=O)O)[C@@H](O)[C@H](O)[C@H]2O)=C1', 'CC(=O)NC1=CC=C(C)C(C(N)=O)=C1', 'CC1=CC=C(N)C=C1C(=O)NC(C)C1=CC=CC2=CC=CC=C12', 'CC(=O)NC1=CC=C(CO)C(C(=O)N[C@H](C)C2=CC=CC3=CC=CC=C23)=C1', 'CC(=O)NC1=CC=C(C)C(C(=O)N[C@H](C)C2=CC=CC3=C2C=CC2OC32)=C1', 'CC(=O)NC1=CC=C(C)C(/C(=N\\[C@H](C)C2=CC=CC3=CC=CC=C23)OC2O[C@H](C(=O)O)[C@@H](O)[C@H](O)[C@H]2O)=C1', 'CC(=O)NC1=CC(C(=O)N[C@H](C)C2=CC=CC3=CC=CC=C23)=C(C)C=C1O', 'CC(=O)NC1=CC=C(C)C(C(=O)N[C@H](C)C2=CC3OC3C3=CC=CC=C23)=C1', 'CC(=O)NC1=CC=C(C)C(C(=O)N[C@@H](CO)C2=CC=CC3=CC=CC=C23)=C1', 'CC(N)C1=CC=CC2=CC=CC=C12', 'CC1=CC=C(NC(=O)CO)C=C1C(=O)N[C@H](C)C1=CC=CC2=CC=CC=C12', 'CC1=CC=C(N)C=C1C(=O)N[C@@H](C)C1=CC=CC2=CC=CC=C12', 'CC(=O)NC1=CC(O)=C(C)C(C(=O)N[C@H](C)C2=CC=CC3=CC=CC=C23)=C1', 'CC(=O)NC1=CC=C(C)C(C(=O)N[C@H](C)C2=CC=CC3=C2C2OC2C=C3)=C1', 'CC(=O)N(O)C1=CC=C(C)C(C(=O)N[C@H](C)C2=CC=CC3=CC=CC=C23)=C1', 'CC(=O)NC1=CC(C(=O)NC(C)C2=CC=CC3=CC=CC=C23)=C(C)C=C1O', 'CC(=O)NC1=CC=C(C)C(C(=O)N[C@H](CO)C2=CC=CC3=CC=CC=C23)=C1']",1,1
5,Cc1ccc(N)cc1C(=O)N[C@H](C)c1cccc2ccccc12,CC(=O)Nc1ccc(C)c(C(=O)N[C@H](C)c2cccc3ccccc23)c1 0.61|Cc1cc(O)c(N)cc1C(=O)N[C@H](C)c1cccc2ccccc12 0.43|Cc1ccc(N)cc1C(=O)N[C@H](C)c1cccc2c1C=CC1OC21 0.43|Cc1ccc(O)cc1C(=O)N[C@H](C)c1cccc2ccccc12 0.34|Cc1ccc(N)cc1C(=O)N[C@H](C)c1ccc(O)c2ccccc12 0.32|Cc1ccc(NO)cc1C(=O)N[C@H](C)c1cccc2ccccc12 0.29|Cc1ccc(N)cc1C(=O)N[C@H](C)c1cccc2c1C1OC1C=C2 0.18|C[C@@H](NC(=O)c1cc(N)ccc1CO)c1cccc2ccccc12 0.13|C[C@@H](N)c1cccc2ccccc12 0.11|Cc1ccc(NO)cc1C(O)=N[C@H](C)c1cccc2ccccc12 0.09|Cc1ccc(NO)cc1/C(O)=N/C(C)c1cccc2ccccc12 0.07|Cc1ccc(N)cc1C(=O)N[C@H](C)c1cccc2cc(O)ccc12 0.06|C=C1C=CC(=N)C=C1C(=O)N[C@H](C)c1cccc2ccccc12 0.06|Cc1ccc(NO)cc1C(O)=NC(C)c1cccc2ccccc12 0.06|CC(=O)c1cccc2ccccc12 0.06|Cc1ccc(N)cc1C(O)N[C@H](C)c1cccc2ccccc12 0.05|Cc1ccc(N)cc1C(=O)NC(C)c1cccc2c1C=CC1OC21 0.05|Cc1ccc(N)cc1C(=O)N[C@H](C)c1cccc2c(O)cccc12 0.05|Cc1ccc(NO)cc1/C(O)=N/[C@H](C)c1cccc2ccccc12 0.05|Cc1cc(O)c(N)cc1C(O)=N[C@H](C)c1cccc2ccccc12 0.05,2,['Cc1cc(O)c(N)cc1C(=O)N[C@H](C)c1cccc2ccccc12'],"['CC(=O)NC1=CC=C(C)C(C(=O)N[C@H](C)C2=CC=CC3=CC=CC=C23)=C1', 'CC1=CC(O)=C(N)C=C1C(=O)N[C@H](C)C1=CC=CC2=CC=CC=C12', 'CC1=CC=C(O)C=C1C(=O)N[C@H](C)C1=CC=CC2=CC=CC=C12', 'CC1=CC=C(N)C=C1C(=O)N[C@H](C)C1=CC=C(O)C2=CC=CC=C12', 'CC(=O)C1=CC=CC2=CC=CC=C12', 'CC1=CC=C(NO)C=C1C(=O)N[C@H](C)C1=CC=CC2=CC=CC=C12', 'CC1=CC=C(N)C=C1C(=O)N[C@H](C)C1=CC=CC2=C1C1OC1C=C2', 'C[C@@H](NC(=O)C1=CC(N)=CC=C1CO)C1=CC=CC2=CC=CC=C12', 'C[C@@H](N)C1=CC=CC2=CC=CC=C12', 'CC1=C(O)C=C(N)C=C1C(=O)N[C@H](C)C1=CC=CC2=CC=CC=C12', 'CC1=CC=C(N)C=C1C(=O)N[C@H](C)C1=CC=CC2=CC=C(O)C=C12', 'CC1=CC=C(N)C=C1C(=O)N[C@@H](CO)C1=CC=CC2=CC=CC=C12', 'CC1=CC=C(N)C=C1C(=O)N[C@H](C)C1=CC=CC2=CC(O)=CC=C12', 'CC1=CC=C(N)C=C1C(=O)N[C@H](C)C1=CC2OC2C2=CC=CC=C12', 'CC1=CC=C(N)C(O)=C1C(=O)N[C@H](C)C1=CC=CC2=CC=CC=C12', 'C=C1C=CC(=N)C=C1C(=O)N[C@H](C)C1=CC=CC2=CC=CC=C12', 'CC1=CC=C(N)C=C1C(=O)N[C@H](C)C1=C(O)C=CC2=CC=CC=C12', 'CC1=CC=C(N)C=C1C(=O)N[C@H](C)C1=CC=CC2=C(O)C=CC=C12', 'CC1=CC=C(N)C=C1C(=O)N[C@H](C)C1=CC=CC2=C1C=CC1OC21', 'CC1=CC=C(N)C=C1C(=O)NCC1=CC=CC2=CC=CC=C12']",2,2
6,Cn1cc(Nc2nccc(N3C[C@H]4CC[C@@H](C3)N4C(=O)[C@@H]3CC3(F)F)n2)cn1,O=C([C@@H]1CC1(F)F)N1[C@H]2CC[C@@H]1CN(c1ccnc(Nc3cn[nH]c3)n1)C2 0.85|Cn1cc(Nc2nccc(N3C[C@@H]4CC[C@H](C3)N4C(=O)[C@@H]3CC3(F)F)n2)c[n+]1C1O[C@H](C(=O)O)[C@@H](O)[C@H](O)[C@H]1O 0.29|Cn1cc(Nc2ncc(O)c(N3C[C@@H]4CC[C@H](C3)N4C(=O)[C@@H]3CC3(F)F)n2)cn1 0.22|Nc1nccc(N2C[C@@H]3CC[C@H](C2)N3C(=O)[C@@H]2CC2(F)F)n1 0.19|Cn1cc(Nc2nccc(N3C[C@@H]4CC[C@H](C3)N4)n2)cn1 0.18|Cn1cc(Nc2nccc(NC[C@@H]3CC[C@H](C=O)N3C(=O)[C@@H]3CC3(F)F)n2)cn1 0.17|Cn1cc(Nc2nccc(NC[C@H]3CC[C@@H](C=O)N3C(=O)[C@@H]3CC3(F)F)n2)cn1 0.14|Cn1cc(Nc2nccc(N3C[C@@H]4CC[C@H](C3)N4C(=O)CC(F)(F)CO)n2)cn1 0.14|Cn1cc(Nc2nccc(N3C[C@@H]4CC[C@H](C3)N4C(=O)CCC(O)(F)F)n2)cn1 0.14|Cn1cc(Nc2nccc(N3C[C@@H]4CC[C@H](C3)[N+]4([O-])C(=O)[C@@H]3CC3(F)F)n2)cn1 0.13|Cn1cc(Nc2nccc(N3C[C@@H]4CC[C@H](C3)N4C(=O)[C@@H]3C(O)C3(F)F)n2)cn1 0.12|Cn1cc(Nc2nccc(N3C[C@@H]4CC[C@H](C3)N4C(=O)[C@@H]3CC3(F)F)n2)cn1 0.12|Cn1cc(Nc2nccc(N3C[C@@H]4CC[C@H](C3)N4C(=O)[C@@H]3CC3(F)F)n2)c(O)n1 0.11|Cn1cc(Nc2nccc(N3C[C@@H]4CC[C@H](C3)N4C(O)[C@@H]3CC3(F)F)n2)cn1 0.11|Cn1cc(N(O)c2nccc(N3C[C@@H]4CC[C@H](C3)N4C(=O)[C@@H]3CC3(F)F)n2)cn1 0.09|Cn1cc(Nc2nc(O)cc(N3C[C@@H]4CC[C@H](C3)N4C(=O)[C@@H]3CC3(F)F)n2)cn1 0.09|Cn1cc(Nc2nccc(N3C[C@@H]4CC[C@H](C3)N4C(=O)[C@@H]3CC3(F)F)n2)c[n+]1[O-] 0.09|Cn1cc(Nc2nccc(N3C[C@@H]4CC[C@H](C3)N4C[C@@H]3CC3(F)F)n2)cn1 0.09|Cn1cc(Nc2nccc(N3C[C@@H]4CC[C@H](C3O)N4C(=O)[C@@H]3CC3(F)F)n2)cn1 0.07|Cn1ncc(Nc2nccc(N3C[C@@H]4CC[C@H](C3)N4C(=O)[C@@H]3CC3(F)F)n2)c1O 0.07,4,['Nc1nccc(N2C[C@H]3CC[C@@H](C2)N3C(=O)[C@@H]2CC2(F)F)n1'],"['O=C([C@@H]1CC1(F)F)N1[C@H]2CC[C@@H]1CN(C1=CC=NC(NC3=CNN=C3)=N1)C2', 'CN1C=C(NC2=NC=CC(N3C[C@@H]4CC[C@H](C3)N4C(=O)[C@@H]3CC3(F)F)=N2)C=[N+]1C1O[C@H](C(=O)O)[C@@H](O)[C@H](O)[C@H]1O', 'CN1C=C(NC2=NC=C(O)C(N3C[C@@H]4CC[C@H](C3)N4C(=O)[C@@H]3CC3(F)F)=N2)C=N1', 'CN1C=C(NC2=NC=CC(N3C[C@@H]4CC[C@H](C3)N4)=N2)C=N1', 'NC1=NC=CC(N2C[C@@H]3CC[C@H](C2)N3C(=O)[C@@H]2CC2(F)F)=N1', 'CN1C=C(NC2=NC=CC(N3C[C@@H]4CC[C@H](C3)N4C(=O)[C@@H]3C(O)C3(F)F)=N2)C=N1', 'CN1C=C(NC2=NC=CC(NC[C@@H]3CC[C@H](C=O)N3C(=O)[C@@H]3CC3(F)F)=N2)C=N1', 'CN1C=C(NC2=NC=CC(NC[C@H]3CC[C@@H](C=O)N3C(=O)[C@@H]3CC3(F)F)=N2)C=N1', 'CN1C=C(NC2=NC=CC(N3C[C@@H]4CC[C@H](C3)N4C(=O)CC(F)(F)CO)=N2)C=N1', 'CN1C=C(NC2=NC=CC(N3C[C@@H]4CC[C@H](C3)N4C(=O)[C@@H]3CC3(F)F)=N2)C=N1', 'CN1C=C(NC2=NC=CC(N3C[C@@H]4CC(O)[C@@H](C3)N4C(=O)[C@@H]3CC3(F)F)=N2)C=N1', 'CN1C=C(NC2=NC=CC(N3C[C@@H]4CC[C@H](C3)[N+]4([O-])C(=O)[C@@H]3CC3(F)F)=N2)C=N1', 'CN1C=C(NC2=NC(O)=CC(N3C[C@@H]4CC[C@H](C3)N4C(=O)[C@@H]3CC3(F)F)=N2)C=N1', 'CN1C=C(NC2=NC=CC(N3C[C@@H]4CC[C@H](C3)N4C(=O)CC(F)(F)C=O)=N2)C=N1', 'CN1C=C(NC2=NC=CC(N3C[C@@H]4CC[C@H](C3)N4C(=O)[C@@H]3CC3(F)F)=N2)C(O)=N1', 'CN1C=C(NC2=NC=CC(N3C[C@@H]4CC[C@H](C3)N4C(=O)[C@@H]3[C@@H](O)C3(F)F)=N2)C=N1', 'O=C([C@@H]1CC1(F)F)N1[C@H]2CC[C@@H]1CN(C1=CC=NC(O)=N1)C2', 'CN1C=C(NC2=NC=CC(N3C[C@H]4C(O)C[C@H](C3)N4C(=O)[C@@H]3CC3(F)F)=N2)C=N1', 'CN1C=C(NC2=NC=CC(N3C[C@H]4CC[C@@H](C3O)N4C(=O)[C@@H]3CC3(F)F)=N2)C=N1', 'CN1C=C(NC2=NC=CC(N3C[C@@H]4CC[C@H](C3O)N4C(=O)[C@@H]3CC3(F)F)=N2)C=N1']",5,5
7,C=CC(=O)Nc1cc(Nc2ncc(C(=O)OC(C)C)c(-c3cn(C)c4ccccc34)n2)c(OC)cc1N(C)CCN(C)C,C=CC(=O)Nc1cc(Nc2ncc(C(=O)OC(C)C)c(-c3c[nH]c4ccccc34)n2)c(OC)cc1N(C)CCN(C)C 0.50|C=CC(=O)Nc1cc(Nc2ncc(C(=O)OC(C)C)c(-c3cn(C)c4ccccc34)n2)c(OC)cc1N(C)CCNC 0.46|C=CC(=O)Nc1cc(Nc2ncc(C(=O)O)c(-c3cn(C)c4ccccc34)n2)c(OC)cc1N(C)CCN(C)C 0.39|C=CC(=O)Nc1cc(Nc2ncc(C(=O)OC(C)C)c(-c3cn(C)c4ccccc34)n2)c(OC)cc1NC 0.35|C=CC(=O)Nc1cc(O)c(OC)cc1N(C)CCN(C)C 0.21|COc1cc(N(C)CCN(C)C)c(N)cc1Nc1ncc(C(=O)OC(C)C)c(-c2cn(C)c3ccccc23)n1 0.18|C=CC(=O)Nc1cc(Nc2ncc(C(=O)OC(C)C)c(-c3cn(C)c4ccccc34)n2)c(OC)cc1NCCN(C)C 0.14|CC(C)OC(=O)c1cnc(N)nc1-c1cn(C)c2ccccc12 0.14|C=CC(=O)Nc1cc(Nc2ncc(C(=O)OC(C)C)c(-c3cn(C)c4ccccc34)n2)c(OC)cc1N(C)CC=O 0.10|C=CC(=O)Nc1cc(Nc2ncc(C(=O)OC(C)C)c(-c3cn(C)c4ccccc34)n2)c(O)cc1N(C)CCN(C)C 0.10|C=CC(=O)Nc1cc(Nc2ncc(C(=O)OC(C)C)c(-c3cn(C)c4ccccc34)n2)c(OC)cc1N(C)CC[N+](C)(C)[O-] 0.09|C=CC(=O)Nc1cc(Nc2ncc(C(=O)OC(C)CO)c(-c3cn(C)c4ccccc34)n2)c(OC)cc1N(C)CCN(C)C 0.09|C=CC(=O)Nc1cc(N)c(OC)cc1N(C)CCN(C)C 0.04|C=CC(=O)Nc1cc(Nc2ncc(C(=O)OC(C)C)c(-c3cn(C)c4ccc(O)cc34)n2)c(OC)cc1N(C)CCN(C)C 0.04|C=CC(=O)Nc1cc(Nc2ncc(C(=O)OC(C)C)c(-c3cn(C)c4ccccc34)n2)c(OC)cc1N(C)C(O)CN(C)C 0.04|C=CC(=O)Nc1cc(Nc2ncc(C(=O)OC(C)C)c(-c3cn(C)c4ccccc34)n2)c(OC)cc1N(C)CCO 0.02|C=CC(=O)Nc1cc(Nc2ncc(C(=O)OC(C)C)c(-c3cn(C)c4ccccc34)n2)c(OC)cc1N(C)CC(O)N(C)C 0.01|C=CC(=O)Nc1cc(Nc2ncc(C(O)OC(C)C)c(-c3cn(C)c4ccccc34)n2)c(OC)cc1N(C)CCN(C)C 0.01|C=CC(=O)Nc1cc(Nc2ncc(C(=O)OC(C)C)c(-c3cn(C)c4ccccc34)n2)c(OC)cc1N(C)CCN(C)C 0.00|CC(C)OC(=O)c1cnc(O)nc1-c1cn(C)c2ccccc12 0.00,2,['C=CC(=O)Nc1cc(Nc2ncc(C(=O)OC(C)C)c(-c3cn(C)c4ccccc34)n2)c(OC)cc1N(C)CCNC'],"['C=CC(=O)NC1=CC(NC2=NC=C(C(=O)OC(C)C)C(C3=CNC4=CC=CC=C34)=N2)=C(OC)C=C1N(C)CCN(C)C', 'C=CC(=O)NC1=CC(O)=C(OC)C=C1N(C)CCN(C)C', 'C=CC(=O)NC1=CC(NC2=NC=C(C(=O)OC(C)C)C(C3=CN(C)C4=CC=CC=C34)=N2)=C(OC)C=C1N(C)CCNC', 'C=CC(=O)NC1=CC(NC2=NC=C(C(=O)O)C(C3=CN(C)C4=CC=CC=C34)=N2)=C(OC)C=C1N(C)CCN(C)C', 'COC1=CC(N(C)CCN(C)C)=C(N)C=C1NC1=NC=C(C(=O)OC(C)C)C(C2=CN(C)C3=CC=CC=C23)=N1', 'C=CC(=O)NC1=CC(NC2=NC=C(C(=O)OC(C)C)C(C3=CN(C)C4=CC=CC=C34)=N2)=C(OC)C=C1NC', 'C=CC(=O)NC1=CC(NC2=NC=C(C(=O)OC(C)C)C(C3=CN(C)C4=CC=CC=C34)=N2)=C(OC)C=C1NCCN(C)C', 'C=CC(=O)NC1=CC(NC2=NC=C(C(=O)OC(C)C)C(C3=CN(C)C4=CC=CC=C34)=N2)=C(OC)C=C1N(C)CC[N+](C)(C)[O-]', 'C=CC(=O)NC1=CC(NC2=NC=C(C(=O)OC(C)CO)C(C3=CN(C)C4=CC=CC=C34)=N2)=C(OC)C=C1N(C)CCN(C)C', 'CC(C)OC(=O)C1=CN=C(N)N=C1C1=CN(C)C2=CC=CC=C12', 'C=CC(=O)NC1=CC(NC2=NC=C(C(=O)OC(C)C)C(C3=CN(C)C4=CC=CC=C34)=N2)=C(O)C=C1N(C)CCN(C)C', 'C=CC(=O)NC1=CC(NC2=NC=C(C(=O)OC(C)C)C(C3=CN(C)C4=CC=CC=C34)=N2)=C(OC)C=C1N(C)CC=O', 'C=CC(=O)NC1=CC(NC2=NC=C(C(=O)OC(C)C)C(C3=CN(C)C4=CC=CC=C34)=N2)=C(OC)C=C1O', 'C=CC(=O)NC1=CC(NC2=NC=C(C(=O)OC(C)C)C(C3=CN(C)C4=CC=CC=C34)=N2)=C(OC)C=C1N(C)CCO', 'C=CC(=O)NC1=CC(NC2=NC=C(C(=O)OC(C)C)C(C3=CN(C)C4=CC=CC=C34)=N2)=C(OC)C=C1N(C)C(O)CN(C)C', 'C=CC(=O)NC1=CC(N)=C(OC)C=C1N(C)CCN(C)C', 'C=CC(=O)NC1=CC(NC2=NC=C(C(=O)OC(C)C)C(C3=CN(C)C4=CC=CC=C34)=N2)=C(OC)C=C1N(CO)CCN(C)C', 'C=CC(=O)NC1=CC(NC2=NC=C(C(=O)OC(C)C)C(C3=CN(C)C4=CC=CC=C34)=N2)=C(OC)C=C1N(C)CC(O)N(C)C', 'C=CC(=O)NC1=CC(NC2=NC=C(C(=O)OC(C)C)C(C3=CN=C4C=CC=CC34)=N2)=C(OC)C=C1N(C)CCN(C)C', 'COC1=CC(N(C)CCN(C)C)=C(NC=O)C=C1NC1=NC=C(C(=O)OC(C)C)C(C2=CN(C)C3=CC=CC=C23)=N1']",3,3
8,Cc1ccc([C@@H]2O[C@H](CO)[C@@H](O)[C@H](O)[C@H]2O)cc1Cc1ccc(-c2ccc(F)cc2)s1,OCc1ccc([C@@H]2O[C@H](CO)[C@@H](O)[C@H](O)[C@H]2O)cc1Cc1ccc(-c2ccc(F)cc2)s1 0.87|Cc1ccc([C@@H]2O[C@H](CO)[C@@H](O)[C@H](O)[C@H]2O)cc1C(O)c1ccc(-c2ccc(F)cc2)s1 0.37|Cc1ccc([C@@H]2O[C@H](CO)[C@@H](O)[C@H](OC3O[C@H](C(=O)O)[C@@H](O)[C@H](O)[C@H]3O)[C@H]2O)cc1Cc1ccc(-c2ccc(F)cc2)s1 0.28|Cc1cc(O)c([C@@H]2O[C@H](CO)[C@@H](O)[C@H](O)[C@H]2O)cc1Cc1ccc(-c2ccc(F)cc2)s1 0.24|Cc1c(O)cc([C@@H]2O[C@H](CO)[C@@H](O)[C@H](O)[C@H]2O)cc1Cc1ccc(-c2ccc(F)cc2)s1 0.23|Cc1ccc([C@@H]2OC(C=O)[C@@H](O)[C@H](O)[C@H]2O)cc1Cc1ccc(-c2ccc(F)cc2)s1 0.16|Cc1ccc([C@@H]2O[C@H](CO)[C@@H](O)[C@H](O)[C@H]2O)cc1CC1=CC=C(c2ccc(F)cc2)S1=O 0.14|Cc1ccc([C@@H]2O[C@H](C=O)[C@@H](O)[C@H](O)[C@H]2O)cc1Cc1ccc(-c2ccc(F)cc2)s1 0.14|Cc1ccc([C@@H]2O[C@H](CO)[C@@H](O)[C@H](O)[C@H]2O)c(O)c1Cc1ccc(-c2ccc(F)cc2)s1 0.13|Cc1ccc([C@@H]2O[C@H](CO)[C@@H](O)[C@H](O)[C@H]2O)cc1Cc1sc(-c2ccc(F)cc2)cc1O 0.11|Cc1ccc([C@@H]2O[C@H](CO)[C@@H](O)[C@H](O)[C@H]2O)cc1Cc1cc(O)c(-c2ccc(F)cc2)s1 0.10|Cc1ccc([C@@H]2O[C@H](C(=O)O)[C@@H](O)[C@H](O)[C@H]2O)cc1Cc1ccc(-c2ccc(F)cc2)s1 0.09|Cc1ccc([C@@H]2O[C@H](COC3O[C@H](C(=O)O)[C@@H](O)[C@H](O)[C@H]3O)[C@@H](O)[C@H](O)[C@H]2O)cc1Cc1ccc(-c2ccc(F)cc2)s1 0.09|Cc1ccccc1Cc1ccc(-c2ccc(F)cc2)s1 0.09|Cc1ccc([C@@H]2O[C@@H](C=O)[C@@H](O)[C@H](O)[C@H]2O)cc1Cc1ccc(-c2ccc(F)cc2)s1 0.07|Cc1ccc([C@@H]2OC(C(=O)O)[C@@H](O)[C@H](O)[C@H]2O)cc1Cc1ccc(-c2ccc(F)cc2)s1 0.07|Cc1ccc([C@@H]2O[C@H](CO)[C@@H](O)[C@H](O)[C@H]2OC2O[C@H](C(=O)O)[C@@H](O)[C@H](O)[C@H]2O)cc1Cc1ccc(-c2ccc(F)cc2)s1 0.07|Cc1ccc(O)cc1Cc1ccc(-c2ccc(F)cc2)s1 0.05|Cc1ccc([C@@H]2O[C@H](CO)[C@@H](O)[C@H](O)[C@H]2O)cc1[C@@H](O)c1ccc(-c2ccc(F)cc2)s1 0.05|Cc1ccc(C(=O)[C@H](O)[C@H](O)[C@@H](O)[C@H](O)CO)cc1Cc1ccc(-c2ccc(F)cc2)s1 0.05,3,['Cc1ccc([C@@H]2O[C@H](CO)[C@@H](O)[C@H](OC3O[C@H](C(=O)O)[C@@H](O)[C@H](O)[C@H]3O)[C@H]2O)cc1Cc1ccc(-c2ccc(F)cc2)s1'],"['OCC1=CC=C([C@@H]2O[C@H](CO)[C@@H](O)[C@H](O)[C@H]2O)C=C1CC1=CC=C(C2=CC=C(F)C=C2)S1', 'CC1=CC=C([C@@H]2O[C@H](CO)[C@@H](O)[C@H](O)[C@H]2O)C=C1C(O)C1=CC=C(C2=CC=C(F)C=C2)S1', 'CC1=C(O)C=C([C@@H]2O[C@H](CO)[C@@H](O)[C@H](O)[C@H]2O)C=C1CC1=CC=C(C2=CC=C(F)C=C2)S1', 'CC1=CC=CC=C1CC1=CC=C(C2=CC=C(F)C=C2)S1', 'CC1=CC(O)=C([C@@H]2O[C@H](CO)[C@@H](O)[C@H](O)[C@H]2O)C=C1CC1=CC=C(C2=CC=C(F)C=C2)S1', 'CC1=CC=C([C@@H]2OC(C=O)[C@@H](O)[C@H](O)[C@H]2O)C=C1CC1=CC=C(C2=CC=C(F)C=C2)S1', 'CC1=CC=C([C@@H]2O[C@H](CO)[C@@H](O)[C@H](O)[C@H]2O)C=C1CC1=CC=C(C2=CC=C(F)C=C2)S1=O', 'CC1=CC=C([C@@H]2O[C@H](CO)[C@@H](O)[C@H](O)[C@H]2O)C=C1CC1=C(O)C=C(C2=CC=C(F)C=C2)S1', 'CC1=CC=C([C@@H]2O[C@H](CO)[C@@H](O)[C@H](O)[C@H]2O)C(O)=C1CC1=CC=C(C2=CC=C(F)C=C2)S1', 'CC1=CC=C([C@@H]2O[C@H](C(=O)O)[C@@H](O)[C@H](O)[C@H]2O)C=C1CC1=CC=C(C2=CC=C(F)C=C2)S1', 'CC1=CC=C([C@@H]2O[C@H](C=O)[C@@H](O)[C@H](O)[C@H]2O)C=C1CC1=CC=C(C2=CC=C(F)C=C2)S1', 'OCC1=CC=C(C2O[C@H](CO)[C@@H](O)[C@H](O)[C@H]2O)C=C1CC1=CC=C(C2=CC=C(F)C=C2)S1', 'CC1=CC=C([C@@H]2O[C@H](CO)[C@@H](O)[C@H](O)[C@H]2O)C=C1CC1=CC(O)=C(C2=CC=C(F)C=C2)S1', 'CC1=CC=C([C@@H]2OC(C(=O)O)[C@@H](O)[C@H](O)[C@H]2O)C=C1CC1=CC=C(C2=CC=C(F)C=C2)S1', 'CC1=C(CC2=CC=C(C3=CC=C(F)C=C3)S2)C=C([C@@H]2O[C@H](CO)[C@@H](O)[C@H](O)[C@H]2O)C2OC12', 'CC1=CC=C([C@@H]2O[C@H](CO)[C@@H](O)[C@H](OC3OC(C(=O)O)C(O)C(O)C3O)[C@H]2O)C=C1CC1=CC=C(C2=CC=C(F)C=C2)S1', 'OCC1=CC=C([C@@H]2O[C@H](CO)[C@@H](O)[C@@H](O)[C@H]2O)C=C1CC1=CC=C(C2=CC=C(F)C=C2)S1', 'OCC1=CC=C([C@@H]2O[C@H](CO)[C@@H](O)[C@H](O)C2O)C=C1CC1=CC=C(C2=CC=C(F)C=C2)S1', 'OCC1=CC=C(C2OC(CO)C(O)C(O)[C@H]2O)C=C1CC1=CC=C(C2=CC=C(F)C=C2)S1', 'CC1=C(O)C=C(C2O[C@H](CO)[C@@H](O)[C@H](O)[C@H]2O)C=C1CC1=CC=C(C2=CC=C(F)C=C2)S1']",0,0
10,O=C(Nc1ccc(OC(F)(F)F)cc1)c1sccc1NCc1ccnc2ccccc12,Nc1ccsc1C(=O)Nc1ccc(OC(F)(F)F)cc1 0.73|O=C(Nc1ccc(OC(F)(F)F)cc1)c1sccc1NCc1cc(=O)[nH]c2ccccc12 0.56|O=C(Nc1ccc(OC(F)(F)F)cc1)c1sc(O)cc1NCc1ccnc2ccccc12 0.32|O=C(Nc1ccc(OC(F)(F)F)cc1)c1sccc1NCc1cc[n+]([O-])c2ccccc12 0.28|O=C(Nc1ccc(O)cc1)c1sccc1NCc1ccnc2ccccc12 0.21|O=C(Nc1ccc(OC(F)(F)F)c(O)c1)c1sccc1NCc1ccnc2ccccc12 0.16|O=C(Nc1ccc(OC(F)(F)F)cc1)c1sccc1NCc1ccnc2ccc(O)cc12 0.14|O=C(Nc1ccc(OC(F)(F)F)cc1)c1sccc1NCc1ccnc2c1C=CC1OC21 0.14|O=C(Nc1ccc(OC(F)(F)F)cc1O)c1sccc1NCc1ccnc2ccccc12 0.14|O=C(Nc1ccc(OC(F)(F)F)cc1)C1=C(NCc2ccnc3ccccc23)C=CS1=O 0.12|O=C(Nc1ccc(OC(F)(F)F)cc1)c1sccc1NCc1c(O)cnc2ccccc12 0.09|O=C(Nc1ccc(OC(F)(F)F)cc1)c1scc(O)c1NCc1ccnc2ccccc12 0.07|O=C(Nc1ccc(OC(F)(F)F)cc1)c1sccc1NCc1ccnc2cc(O)ccc12 0.07|O=C(O)c1sccc1NCc1ccnc2ccccc12 0.06|O=C(Nc1ccc(OC(F)(F)F)cc1)c1sccc1NC(O)c1ccnc2ccccc12 0.06|O=C(Nc1ccc(OC(F)(F)F)cc1)c1sccc1NCc1cc(O)nc2ccccc12 0.05|O=C(Nc1ccc(OC(F)(F)F)cc1)c1c(NCc2ccnc3ccccc23)cc[s+]1O 0.04|O=C(Nc1ccc(OC(F)(F)F)cc1)C12OC1(NCc1ccnc3ccccc13)C=CS2 0.04|O=C(Nc1ccc(OC(F)(F)F)cc1)c1sccc1NCc1ccnc2c1C1OC1C=C2 0.04|O=C1CC(NCc2ccnc3ccccc23)=C(C(=O)Nc2ccc(OC(F)(F)F)cc2)S1 0.04,2,['O=C(Nc1ccc(OC(F)(F)F)cc1)c1sccc1NCc1cc(=O)[nH]c2ccccc12'],"['NC1=C(C(=O)NC2=CC=C(OC(F)(F)F)C=C2)SC=C1', 'O=C(NC1=CC=C(O)C=C1)C1=C(NCC2=CC=NC3=CC=CC=C23)C=CS1', 'O=C(NC1=CC=C(OC(F)(F)F)C=C1)C1=C(NCC2=CC=[N+]([O-])C3=CC=CC=C23)C=CS1', 'O=C(NC1=CC=C(OC(F)(F)F)C=C1)C1=C(NCC2=CC(O)=NC3=CC=CC=C23)C=CS1', 'O=C(NC1=CC=C(OC(F)(F)F)C=C1)C1=C(NCC2=CC(=O)NC3=CC=CC=C23)C=CS1', 'O=C(NC1=CC=C(OC(F)(F)F)C(O)=C1)C1=C(NCC2=CC=NC3=CC=CC=C23)C=CS1', 'O=C(NC1=CC=C(OC(F)(F)F)C=C1)C1=C(NCC2=CC=NC3=CC=CC=C23)C=C(O)S1', 'O=C(NC1=CC=C(OC(F)(F)F)C=C1O)C1=C(NCC2=CC=NC3=CC=CC=C23)C=CS1', 'O=C(NC1=CC=C(OC(F)(F)F)C=C1)C1=C(NCC2=CC=NC3=CC=C(O)C=C23)C=CS1', 'O=C(NC1=CC=C(OC(F)(F)F)C=C1)C1=C(NCC2=CC=NC3=CC=CC=C23)C(O)=CS1', 'O=C(NC1=CC=C(OC(F)(F)F)C=C1)C1=C(NCC2=CC=NC3=CC=CC=C23)C=CS1=O', 'O=C(NC1=CC=C(OC(F)(F)F)C=C1)C1=C(NCC2=C3C=CC=CC3=NC3OC23)C=CS1', 'O=C(NC1=CC=C(OC(F)(F)F)C=C1)C1=C(NCC2=CC=NC3=CC=CC=C23)C2OC2S1', 'O=C(O)C1=C(NCC2=CC=NC3=CC=CC=C23)C=CS1', 'O=C(NC1=CC=C(OC(F)(F)F)C=C1)C1=C(NCC2=C(O)C=NC3=CC=CC=C23)C=CS1', 'O=C(NC1=CC=C(OC(F)(F)F)C=C1)C1=C(NCC2=CC=NC3=C2C=CC2OC32)C=CS1', 'O=C(NC1=CC=C(OC(F)(F)F)C=C1)C1=C(NCC2=CC=NC3=CC(O)=CC=C23)C=CS1', 'O=C(NC1=CC=C(OC(F)(F)F)C=C1)C1=C(NC(O)C2=CC=NC3=CC=CC=C23)C=CS1', 'O=C1CC(NCC2=CC=NC3=CC=CC=C23)=C(C(=O)NC2=CC=C(OC(F)(F)F)C=C2)S1', 'O=C(NC1=CC=C(OC(F)(F)F)C=C1)C1=C(NCC2=CC=NC3=CC=CC(O)=C23)C=CS1']",5,5
11,NC1(C(=O)N[C@@H](CCO)c2ccc(Cl)cc2)CCN(c2ncnc3[nH]ccc23)CC1,NC1(C(=O)N[C@@H](CCOC2O[C@H](C(=O)O)[C@@H](O)[C@H](O)[C@H]2O)c2ccc(Cl)cc2)CCN(c2ncnc3[nH]ccc23)CC1 0.70|NC1(C(=O)N[C@@H](CCO)c2ccc(Cl)cc2)CCN(c2ncnc3c2CC(=O)N3)CC1 0.55|NC1(C(=O)N[C@@H](CC=O)c2ccc(Cl)cc2)CCN(c2ncnc3[nH]ccc23)CC1 0.44|NC(=O)C1(N)CCN(c2ncnc3[nH]ccc23)CC1 0.22|NC1(C(=O)N[C@@H](CCO)c2ccc(Cl)cc2)CCN(c2ncnc3[nH]c(O)cc23)CC1 0.19|NC1(C(=O)N[C@@H](CCOC2OC(C(=O)O)[C@@H](O)[C@H](O)[C@H]2O)c2ccc(Cl)cc2)CCN(c2ncnc3[nH]ccc23)CC1 0.19|NC1(C(=O)N[C@@H](CCO)c2ccc(Cl)cc2O)CCN(c2ncnc3[nH]ccc23)CC1 0.19|NC1(C(=O)N[C@@H](CCO)c2ccc(Cl)cc2)CCN(c2ncnc3c2C2OC2N3)CC1 0.13|NC1(C(=O)N[C@@H](CCO)c2ccc(Cl)cc2)CCN(c2nc(O)nc3[nH]ccc23)CC1 0.12|NC1(C(=O)N[C@@H](CCO)c2ccc(Cl)cc2)CCN(c2ncnc3[nH]cc(O)c23)CC1 0.11|NC1(C(=O)N[C@@H](CCOS(=O)(=O)O)c2ccc(Cl)cc2)CCN(c2ncnc3[nH]ccc23)CC1 0.10|CC(=O)NC1(C(=O)N[C@@H](CCO)c2ccc(Cl)cc2)CCN(c2ncnc3[nH]ccc23)CC1 0.09|NC1(C(=O)N[C@@H](CCO)c2ccc(Cl)cc2)CCN(c2ncnc3[nH]ccc23)C(O)C1 0.08|NC1(C(=O)N(C2O[C@H](C(=O)O)[C@@H](O)[C@H](O)[C@H]2O)[C@@H](CCO)c2ccc(Cl)cc2)CCN(c2ncnc3[nH]ccc23)CC1 0.06|NC1(C(=O)O)CCN(c2ncnc3[nH]ccc23)CC1 0.06|O=C(N[C@@H](CCO)c1ccc(Cl)cc1)C1(NS(=O)(=O)O)CCN(c2ncnc3[nH]ccc23)CC1 0.06|NC1(C(=O)N[C@@H](CCO)c2ccc(Cl)c(O)c2)CCN(c2ncnc3[nH]ccc23)CC1 0.06|NC1(C(=O)N[C@@H](CC(=O)O)c2ccc(Cl)cc2)CCN(c2ncnc3[nH]ccc23)CC1 0.04|NC1(C(=O)N[C@@H](CCO[PH](=O)(=O)O[PH](=O)(=O)O[PH](=O)(=O)O)c2ccc(Cl)cc2)CCN(c2ncnc3[nH]ccc23)CC1 0.03|O=C(N[C@@H](CCO)c1ccc(Cl)cc1)C1(NO)CCN(c2ncnc3[nH]ccc23)CC1 0.03,1,['NC1(C(=O)N[C@@H](CCOC2O[C@H](C(=O)O)[C@@H](O)[C@H](O)[C@H]2O)c2ccc(Cl)cc2)CCN(c2ncnc3[nH]ccc23)CC1'],"['NC1(C(=O)N[C@@H](CCO)C2=CC=C(Cl)C=C2)CCN(C2=NC=NC3=C2CC(=O)N3)CC1', 'NC1(C(=O)N[C@@H](CCOC2O[C@H](C(=O)O)[C@@H](O)[C@H](O)[C@H]2O)C2=CC=C(Cl)C=C2)CCN(C2=NC=NC3=C2C=CN3)CC1', 'NC1(C(=O)N[C@@H](CC=O)C2=CC=C(Cl)C=C2)CCN(C2=NC=NC3=C2C=CN3)CC1', 'NC1(C(=O)N[C@@H](CCOC2OC(C(=O)O)[C@@H](O)[C@H](O)[C@H]2O)C2=CC=C(Cl)C=C2)CCN(C2=NC=NC3=C2C=CN3)CC1', 'NC1(C(=O)N[C@@H](CCO)C2=CC=C(Cl)C=C2)CCN(C2=NC=NC3=C2C2OC2N3)CC1', 'NC1(C(=O)N[C@@H](CCO)C2=CC=C(Cl)C=C2)CCN(C2=NC=NC3=C2C=C(O)N3)CC1', 'NC1(C(=O)N[C@@H](CCO)C2=CC=C(Cl)C=C2O)CCN(C2=NC=NC3=C2C=CN3)CC1', 'NC1(C(=O)N[C@@H](CCOS(=O)(=O)O)C2=CC=C(Cl)C=C2)CCN(C2=NC=NC3=C2C=CN3)CC1', 'CC(=O)NC1(C(=O)N[C@@H](CCO)C2=CC=C(Cl)C=C2)CCN(C2=NC=NC3=C2C=CN3)CC1', 'NC1(C(=O)N[C@@H](CCO)C2=CC=C(Cl)C=C2)CCN(C2=NC(O)=NC3=C2C=CN3)CC1', 'NC(=O)C1(N)CCN(C2=NC=NC3=C2C=CN3)CC1', 'NC1(C(=O)N[C@@H](CCOP(=O)(O)O)C2=CC=C(Cl)C=C2)CCN(C2=NC=NC3=C2C=CN3)CC1', 'NC1(C(=O)N[C@@H](CCO)C2=CC=C(Cl)C=C2)CCN(C2=NC=NC3=C2C(O)=CN3)CC1', 'NC1(C(=O)N[C@@H](CCO)C2=CC=C(Cl)C=C2)CCN(C2=NC=NC3=C2C=CN3)C(O)C1', 'NC1(C(=O)N[C@H](CCO)C2=CC=C(Cl)C=C2)CCN(C2=NC=NC3=C2CC(=O)N3)CC1', 'NC1(C(=O)N[C@@H](CCO)C2=CC=C(Cl)C=C2)CCN(C2=NC=NC3=C2C=CN3C2OC(C(=O)O)[C@@H](O)[C@H](O)[C@H]2O)CC1', 'NC1(C(=O)N[C@@H](CCO)C2=CC=C(Cl)C=C2)CCN(C2=NC=NC3=C2C=CN3C2O[C@H](C(=O)O)[C@@H](O)[C@H](O)[C@H]2O)CC1', 'NC1(C(=O)N[C@@H](C2=CC=C(Cl)C=C2)C(O)CO)CCN(C2=NC=NC3=C2C=CN3)CC1', 'NC1(C(=O)NC(CCO)C2=CC=C(Cl)C=C2)CCN(C2=NC=NC3=C2CC(=O)N3)CC1', 'NC1(C(=O)N[C@@H](CCO)C2=CC=C(Cl)C=C2)CCN(C2=NC=NC3=C2C=CN3)CC1O']",2,2
12,CCOc1ccc(NC(=S)N(CCO)Cc2cc3cc(C)cc(C)c3[nH]c2=O)cc1,CCOc1ccc(NC(=O)N(CCO)Cc2cc3cc(C)cc(C)c3[nH]c2=O)cc1 0.53|CCOc1ccc(NC(=S)NCc2cc3cc(C)cc(C)c3[nH]c2=O)cc1 0.46|CCOc1ccc(NC(=S)N(CCO)Cc2cc3cc(CO)cc(C)c3[nH]c2=O)cc1 0.46|CCOc1ccc(NC(=S)N(CC=O)Cc2cc3cc(C)cc(C)c3[nH]c2=O)cc1 0.42|Cc1cc(C)c2[nH]c(=O)c(CN(CCO)C(=S)Nc3ccc(O)cc3)cc2c1 0.37|CCOc1ccc(/N=C(/SO)N(CCO)Cc2cc3cc(C)cc(C)c3[nH]c2=O)cc1 0.26|CCOc1ccc(NC(=S)N(CCO)Cc2cc3cc(C)cc(CO)c3[nH]c2=O)cc1 0.17|CCOc1ccc(NC(=S=O)N(CCO)Cc2cc3cc(C)cc(C)c3[nH]c2=O)cc1 0.16|CCOc1ccc(NC(=S)N(C)Cc2cc3cc(C)cc(C)c3[nH]c2=O)cc1 0.13|Cc1cc(C)c2[nH]c(=O)c(CNCCO)cc2c1 0.12|CCOc1ccc(NC(=S)NCCO)cc1 0.12|CCOc1ccc(NC(=S)N(CCOS(=O)(=O)O)Cc2cc3cc(C)cc(C)c3[nH]c2=O)cc1 0.12|CCOc1ccc(NC(=S)N(CCO)Cc2cc3cc(C)c(O)c(C)c3[nH]c2=O)cc1 0.09|C=CN(Cc1cc2cc(C)cc(C)c2[nH]c1=O)C(=S)Nc1ccc(OCC)cc1 0.08|CCOc1ccc(/N=C(\SO)N(CCO)Cc2cc3cc(C)cc(C)c3[nH]c2=O)cc1 0.08|CCOc1ccc(NC(=S)N(CCO)Cc2cc3c(O)c(C)cc(C)c3[nH]c2=O)cc1 0.06|CCOc1ccc(/N=C(/SC)N(CCO)Cc2cc3cc(C)cc(C)c3[nH]c2=O)cc1 0.05|CCOc1ccc(NC(S)=NCc2cc3cc(C)cc(C)c3[nH]c2=O)cc1 0.04|CCOc1ccc(N=C(SO)N(CCO)Cc2cc3cc(C)cc(C)c3[nH]c2=O)cc1 0.04|CCOc1ccc(NC(S)N(CCO)Cc2cc3cc(C)cc(C)c3[nH]c2=O)cc1 0.04,CC1=CC(C)=C2NC(C(CN3CCOC3=N)=CC2=C1)=O,['Cc1cc(C)c2[nH]c(=O)c(CN3CCOC3=N)cc2c1'],"['CC1=CC(C)=C2NC(=O)C(CN(CCO)C(=S)NC3=CC=C(O)C=C3)=CC2=C1', 'CCOC1=CC=C(NC(=S)NCC2=CC3=CC(C)=CC(C)=C3NC2=O)C=C1', 'CCOC1=CC=C(NC(=S)N(CCO)CC2=CC3=CC(CO)=CC(C)=C3NC2=O)C=C1', 'CCOC1=CC=C(NC(=O)N(CCO)CC2=CC3=CC(C)=CC(C)=C3NC2=O)C=C1', 'CCOC1=CC=C(NC(=S)N(CC=O)CC2=CC3=CC(C)=CC(C)=C3NC2=O)C=C1', 'CCOC1=CC=C(/N=C(/SO)N(CCO)CC2=CC3=CC(C)=CC(C)=C3NC2=O)C=C1', 'CCOC1=CC=C(NC(=S)N(CCOC2O[C@H](C(=O)O)[C@@H](O)[C@H](O)[C@H]2O)CC2=CC3=CC(C)=CC(C)=C3NC2=O)C=C1', 'CCOC1=CC=C(NC(=S)N(CCO)CC2=CC3=CC(C)=CC(C)=C3NC2=O)C=C1O', 'CCOC1=CC=C(NC(=S)NCCO)C=C1', 'CC1=CC(C)=C2NC(=O)C(CNCCO)=CC2=C1', 'CCOC1=CC=C(NC(=S)N(CCO)CC2=CC3=CC(C)=CC(CO)=C3NC2=O)C=C1', 'CCOC1=CC=C(NC(=S)N(CCO)CC2=CC3=CC(C)=CC(C)=C3NC2=O)C(O)=C1', 'CCOC1=CC=C(NC(=S)N(CCOS(=O)(=O)O)CC2=CC3=CC(C)=CC(C)=C3NC2=O)C=C1', 'CCOC1=CC=C(/N=C(\\SO)N(CCO)CC2=CC3=CC(C)=CC(C)=C3NC2=O)C=C1', 'CCOC1=CC=C(NC(S)=NCC2=CC3=CC(C)=CC(C)=C3NC2=O)C=C1', 'CCOC1=CC=C(NC(=S)N(CCO)CC2=CC3=CC(C)=CC(C)=C3N=C2OC2O[C@H](C(=O)O)[C@@H](O)[C@H](O)[C@H]2O)C=C1', 'CC1=CC(C)=C2NC(=O)C(CN(CCO)C(=O)S)=CC2=C1', 'CC1=CC(C)=C2NC(=O)C(CN(CCO)C(=S)NC3=CC=C(OCCO)C=C3)=CC2=C1', 'CCOC1=CC=C(N=C(SO)N(CCO)CC2=CC3=CC(C)=CC(C)=C3NC2=O)C=C1', 'CCOC1=CC=C(NC(=S)N(CCO)CC2=CC3=CC(C)=C(O)C(C)=C3NC2=O)C=C1']",0,4
13,COc1ccc2c(Oc3ccc(C4(C(=O)NO)CCOCC4)cc3)ccnc2n1,COc1ccc2c(Oc3ccc(C4(C(=O)O)CCOCC4)cc3)ccnc2n1 0.70|COc1ccc2c(Oc3ccc(C4(C(N)=O)CCOCC4)cc3)ccnc2n1 0.56|O=C(NO)C1(c2ccc(Oc3ccnc4nc(O)ccc34)cc2)CCOCC1 0.35|COc1ccc2c(Oc3ccc(C4(C(=O)NOC5O[C@H](C(=O)O)[C@@H](O)[C@H](O)[C@H]5O)CCOCC4)cc3)ccnc2n1 0.28|COc1ccc2c(Oc3ccc(C4(C(=O)N=O)CCOCC4)cc3)ccnc2n1 0.21|COc1ccc2c(Oc3ccc(C4(C(=O)NOC5OC(C(=O)O)C(O)C(O)C5O)CCOCC4)cc3)ccnc2n1 0.19|COc1ccc2c(Oc3ccc(C(CC=O)(CCO)C(=O)NO)cc3)ccnc2n1 0.16|COc1ccc2c(Oc3ccc(C4(C(=O)NO)CCOCC4)cc3)cc[n+]([O-])c2n1 0.14|COc1ccc2c(Oc3ccc(C4(C(=O)NO)CCOCC4)cc3)cc(O)nc2n1 0.12|COc1ccc2c(Oc3ccc(C4(C(=O)NO)CCOCC4O)cc3)ccnc2n1 0.11|O=C(NO)C1(c2ccc(Oc3ccnc4[nH]c(=O)ccc34)cc2)CCOCC1 0.10|CONC(=O)C1(c2ccc(Oc3ccnc4nc(OC)ccc34)cc2)CCOCC1 0.10|COc1nc2nccc(Oc3ccc(C4(C(=O)NO)CCOCC4)cc3)c2cc1O 0.07|CO 0.06|COc1ccc2c(Oc3ccc(C4(C(=O)NO)CCOCC4)cc3)ccnc2[n+]1[O-] 0.06|COc1ccc2c(Oc3ccc(C4(C(=O)NO)CCOC(O)C4)cc3)ccnc2n1 0.06|COc1ccc2c(Oc3ccc(C4(C(=O)NOC5OC(C(=O)O)[C@@H](O)[C@H](O)[C@H]5O)CCOCC4)cc3)ccnc2n1 0.06|COc1ccc2c(Oc3ccc(C4(C(=O)NOC(C)=O)CCOCC4)cc3)ccnc2n1 0.05|COc1ccc2c(Oc3ccc(C4(C(=O)NO)CCOCC4)cc3)c(O)cnc2n1 0.05|COc1ccc2c(Oc3ccc(C4(C(=O)NO)CCOCC4)cc3)cc(=O)[nH]c2n1 0.05,4,['COc1ccc2c(Oc3ccc(C4(C(=O)NOC5O[C@H](C(=O)O)[C@@H](O)[C@H](O)[C@H]5O)CCOCC4)cc3)ccnc2n1'],"['COC1=CC=C2C(OC3=CC=C(C4(C(N)=O)CCOCC4)C=C3)=CC=NC2=N1', 'O=C(NO)C1(C2=CC=C(OC3=CC=NC4=NC(O)=CC=C34)C=C2)CCOCC1', 'COC1=CC=C2C(OC3=CC=C(C4(C(=O)O)CCOCC4)C=C3)=CC=NC2=N1', 'COC1=CC=C2C(OC3=CC=C(C4(C(=O)N=O)CCOCC4)C=C3)=CC=NC2=N1', 'COC1=CC=C2C(OC3=CC=C(C(CC=O)(CCO)C(=O)NO)C=C3)=CC=NC2=N1', 'COC1=CC=C2C(OC3=CC=C(C4(C(=O)NO)CCOCC4O)C=C3)=CC=NC2=N1', 'COC1=CC=C2C(OC3=CC=C(C4(C(=O)NO)CCOCC4)C=C3)=CC=[N+]([O-])C2=N1', 'COC1=CC=C2C(OC3=CC=C(C4(C(=O)NOC5OC(C(=O)O)C(O)C(O)C5O)CCOCC4)C=C3)=CC=NC2=N1', 'COC1=NC2=NC=CC(OC3=CC=C(C4(C(=O)NO)CCOCC4)C=C3)=C2C=C1O', 'COC1=CC=C2C(OC3=CC=C(C4(C(=O)NO)CCOCC4)C=C3)=CC(O)=NC2=N1', 'CO', 'COC1=CC=C2C(OC3=CC=C(C(CCOCC=O)C(=O)NO)C=C3)=CC=NC2=N1', 'COC1=CC=C2C(OC3=CC=C(C4(C(=O)NO)CCOCC4)C=C3)=CC=NC2=[N+]1[O-]', 'COC1=CC=C2C(OC3=CC=C(C4(C(=O)NO)CCOC(O)C4)C=C3)=CC=NC2=N1', 'COC1=CC=C2C(OC3=CC=C(C4(C(=O)NO)CCOCC4)C=C3O)=CC=NC2=N1', 'COC1=CC=C2C(OC3=CC=C(C4(C(N)=O)CCOCC4O)C=C3)=CC=NC2=N1', 'COC1=CC=C2C(OC3=CC=C(C4(C(=O)NOC(C)=O)CCOCC4)C=C3)=CC=NC2=N1', 'COC1=CC=C2C(OC3=CC=C(C4(C(=O)NO)CCOCC4)C=C3)=C(O)C=NC2=N1', 'COC1=CC=C2C(OC3=CC=C(C4(CNO)CCOCC4)C=C3)=CC=NC2=N1', 'COC1=CC=C2C(OC3=CC=C(C4(C(=O)NO)C=COCC4)C=C3)=CC=NC2=N1']",0,0
14,C/C=C/C#CC#CC(O)C(/C=C/CCCO)OC1OC(COC2OC(CO)C(O)C(O)C2O)C(O)C(O)C1O,C/C=C/C#CC#CC(O)C(CC(=O)N[C@@H](CSC=CC(N)C(=O)O)C(=O)NCC(=O)O)OC1OC(COC2OC(CO)C(O)C(O)C2O)C(O)C(O)C1O 0.50|C/C=C/C#CC#CC(O)C(/C=C/CCC=O)OC1OC(COC2OC(CO)C(O)C(O)C2O)C(O)C(O)C1O 0.45|C/C=C/C#CC#CC(O)C(/C=C/CCCO)OC1OC(CO)C(O)C(O)C1O 0.37|OCC1OC(OCC2OC(O)C(O)C(O)C2O)C(O)C(O)C1O 0.36|C/C=C/C#CC#CC(O)C(CCCCCO)OC1OC(COC2OC(CO)C(O)C(O)C2O)C(O)C(O)C1O 0.35|C/C=C/C#CC#CC(O)C(/C=C/CCCO)OC(O)C(O)C(O)C(O)C(O)COC1OC(CO)C(O)C(O)C1O 0.28|C/C=C/C#CC#CC(O)C(=CSC[C@H](NC(=O)CCC(N)C(=O)O)C(=O)NCC(=O)O)OC1OC(COC2OC(CO)C(O)C(O)C2O)C(O)C(O)C1O 0.17|C/C=C/C#CC#CC(O)C(CCCCCO)OC1OC(C=O)C(O)C(O)C1O 0.14|C/C=C\C#CC#CC(O)C(CC(=O)N[C@@H](CSC=CC(N)C(=O)O)C(=O)NCC(=O)O)OC1OC(COC2OC(CO)C(O)C(O)C2O)C(O)C(O)C1O 0.14|CC1OC1C#CC#CC(O)C(/C=C/CCCO)OC1OC(COC2OC(CO)C(O)C(O)C2O)C(O)C(O)C1O 0.11|C/C=C/C#CC#CC(O)C(CSC[C@H](NC(C)=O)C(=O)NCC(=O)O)OC1OC(COC2OC(CO)C(O)C(O)C2O)C(O)C(O)C1O 0.09|C/C=C/C#CC#CC(O)C(/C=C/CCCO)OC1OC(COC(O)C(O)C(O)C(O)C(O)CO)C(O)C(O)C1O 0.09|CCCC#CC#CC(O)C(/C=C/CCCO)OC1OC(COC2OC(CO)C(O)C(O)C2O)C(O)C(O)C1O 0.08|C/C=C/C#CC#CC(O)C(CCC(=O)N[C@@H](CS/C=C/CCCO)C(=O)NCC(=O)O)OC1OC(COC2OC(CO)C(O)C(O)C2O)C(O)C(O)C1O 0.07|C/C=C/C#CC#CC(OC1O[C@H](C(=O)O)[C@@H](O)[C@H](O)[C@H]1O)C(/C=C/CCCO)OC1OC(COC2OC(CO)C(O)C(O)C2O)C(O)C(O)C1O 0.06|OC[C@H]1O[C@H](OC[C@H]2O[C@H](O)[C@H](O)[C@H](O)[C@H]2O)[C@H](O)[C@@H](O)[C@@H]1O 0.05|O=CC(O)C(O)C(O)C(O)COC1OC(CO)C(O)C(O)C1O 0.05|OCC1OC(OCC2OCC(O)C(O)C2O)C(O)C(O)C1O 0.05|C/C=C/C#CC#CC(O)C(O)/C=C/CCCO 0.05|C/C=C/C#CC#CC(O)COC1OC(COC2OC(CO)C(O)C(O)C2O)C(O)C(O)C1O 0.04,3,['C/C=C/C#CC#CC(O)C(/C=C/CCCO)OC1OC(CO)C(O)C(O)C1O'],"['C/C=C/C#CC#CC(O)C(/C=C/CCCO)OC1OC(CO)C(O)C(O)C1O', 'C/C=C/C#CC#CC(O)C(CC(=O)N[C@@H](CSC=CC(N)C(=O)O)C(=O)NCC(=O)O)OC1OC(COC2OC(CO)C(O)C(O)C2O)C(O)C(O)C1O', 'C/C=C/C#CC#CC(O)C(/C=C/CCC=O)OC1OC(COC2OC(CO)C(O)C(O)C2O)C(O)C(O)C1O', 'C/C=C/C#CC#CC(O)C(CCCCCO)OC1OC(COC2OC(CO)C(O)C(O)C2O)C(O)C(O)C1O', 'OCC1OC(OCC2OC(O)C(O)C(O)C2O)C(O)C(O)C1O', 'C/C=C\\C#CC#CC(O)C(CC(=O)N[C@@H](CSC=CC(N)C(=O)O)C(=O)NCC(=O)O)OC1OC(COC2OC(CO)C(O)C(O)C2O)C(O)C(O)C1O', 'OC[C@H]1O[C@H](OC[C@H]2O[C@H](O)[C@@H](O)[C@@H](O)[C@@H]2O)[C@H](O)[C@@H](O)[C@@H]1O', 'C/C=C/C#CC#CC(O)C(/C=C/CCC=O)OC1OC(COC2O[C@H](CO)[C@@H](O)[C@H](O)[C@@H]2O)C(O)C(O)C1O', 'C/C=C/C#CC#CC(O)C(CSC[C@H](NC(C)=O)C(=O)NCC(=O)O)OC1OC(COC2OC(CO)C(O)C(O)C2O)C(O)C(O)C1O', 'C/C=C/C#CC#CC(O)C(=CSC[C@H](NC(=O)CCC(N)C(=O)O)C(=O)NCC(=O)O)OC1OC(COC2OC(CO)C(O)C(O)C2O)C(O)C(O)C1O', 'C/C=C/C#CC#CC(O)C(O)/C=C/CCCO', 'CCCC#CC#CC(O)C(/C=C/CCCO)OC1OC(COC2OC(CO)C(O)C(O)C2O)C(O)C(O)C1O', 'C/C=C/C#CC#CC(O)C(CCCCCO)OC1OC(COC2O[C@H](CO)[C@@H](O)[C@H](O)[C@H]2O)C(O)C(O)C1O', 'OC[C@H]1O[C@@H](OC[C@H]2O[C@H](O)[C@@H](O)[C@@H](O)[C@@H]2O)[C@@H](O)[C@@H](O)[C@@H]1O', 'C/C=C/C#CC#CC(O)C(/C=C/CCC=O)OC1OC(COC2O[C@H](CO)[C@@H](O)[C@H](O)[C@H]2O)C(O)C(O)C1O', 'C/C=C/C#CC#CC(OC1O[C@H](C(=O)O)[C@@H](O)[C@H](O)[C@H]1O)C(/C=C/CCCO)OC1OC(COC2OC(CO)C(O)C(O)C2O)C(O)C(O)C1O', 'OC[C@H]1O[C@H](OC[C@H]2O[C@H](O)[C@@H](O)[C@@H](O)[C@@H]2O)[C@@H](O)[C@@H](O)[C@@H]1O', 'C/C=C/C#CC#C[C@H](O)C(/C=C/CCC=O)O[C@H]1O[C@H](CO[C@H]2O[C@H](CO)[C@@H](O)[C@H](O)[C@@H]2O)[C@@H](O)[C@H](O)[C@@H]1O', 'C/C=C/C#CC#CC(O)COC1OC(COC2OC(CO)C(O)C(O)C2O)C(O)C(O)C1O', 'C/C=C/C#CC#CC(O)C(CSC[C@H](NC(C)=O)C(=O)O)O[C@H]1O[C@@H](CO[C@H]2O[C@H](CO)[C@@H](O)[C@@H](O)[C@H]2O)[C@H](O)[C@H](O)[C@H]1O']",1,1
15,Cc1ncc(S(=O)(=O)N2CCC(c3cn4ncnc4cc3Cl)CC2)s1,O=S(=O)(c1cnc(CO)s1)N1CCC(c2cn3ncnc3cc2Cl)CC1 0.90|Cc1ncc(S(=O)(=O)NCCC(CC=O)c2cn3ncnc3cc2Cl)s1 0.35|CC(=O)NC=C(S)S(=O)(=O)N1CCC(c2cn3ncnc3cc2Cl)CC1 0.20|Cc1ncc(S(=O)N2CCC(c3cn4ncnc4cc3Cl)CC2)s1 0.20|Cc1ncc(S(=O)(=O)N2CCC(c3cn4ncnc4cc3Cl)C(O)C2)s1 0.18|Cc1ncc(S(=O)(=O)N2CCC(c3cn4nc(O)nc4cc3Cl)CC2)s1 0.17|Clc1cc2ncnn2cc1C1CCNCC1 0.14|Cc1ncc(S(=O)(=O)N2CCC(c3cn4ncnc4cc3Cl)CC2O)s1 0.14|Cc1ncc(S(=O)(=O)N2CCC(c3c(Cl)cc4ncnn4c3O)CC2)s1 0.13|Cc1ncc(S(=O)(=O)N2CCC(c3cn4[nH]c(=O)nc4cc3Cl)CC2)s1 0.12|Cc1ncc(S(=O)(=O)N2CCC(c3cn4ncnc4cc3Cl)CC2)s1 0.12|Cc1sc(S(=O)(=O)N2CCC(c3cn4ncnc4cc3Cl)CC2)c[n+]1[O-] 0.12|Cc1ncc(S(=O)(=O)N(CC=O)CCCc2cn3ncnc3cc2Cl)s1 0.11|Cc1ncc(S(=O)(=O)N2CCC(O)(c3cn4ncnc4cc3Cl)CC2)s1 0.06|Cc1ncc(S(=O)(=O)N2CCC(c3cn4ncnc4c(O)c3Cl)CC2)s1 0.06|CC1=NC=C(S(=O)(=O)N2CCC(c3cn4ncnc4cc3Cl)CC2)S1=O 0.06|Cc1ncc(S(=O)(=O)N2CCC(C3C(=O)n4ncnc4C=C3Cl)CC2)s1 0.06|CC1(O)NC=C(S(=O)(=O)N2CCC(c3cn4ncnc4cc3Cl)CC2)S1 0.05|Cc1ncc(S(=O)(=O)N2C=CC(c3cn4ncnc4cc3Cl)CC2)s1 0.04|Cc1ncc(S(=O)(=O)N2CCC(C3=Cn4ncnc4C4OC34Cl)CC2)s1 0.04,1,['O=S(=O)(c1cnc(CO)s1)N1CCC(c2cn3ncnc3cc2Cl)CC1'],"['O=S(=O)(C1=CN=C(CO)S1)N1CCC(C2=CN3N=CN=C3C=C2Cl)CC1', 'CC1=NC=C(S(=O)(=O)N2CCC(C3=CN4N=C(O)N=C4C=C3Cl)CC2)S1', 'CC1=NC=C(S(=O)(=O)NCCC(CC=O)C2=CN3N=CN=C3C=C2Cl)S1', 'CC1=NC=C(S(=O)(=O)N2CCC(C3=CN4N=CN=C4C=C3Cl)CC2O)S1', 'CC1=[N+]([O-])C=C(S(=O)(=O)N2CCC(C3=CN4N=CN=C4C=C3Cl)CC2)S1', 'CC1=NC=C(S(=O)(=O)N2CCC(C3=CN4N=CN=C4C=C3Cl)C(O)C2)S1', 'CC1=NC=C(S(=O)(=O)N2CCC(C3=CN4NC(=O)N=C4C=C3Cl)CC2)S1', 'ClC1=CC2=NC=NN2C=C1C1CCNCC1', 'CC1=NC=C(S(=O)(=O)N2CCC(C3=CN4N=CN=C4C=C3Cl)CC2)S1', 'CC1=NC=C(S(=O)(=O)N2CCC(C3=CN4N=CN=C4C(O)=C3Cl)CC2)S1', 'CC1=NC(O)=C(S(=O)(=O)N2CCC(C3=CN4N=CN=C4C=C3Cl)CC2)S1', 'CC(=O)NC=C(S)S(=O)(=O)N1CCC(C2=CN3N=CN=C3C=C2Cl)CC1', 'CC1=NC=C(S(=O)(=O)N2CCC(O)(C3=CN4N=CN=C4C=C3Cl)CC2)S1', 'CC1=NC=C(S(=O)(=O)N(CC=O)CCCC2=CN3N=CN=C3C=C2Cl)S1', 'CC1=NC=C(S(=O)(=O)N2CCC(C3=CN4C(=NC=[N+]4[O-])C=C3Cl)CC2)S1', 'CC1=NC(=O)C(S(=O)(=O)N2CCC(C3=CN4N=CN=C4C=C3Cl)CC2)S1', 'CC1=NC=C(S(=O)(=O)[N+]2([O-])CCC(C3=CN4N=CN=C4C=C3Cl)CC2)S1', 'CC1=NC=C(S(=O)(=O)N2CCC(C3=CN4N=C[N+]([O-])=C4C=C3Cl)CC2)S1', 'CC1=NC=C(S(=O)(=O)N2CCC(C3=CN4N=CN=C4C=C3Cl)CC2)S1=O', 'CC1=NC=C(S(=O)(=O)N2CCC(C3C(=O)N4N=CN=C4C=C3Cl)CC2)S1']",1,1
16,COc1ccc(CCCCOC2OC(CO)[C@@H](O)[C@H](O)[C@H]2O)cc1,OCC1OC(OCCCCc2ccc(O)cc2)[C@H](O)[C@@H](O)[C@@H]1O 0.85|COc1ccc(CCCCOC2OC(COP(=O)(O)O)[C@@H](O)[C@H](O)[C@H]2O)cc1 0.38|COc1ccc(CCCCO)cc1 0.32|COc1ccc(C(O)CCCOC2OC(CO)[C@@H](O)[C@H](O)[C@H]2O)cc1 0.30|COc1ccc(CCCCOC2OC(CO)[C@@H](O)[C@H](O)[C@H]2O)cc1O 0.20|OC[C@H]1O[C@@H](OCCCCc2ccc(O)cc2)[C@H](O)[C@@H](O)[C@@H]1O 0.18|COc1ccc(CCCCO[C@@H]2O[C@H](COP(=O)(O)O)[C@@H](O)[C@H](O)[C@H]2O)cc1 0.13|COc1ccc(C(O)CCCO[C@@H]2O[C@H](CO)[C@@H](O)[C@H](O)[C@H]2O)cc1 0.12|COc1ccc(CCCCOC2OC(COS(=O)(=O)O)[C@@H](O)[C@H](O)[C@H]2O)cc1 0.11|COc1ccc(CCCCOC2OC(C=O)[C@@H](O)[C@H](O)[C@H]2O)cc1 0.11|COc1ccc(CCCC=O)cc1 0.10|COc1ccc(CCCCOC2OC(CO)[C@@H](O)[C@H](O)[C@H]2O)c(O)c1 0.09|COc1ccc(CCCCOC2O[C@H](COP(=O)(O)O)[C@@H](O)[C@H](O)[C@H]2O)cc1 0.09|OC[C@H]1OC(OCCCCc2ccc(O)cc2)[C@H](O)[C@@H](O)[C@@H]1O 0.08|OC[C@H]1O[C@H](OCCCCc2ccc(O)cc2)[C@H](O)[C@@H](O)[C@@H]1O 0.06|OC[C@@H]1O[C@@H](OCCCCc2ccc(O)cc2)[C@H](O)[C@@H](O)[C@@H]1O 0.06|COc1ccc(CCCCO[C@@H]2O[C@@H](COP(=O)(O)O)[C@@H](O)[C@H](O)[C@H]2O)cc1 0.06|COc1ccc(CCCCO[C@H]2O[C@H](COP(=O)(O)O)[C@@H](O)[C@H](O)[C@H]2O)cc1 0.05|COc1ccc([C@H](O)CCCOC2OC(CO)[C@@H](O)[C@H](O)[C@H]2O)cc1 0.04|OCC1OC(OCCCCc2ccc(O)cc2)[C@@H](O)[C@@H](O)[C@@H]1O 0.04,1,['OCC1OC(OCCCCc2ccc(O)cc2)[C@H](O)[C@@H](O)[C@@H]1O'],"['OCC1OC(OCCCCC2=CC=C(O)C=C2)[C@H](O)[C@@H](O)[C@@H]1O', 'COC1=CC=C(CCCCOC2OC(COP(=O)(O)O)[C@@H](O)[C@H](O)[C@H]2O)C=C1', 'COC1=CC=C(CCCCO)C=C1', 'COC1=CC=C(C(O)CCCOC2OC(CO)[C@@H](O)[C@H](O)[C@H]2O)C=C1', 'COC1=CC=C(CCCCOC2OC(CO)[C@@H](O)[C@H](O)[C@H]2O)C=C1O', 'OC[C@H]1O[C@@H](OCCCCC2=CC=C(O)C=C2)[C@H](O)[C@@H](O)[C@@H]1O', 'COC1=CC=C(CCCCO[C@@H]2O[C@H](COP(=O)(O)O)[C@@H](O)[C@H](O)[C@H]2O)C=C1', 'COC1=CC=C(CCCCOC2OC(CO)[C@@H](O)[C@H](O)[C@H]2O)C(O)=C1', 'OC[C@H]1O[C@H](OCCCCC2=CC=C(O)C=C2)[C@H](O)[C@@H](O)[C@@H]1O', 'OC[C@H]1OC(OCCCCC2=CC=C(O)C=C2)[C@H](O)[C@@H](O)[C@@H]1O', 'COC1=CC=C(CCCCOC2OC(C=O)[C@@H](O)[C@H](O)[C@H]2O)C=C1', 'OC[C@@H]1O[C@@H](OCCCCC2=CC=C(O)C=C2)[C@H](O)[C@@H](O)[C@@H]1O', 'COC1=CC=C(CCCC=O)C=C1', 'COC1=CC=C(CCCCOC2O[C@H](COP(=O)(O)O)[C@@H](O)[C@H](O)[C@H]2O)C=C1', 'COC1=CC=C(CCCCOC2O[C@@H](COP(=O)(O)O)[C@@H](O)[C@H](O)[C@H]2O)C=C1', 'COC1=CC=C(CCCCOC2OC(COS(=O)(=O)O)[C@@H](O)[C@H](O)[C@H]2O)C=C1', 'OCC1OC(OCCCCC2=CC=C(O)C=C2)[C@@H](O)[C@@H](O)[C@@H]1O', 'OC[C@@H]1OC(OCCCCC2=CC=C(O)C=C2)[C@H](O)[C@@H](O)[C@@H]1O', 'OC[C@@H]1O[C@H](OCCCCC2=CC=C(O)C=C2)[C@H](O)[C@@H](O)[C@@H]1O', 'COC1=CC=C(CCCCO[C@@H]2O[C@@H](COP(=O)(O)O)[C@@H](O)[C@H](O)[C@H]2O)C=C1']",1,1
17,O=C(O)C1OC(Oc2cc3oc(-c4ccc(O)cc4)cc(=O)c3c(O)c2O)C(O)C(O)C1O,COc1c(O)c(O[C@@H]2O[C@@H](C(=O)O)[C@H](O)[C@H](O)[C@H]2O)cc2oc(-c3ccc(O)cc3)cc(=O)c12 0.50|O=c1cc(-c2ccc(O)cc2)oc2cc(O)c(O)c(O)c12 0.42|COc1c(O[C@@H]2O[C@H](C(=O)O)[C@H](O)[C@H](O)[C@H]2O)cc2oc(-c3ccc(O)cc3)cc(=O)c2c1O 0.28|O=C(O)[C@H]1O[C@@H](Oc2cc3oc(-c4ccc(OS(=O)(=O)O)cc4)cc(=O)c3c(O)c2O)[C@H](O)[C@@H](O)[C@@H]1O 0.28|COc1c(O[C@H]2O[C@H](C(=O)O)[C@@H](O)[C@@H](O)[C@H]2O)cc2oc(-c3ccc(O)cc3)cc(=O)c2c1O 0.28|O=C(O)[C@H]1OC(Oc2c(O)c(O[C@@H]3O[C@@H](C(=O)O)[C@H](O)[C@H](O)[C@H]3O)cc3oc(-c4ccc(O)cc4)cc(=O)c23)[C@H](O)[C@@H](O)[C@@H]1O 0.28|O=C(O)C1OC(Oc2cc3oc(-c4ccc(OC5O[C@H](C(=O)O)[C@@H](O)[C@H](O)[C@H]5O)cc4)cc(=O)c3c(O)c2O)C(O)C(O)C1O 0.28|O=C(O)[C@H]1OC(O[C@H]2[C@H](Oc3cc4oc(-c5ccc(O)cc5)cc(=O)c4c(O)c3O)O[C@H](C(=O)O)[C@@H](O)[C@@H]2O)[C@H](O)[C@@H](O)[C@@H]1O 0.28|COc1c(O)c(O[C@@H]2O[C@@H](C(=O)O)[C@@H](O)[C@H](O)[C@H]2O)cc2oc(-c3ccc(O)cc3)cc(=O)c12 0.19|COc1c(O)c(O[C@@H]2O[C@H](C(=O)O)[C@H](O)[C@H](O)[C@H]2O)cc2oc(-c3ccc(O)cc3)cc(=O)c12 0.16|O=C(O)[C@H]1OC(Oc2c(O)c(O[C@@H]3O[C@H](C(=O)O)[C@H](O)[C@H](O)[C@H]3O)cc3oc(-c4ccc(O)cc4)cc(=O)c23)[C@H](O)[C@@H](O)[C@@H]1O 0.14|O=C(O)[C@H]1O[C@@H](Oc2cc3oc(-c4ccc(O)cc4)cc(=O)c3c(OS(=O)(=O)O)c2O)[C@H](O)[C@@H](O)[C@@H]1O 0.14|O=C(O)C1OC(Oc2cc3oc(-c4ccc(O)cc4)cc(=O)c3c(OC3O[C@H](C(=O)O)[C@@H](O)[C@H](O)[C@H]3O)c2O)C(O)C(O)C1O 0.14|O=C(O)[C@H]1OC(O[C@H]2[C@H](Oc3cc4oc(-c5ccc(O)cc5)cc(=O)c4c(O)c3O)O[C@H](C(=O)O)[C@@H](O)[C@H]2O)[C@H](O)[C@@H](O)[C@@H]1O 0.14|COc1c(O[C@H]2O[C@H](C(=O)O)[C@@H](O)[C@H](O)[C@H]2O)cc2oc(-c3ccc(O)cc3)cc(=O)c2c1O 0.14|O=C(O)[C@H]1O[C@@H](Oc2cc3oc(-c4ccc(OS(=O)(=O)O)cc4)cc(=O)c3c(O)c2O)[C@H](O)[C@H](O)[C@@H]1O 0.10|O=C(O)[C@H]1O[C@H](Oc2cc3oc(-c4ccc(OS(=O)(=O)O)cc4)cc(=O)c3c(O)c2O)[C@H](O)[C@H](O)[C@@H]1O 0.09|O=C(O)[C@H]1OC(Oc2c(O[C@@H]3O[C@@H](C(=O)O)[C@H](O)[C@H](O)[C@H]3O)cc3oc(-c4ccc(O)cc4)cc(=O)c3c2O)[C@H](O)[C@@H](O)[C@@H]1O 0.09|O=C(O)[C@H]1OC(Oc2c(O[C@@H]3O[C@H](C(=O)O)[C@@H](O)[C@@H](O)[C@H]3O)cc3oc(-c4ccc(O)cc4)cc(=O)c3c2O)[C@H](O)[C@@H](O)[C@@H]1O 0.09|COc1c(O[C@H]2O[C@H](C(=O)O)[C@H](O)[C@H](O)[C@H]2O)cc2oc(-c3ccc(O)cc3)cc(=O)c2c1O 0.09,2,['O=c1cc(-c2ccc(O)cc2)oc2cc(O)c(O)c(O)c12'],"['O=C1C=C(C2=CC=C(O)C=C2)OC2=CC(O)=C(O)C(O)=C12', 'O=C(O)[C@H]1O[C@H](OC2=CC3=C(C(=O)C=C(C4=CC=C(OS(=O)(=O)O)C=C4)O3)C(O)=C2O)[C@H](O)[C@H](O)[C@H]1O', 'O=C(O)[C@H]1O[C@@H](OC2=CC3=C(C(=O)C=C(C4=CC=C(OS(=O)(=O)O)C=C4)O3)C(O)=C2O)[C@H](O)[C@@H](O)[C@@H]1O', 'O=C(O)[C@H]1OC(OC2=C(O)C(O[C@@H]3O[C@H](C(=O)O)[C@@H](O)[C@H](O)[C@H]3O)=CC3=C2C(=O)C=C(C2=CC=C(O)C=C2)O3)[C@H](O)[C@@H](O)[C@@H]1O', 'COC1=C(O[C@@H]2O[C@H](C(=O)O)[C@H](O)[C@H](O)[C@H]2O)C=C2OC(C3=CC=C(O)C=C3)=CC(=O)C2=C1O', 'COC1=C(O)C(O[C@H]2O[C@H](C(=O)O)[C@@H](O)[C@@H](O)[C@H]2O)=CC2=C1C(=O)C=C(C1=CC=C(O)C=C1)O2', 'O=C(O)[C@H]1OC(OC2=CC=C(C3=CC(=O)C4=C(O)C(O)=C(O[C@@H]5O[C@@H](C(=O)O)C(O)[C@@H](O)[C@H]5O)C=C4O3)C=C2)[C@H](O)[C@@H](O)[C@@H]1O', 'O=C(O)C1O[C@H](OC2=CC3=C(C(=O)C=C(C4=CC=C(OS(=O)(=O)O)C=C4)O3)C(O)=C2O)[C@H](O)[C@H](O)[C@H]1O', 'O=C(O)[C@H]1O[C@H](OC2=CC3=C(C(=O)C=C(C4=CC=C(OS(=O)(=O)O)C=C4)O3)C(O)=C2O)[C@H](O)[C@H](O)[C@@H]1O', 'O=C(O)[C@H]1O[C@@H](OC2=CC3=C(C(=O)C=C(C4=CC=C(O)C=C4)O3)C(O)=C2OS(=O)(=O)O)[C@H](O)[C@@H](O)[C@@H]1O', 'O=C(O)[C@H]1O[C@@H](OC2=CC3=C(C(=O)C=C(C4=CC=C(O)C=C4)O3)C(O)=C2O)[C@H](OC2O[C@H](CO)[C@@H](O)[C@H](O)[C@H]2O)[C@H](O)[C@@H]1O', 'COC1=C(O)C(O[C@@H]2O[C@H](C(=O)O)[C@H](O)[C@H](O)[C@H]2O)=CC2=C1C(=O)C=C(C1=CC=C(O)C=C1)O2', 'COC1=C(O)C(O[C@H]2O[C@H](C(=O)O)[C@@H](O)[C@H](O)[C@H]2O)=CC2=C1C(=O)C=C(C1=CC=C(O)C=C1)O2', 'O=C(O)[C@H]1OC(OC2=C(O)C(O[C@@H]3O[C@@H](C(=O)O)[C@H](O)[C@@H](O)[C@H]3O)=CC3=C2C(=O)C=C(C2=CC=C(O)C=C2)O3)[C@H](O)[C@@H](O)[C@@H]1O', 'O=C(O)[C@H]1OC(OC2=CC3=C(C(=O)C=C(C4=CC=C(OS(=O)(=O)O)C=C4)O3)C(O)=C2O)[C@H](O)[C@H](O)[C@H]1O', 'O=C(O)[C@H]1O[C@@H](OC2=CC3=C(C(=O)C=C(C4=CC=C(O)C=C4)O3)C(O)=C2O)[C@H](OC2O[C@H](CO)[C@@H](O)[C@H](O)[C@H]2O)[C@@H](O)[C@@H]1O', 'O=C(O)[C@H]1OC(OC2=C(O)C3=C(C=C2O[C@@H]2O[C@H](C(=O)O)[C@@H](O)[C@H](O)[C@H]2O)OC(C2=CC=C(O)C=C2)=CC3=O)[C@H](O)[C@@H](O)[C@@H]1O', 'COC1=C(O[C@H]2O[C@H](C(=O)O)[C@@H](O)[C@@H](O)[C@H]2O)C=C2OC(C3=CC=C(O)C=C3)=CC(=O)C2=C1O', 'O=C(O)[C@H]1OC(OC2=C(O)C(O[C@@H]3O[C@@H](C(=O)O)C(O)[C@@H](O)[C@H]3O)=CC3=C2C(=O)C=C(C2=CC=C(O)C=C2)O3)[C@H](O)[C@@H](O)[C@@H]1O', 'O=C(O)[C@H]1O[C@@H](OC2=CC3=C(C(O)=C2O)C(O)C=C(C2=CC=C(O)C=C2)O3)[C@H](O)[C@@H](O)[C@@H]1O']",1,1
18,CN1CCC[C@@H](OC(=O)[C@](O)(c2ccccc2)c2cccc(OCCCNC(=O)c3ccc(CNC[C@H](O)c4ccc(O)c5[nH]c(=O)ccc45)cc3)c2)C1,CN1CCC[C@@H](OC(=O)[C@](O)(c2ccccc2)c2cccc(OCCCNC(=O)c3ccc(CN)cc3)c2)C1 0.63|O=C(NCCCOc1cccc([C@](O)(C(=O)O)c2ccccc2)c1)c1ccc(CNC[C@H](O)c2ccc(O)c3[nH]c(=O)ccc23)cc1 0.52|CN1CCC[C@@H](OC(=O)[C@](O)(c2ccccc2)c2cccc(OCCCNC(=O)c3ccc(CNCC(=O)c4ccc(O)c5[nH]c(=O)ccc45)cc3)c2)C1 0.45|O=C(NCCCOc1cccc([C@](O)(C(=O)O[C@@H]2CCCNC2)c2ccccc2)c1)c1ccc(CNC[C@H](O)c2ccc(O)c3[nH]c(=O)ccc23)cc1 0.38|CN1CCC[C@@H](OC(=O)[C@](O)(c2ccccc2)c2cccc(OCCCNC(=O)c3ccc(CNCCc4ccc(O)c5[nH]c(=O)ccc45)cc3)c2)C1 0.28|CN1CCC[C@@H](OC(=O)[C@](O)(c2ccccc2)c2cccc(O)c2)C1 0.19|CN1CCC[C@@H](OC(=O)[C@](O)(c2ccccc2)c2cccc(OCCC=O)c2)C1 0.17|NC(=O)c1ccc(CNC[C@H](O)c2ccc(O)c3[nH]c(=O)ccc23)cc1 0.11|CN1CCC[C@@H](OC(=O)[C@](O)(c2ccccc2)c2cccc(OCCCNC(=O)c3ccc(C=O)cc3)c2)C1 0.11|O=C(NCCCOc1cccc(C(=O)c2ccccc2)c1)c1ccc(CNC[C@H](O)c2ccc(O)c3[nH]c(=O)ccc23)cc1 0.10|O=CCCNC(=O)c1ccc(CNC[C@H](O)c2ccc(O)c3[nH]c(=O)ccc23)cc1 0.09|NC[C@H](O)c1ccc(O)c2[nH]c(=O)ccc12 0.09|O=C(NCCCOc1cccc(C(O)(C(=O)O)c2ccccc2)c1)c1ccc(CNC[C@H](O)c2ccc(O)c3[nH]c(=O)ccc23)cc1 0.08|CN1CCCC(OC(=O)C(O)(c2ccccc2)c2cccc(OCCCNC(=O)c3ccc(CN)cc3)c2)C1 0.07|O=C(NCCCOc1cccc(C(O)(C(=O)O)c2ccccc2)c1)c1ccc(CNCC(O)c2ccc(O)c3[nH]c(=O)ccc23)cc1 0.05|O=C(NCCCO)c1ccc(CNC[C@H](O)c2ccc(O)c3[nH]c(=O)ccc23)cc1 0.03|CN1CCC[C@@H](OC(=O)[C@](O)(c2ccccc2)c2cccc(OCCCN)c2)C1 0.03|CN1CCCC(OC(=O)C(O)(c2ccccc2)c2cccc(O)c2)C1 0.03|O=C(NCCCOc1cccc([C@](O)(C(=O)O)c2ccccc2)c1)c1ccc(CNCC(O)c2ccc(O)c3[nH]c(=O)ccc23)cc1 0.02|CN1CCC[C@@H](OC(O)=C(c2ccccc2)c2cccc(OCCCNC(=O)c3ccc(CNC[C@H](O)c4ccc(O)c5[nH]c(=O)ccc45)cc3)c2)C1 0.02,2,['O=C(NCCCOc1cccc([C@](O)(C(=O)O)c2ccccc2)c1)c1ccc(CNC[C@H](O)c2ccc(O)c3[nH]c(=O)ccc23)cc1'],"['O=C(NCCCOC1=CC=CC([C@](O)(C(=O)O)C2=CC=CC=C2)=C1)C1=CC=C(CNC[C@H](O)C2=CC=C(O)C3=C2C=CC(=O)N3)C=C1', 'CN1CCC[C@@H](OC(=O)[C@](O)(C2=CC=CC=C2)C2=CC=CC(OCCCNC(=O)C3=CC=C(CN)C=C3)=C2)C1', 'O=C(NCCCOC1=CC=CC([C@](O)(C(=O)O[C@@H]2CCCNC2)C2=CC=CC=C2)=C1)C1=CC=C(CNC[C@H](O)C2=CC=C(O)C3=C2C=CC(=O)N3)C=C1', 'CN1CCC[C@@H](OC(=O)[C@](O)(C2=CC=CC=C2)C2=CC=CC(OCCC=O)=C2)C1', 'CN1CCC[C@@H](OC(=O)[C@](O)(C2=CC=CC=C2)C2=CC=CC(OCCCNC(=O)C3=CC=C(CO)C=C3)=C2)C1', 'CN1CCC[C@@H](OC(=O)[C@](O)(C2=CC=CC=C2)C2=CC=CC(OCCCNC(=O)C3=CC=C(C=O)C=C3)=C2)C1', 'O=CCCNC(=O)C1=CC=C(CNC[C@H](O)C2=CC=C(O)C3=C2C=CC(=O)N3)C=C1', 'NC(=O)C1=CC=C(CNC[C@H](O)C2=CC=C(O)C3=C2C=CC(=O)N3)C=C1', 'CN1CCC[C@@H](OC(=O)[C@](O)(C2=CC=CC=C2)C2=CC=CC(O)=C2)C1', 'CN1CCC[C@@H](OC(=O)[C@](O)(C2=CC=CC=C2)C2=CC=CC(OCCCNC(=O)C3=CC=C(CNCCC4=CC=C(O)C5=C4C=CC(=O)N5)C=C3)=C2)C1', 'CN1CCC[C@@H](OC(=O)[C@](O)(C2=CC=CC=C2)C2=CC=CC(OCCCNC(=O)C3=CC=C(CNCC(=O)C4=CC=C(O)C5=C4C=CC(=O)N5)C=C3)=C2)C1', 'NC[C@H](O)C1=CC=C(O)C2=C1C=CC(=O)N2', 'O=C(NCCCOC1=CC=CC([C@](O)(C(=O)O[C@H]2CCCNC2)C2=CC=CC=C2)=C1)C1=CC=C(CNC[C@H](O)C2=CC=C(O)C3=C2C=CC(=O)N3)C=C1', 'O=C(NCCCOC1=CC=CC(C(O)(C(=O)O)C2=CC=CC=C2)=C1)C1=CC=C(CNC[C@H](O)C2=CC=C(O)C3=C2C=CC(=O)N3)C=C1', 'C[N+]1([O-])CCC[C@@H](OC(=O)[C@](O)(C2=CC=CC=C2)C2=CC=CC(OCCCNC(=O)C3=CC=C(CNC[C@H](O)C4=CC=C(O)C5=C4C=CC(=O)N5)C=C3)=C2)C1', 'CN1CCC[C@@H](OC(=O)[C@](O)(C2=CC=CC=C2)C2=CC=CC(OCCCNC(=O)C3=CC=C(CNC[C@H](O)C4=C5C=CC(=O)N=C5C(=O)C=C4)C=C3)=C2)C1', 'O=C(NCCCOC1=CC=CC(C(O)(C(=O)O)C2=CC=CC=C2)=C1)C1=CC=C(CNCC(O)C2=CC=C(O)C3=C2C=CC(=O)N3)C=C1', 'O=C(NCCCOC1=CC=CC([C@](O)(C(=O)O[C@@H]2CCCN(CO)C2)C2=CC=CC=C2)=C1)C1=CC=C(CNC[C@H](O)C2=CC=C(O)C3=C2C=CC(=O)N3)C=C1', 'CNC[C@@H](CCC=O)OC(=O)[C@](O)(C1=CC=CC=C1)C1=CC=CC(OCCCNC(=O)C2=CC=C(CNC[C@H](O)C3=CC=C(O)C4=C3C=CC(=O)N4)C=C2)=C1', 'NC(=O)C1=CC=C(CNCC(O)C2=CC=C(O)C3=C2C=CC(=O)N3)C=C1']",1,1
19,CC[C@H](C)C(=O)N1CCC(NC(=O)Nc2ccc(OC(F)(F)F)c(F)c2)CC1,CC[C@H](C)C(=O)N1CCC(NC(=O)Nc2ccc(O)c(F)c2)CC1 0.64|C[C@@H](CCO)C(=O)N1CCC(NC(=O)Nc2ccc(OC(F)(F)F)c(F)c2)CC1 0.46|CC[C@@H](CO)C(=O)N1CCC(NC(=O)Nc2ccc(OC(F)(F)F)c(F)c2)CC1 0.44|CC[C@H](C)C(=O)N1CCC(NC(=O)Nc2cc(O)c(OC(F)(F)F)c(F)c2)CC1 0.29|CC[C@H](C)C(=O)N1CCC(NC(=O)Nc2cc(F)c(OC(F)(F)F)cc2O)CC1 0.29|CC[C@H](C)C(=O)N1CCC(NC(=O)Nc2ccc(OC(F)(F)F)c(F)c2)CC1O 0.28|CC[C@H](C)C(O)N1CCC(NC(=O)Nc2ccc(OC(F)(F)F)c(F)c2)CC1 0.17|Nc1ccc(OC(F)(F)F)c(F)c1 0.13|CC[C@H](C)C(=O)N1CCC(NC(=O)NC2=CC(F)=C(OC(F)(F)F)C3OC23)CC1 0.10|CC[C@H](C)C(=O)N1CCC(NC(=O)Nc2ccc(OC(F)(F)F)c(O)c2)CC1 0.10|CC(O)[C@H](C)C(=O)N1CCC(NC(=O)Nc2ccc(OC(F)(F)F)c(F)c2)CC1 0.10|CC[C@H](C)C(=O)N1CCC(NC(=O)Nc2ccc(OC(F)(F)F)c(F)c2)C(O)C1 0.09|CCC(C)C(=O)N1CCC(NC(=O)Nc2ccc(O)c(F)c2)CC1 0.09|O=C(Nc1ccc(OC(F)(F)F)c(F)c1)NC1CCNCC1 0.08|CC[C@H](C)C(=O)N1CCC(NC(=O)Nc2ccc(OC(F)(F)F)c(F)c2O)CC1 0.08|C[C@H](O)[C@@H](C)C(=O)N1CCC(NC(=O)Nc2ccc(OC(F)(F)F)c(F)c2)CC1 0.07|C[C@H](O)[C@H](C)C(=O)N1CCC(NC(=O)Nc2ccc(OC(F)(F)F)c(F)c2)CC1 0.06|CC[C@H](C)C(=O)N1CCC(NC(=O)NC2=CC3(F)OC3(OC(F)(F)F)C=C2)CC1 0.06|CC[C@](C)(O)C(=O)N1CCC(NC(=O)Nc2ccc(OC(F)(F)F)c(F)c2)CC1 0.05|C[C@H](C(=O)N1CCC(NC(=O)Nc2ccc(OC(F)(F)F)c(F)c2)CC1)[C@@H](C)O 0.05,3,['CC[C@@H](CO)C(=O)N1CCC(NC(=O)Nc2ccc(OC(F)(F)F)c(F)c2)CC1'],"['C[C@@H](CCO)C(=O)N1CCC(NC(=O)NC2=CC=C(OC(F)(F)F)C(F)=C2)CC1', 'CC[C@H](C)C(=O)N1CCC(NC(=O)NC2=CC=C(O)C(F)=C2)CC1', 'CC[C@H](C)C(=O)N1CCC(NC(=O)NC2=CC=C(OC(F)(F)F)C(F)=C2)CC1O', 'CC[C@H](C)C(=O)N1CCC(NC(=O)NC2=CC=C(OC(F)(F)F)C(O)=C2)CC1', 'C[C@H](O)[C@H](C)C(=O)N1CCC(NC(=O)NC2=CC=C(OC(F)(F)F)C(F)=C2)CC1', 'CC[C@H](C)C(=O)N1CCC(NC(=O)NC2=CC(F)=C(OC(F)(F)F)C=C2O)CC1', 'C[C@H](C(=O)N1CCC(NC(=O)NC2=CC=C(OC(F)(F)F)C(F)=C2)CC1)[C@@H](C)O', 'CC[C@H](C)C(O)N1CCC(NC(=O)NC2=CC=C(OC(F)(F)F)C(F)=C2)CC1', 'CC[C@H](C)C(=O)N1CCC(NC(=O)NC2=CC(O)=C(OC(F)(F)F)C(F)=C2)CC1', 'CC[C@@H](CO)C(=O)N1CCC(NC(=O)NC2=CC=C(OC(F)(F)F)C(F)=C2)CC1', 'CC(O)[C@H](C)C(=O)N1CCC(NC(=O)NC2=CC=C(OC(F)(F)F)C(F)=C2)CC1', 'CC[C@H](C)C(=O)N1CCC(NC(=O)NC2=CC=C(OC(F)(F)F)C(F)=C2O)CC1', 'O=C(NC1=CC=C(OC(F)(F)F)C(F)=C1)NC1CCNCC1', 'NC1=CC=C(OC(F)(F)F)C(F)=C1', 'CC(O)C(C)C(=O)N1CCC(NC(=O)NC2=CC=C(OC(F)(F)F)C(F)=C2)CC1', 'CC[C@H](C)C(=O)N1CCC(NC(=O)NC2=CC=C(OC(F)(F)F)C(F)=C2)C(O)C1', 'CC[C@H](C)C(=O)N1CCC(NC(=O)NC2=CC=C(OC(F)(F)F)C(F)=C2)C[C@@H]1O', 'CC[C@H](C)C(=O)N1CCC(NC(=O)NC2=CC(F)=C(OC(F)(F)F)C3OC23)CC1', 'C=C(CC)C(=O)N1CCC(NC(=O)NC2=CC=C(OC(F)(F)F)C(F)=C2)CC1', 'CC[C@H](C)C(=O)N1CCC(NC(=O)NC2=CC3(F)OC3(OC(F)(F)F)C=C2)CC1']",0,0
20,CN(C(=O)Cc1cccs1)[C@@H](Cc1c[nH]c2ccccc12)C(=O)N[C@@](C)(Cc1ccccc1)C(=O)N[C@@H](CCCNC(=N)N)C(=O)N1CCC[C@H]1C(=O)N[C@@H](CCCNC(=N)N)C(N)=O,C[C@@](Cc1ccccc1)(NC(=O)[C@H](Cc1c[nH]c2ccccc12)NC(=O)Cc1cccs1)C(=O)N[C@@H](CCCNC(=N)N)C(=O)N1CCC[C@H]1C(=O)N[C@@H](CCCNC(=N)N)C(N)=O 0.52|CN(C(=O)Cc1cccs1)[C@@H](Cc1c[nH]c2ccccc12)C(=O)N[C@@](C)(Cc1ccccc1)C(=O)N[C@@H](CCCNC(=N)N)C(=O)N1CCC[C@H]1C(=O)O 0.30|CN(C(=O)Cc1cccs1)[C@@H](Cc1c[nH]c2ccc(O)cc12)C(=O)N[C@@](C)(Cc1ccccc1)C(=O)N[C@@H](CCCNC(=N)N)C(=O)N1CCC[C@H]1C(=O)N[C@@H](CCCNC(=N)N)C(N)=O 0.29|CN(C(=O)Cc1cccs1)[C@@H](Cc1c[nH]c2ccccc12)C(=O)N[C@@](C)(Cc1ccccc1)C(=O)N[C@@H](CCCNC(=N)N)C(=O)N1CCC[C@H]1C(N)=O 0.29|CN(C(=O)Cc1cccs1)[C@@H](Cc1c[nH]c2ccccc12)C(=O)N[C@@](C)(Cc1ccccc1)C(=O)N[C@@H](CCCNC(=N)N)C(=O)N1CCC[C@H]1C(=O)N[C@@H](CCCNC(=N)N)C(=O)O 0.28|CN(C(=O)Cc1cccs1)[C@@H](Cc1c[nH]c2ccccc12)C(=O)N[C@@](C)(Cc1ccccc1)C(=O)N[C@@H](CCCNC(=N)N)C(=O)N1CCC[C@H]1C(=O)N[C@@H](CCCNC(N)=O)C(N)=O 0.29|CN[C@@H](Cc1c[nH]c2ccccc12)C(=O)N[C@@](C)(Cc1ccccc1)C(=O)N[C@@H](CCCNC(=N)N)C(=O)N1CCC[C@H]1C(=O)N[C@@H](CCCNC(=N)N)C(N)=O 0.22|CN(C(=O)Cc1cccs1)[C@@H](Cc1c[nH]c2ccccc12)C(=O)N[C@@](C)(Cc1ccccc1)C(=O)N[C@@H](CCCNC(N)=O)C(=O)N1CCC[C@H]1C(=O)N[C@@H](CCCNC(=N)N)C(N)=O 0.16|CN(C(=O)Cc1cccs1)[C@@H](Cc1c[nH]c2ccccc12)C(=O)N[C@@](C)(Cc1ccccc1)C(=O)N[C@@H](CCCNC(=N)N)CN1CCC[C@H]1C(=O)N[C@@H](CCCNC(=N)N)C(N)=O 0.15|C[C@](N)(Cc1ccccc1)C(=O)N[C@@H](CCCNC(=N)N)C(=O)N1CCC[C@H]1C(=O)N[C@@H](CCCNC(=N)N)C(N)=O 0.14|CN(C(=O)Cc1cccs1)[C@H](CN[C@@](C)(Cc1ccccc1)C(=O)N[C@@H](CCCNC(=N)N)C(=O)N1CCC[C@H]1C(=O)N[C@@H](CCCNC(=N)N)C(N)=O)Cc1c[nH]c2ccccc12 0.14|CN(C(=O)Cc1cccs1)[C@@H](Cc1c[nH]c2ccccc12)C(=O)N[C@@](C)(Cc1ccccc1)C(=O)N[C@@H](CCC=O)C(=O)N1CCC[C@H]1C(=O)N[C@@H](CCCNC(=N)N)C(N)=O 0.10|CN(C(=O)Cc1cccs1)[C@@H](Cc1c[nH]c2ccccc12)C(=O)N[C@@](C)(Cc1ccccc1)C(=O)O 0.09|CN(C(=O)Cc1cccs1)[C@@H](Cc1c[nH]c2ccccc12)C(=O)N[C@@](C)(Cc1ccccc1)C(=O)N[C@@H](CCCNC(=N)N)C(=O)N1CCC[C@H]1C(=O)NCCCCNC(=N)N 0.09|CN(C(=O)Cc1ccc[s+]1O)[C@@H](Cc1c[nH]c2ccccc12)C(=O)N[C@@](C)(Cc1ccccc1)C(=O)N[C@@H](CCCNC(=N)N)C(=O)N1CCC[C@H]1C(=O)N[C@@H](CCCNC(=N)N)C(N)=O 0.07|CN(C(=O)Cc1cccs1)[C@@H](Cc1c[nH]c2ccccc12)C(=O)N[C@@](C)(Cc1ccccc1)C(=O)N[C@@H](CCCNC(=N)N)C(=O)N1CCC[C@H]1C(=O)N[C@@H](CCC=O)C(N)=O 0.07|CN(C(=O)Cc1cccs1)[C@@H](Cc1cn(O)c2ccccc12)C(=O)N[C@@](C)(Cc1ccccc1)C(=O)N[C@@H](CCCNC(=N)N)C(=O)N1CCC[C@H]1C(=O)N[C@@H](CCCNC(=N)N)C(N)=O 0.07|CN(C(=O)Cc1cccs1)[C@@H](Cc1c[nH]c2ccccc12)C(=O)N[C@@](C)(Cc1ccccc1)C(=O)N[C@@H](CCCNC(=N)N)C(=O)N1CCC[C@H]1C(=O)N[C@@H](CCCNC(=N)N)C(N)=O 0.06|CN(C(=O)Cc1cccs1)[C@@H](Cc1c[nH]c2ccccc12)C(=O)N[C@@](C)(Cc1ccccc1)C(=O)N[C@@H](CCCNC(=N)N)C(=O)N1CCC[C@H]1C(=N)N[C@@H](CCCNC(=N)N)C(N)=O 0.06|CN(C(=O)Cc1cccs1)[C@@H](CC1C(=O)Nc2ccccc21)C(=O)N[C@@](C)(Cc1ccccc1)C(=O)N[C@@H](CCCNC(=N)N)C(=O)N1CCC[C@H]1C(=O)N[C@@H](CCCNC(=N)N)C(N)=O 0.05,5,['CN(C(=O)Cc1cccs1)[C@@H](Cc1c[nH]c2ccccc12)C(=O)N[C@@](C)(Cc1ccccc1)C(=O)N[C@@H](CCCNC(=N)N)C(=O)N1CCC[C@H]1C(=O)N[C@@H](CCCNC(=N)N)C(=O)O'],"['C[C@@](CC1=CC=CC=C1)(NC(=O)[C@H](CC1=CNC2=CC=CC=C12)NC(=O)CC1=CC=CS1)C(=O)N[C@@H](CCCNC(=N)N)C(=O)N1CCC[C@H]1C(=O)N[C@@H](CCCNC(=N)N)C(N)=O', 'CN(C(=O)CC1=CC=CS1)[C@@H](CC1=CNC2=CC=CC=C12)C(=O)N[C@@](C)(CC1=CC=CC=C1)C(=O)N[C@@H](CCCNC(=N)N)C(=O)N1CCC[C@H]1C(=O)O', 'CN(C(=O)CC1=CC=CS1)[C@@H](CC1=CNC2=CC=C(O)C=C12)C(=O)N[C@@](C)(CC1=CC=CC=C1)C(=O)N[C@@H](CCCNC(=N)N)C(=O)N1CCC[C@H]1C(=O)N[C@@H](CCCNC(=N)N)C(N)=O', 'CN[C@@H](CC1=CNC2=CC=CC=C12)C(=O)N[C@@](C)(CC1=CC=CC=C1)C(=O)N[C@@H](CCCNC(=N)N)C(=O)N1CCC[C@H]1C(=O)N[C@@H](CCCNC(=N)N)C(N)=O', 'CN(C(=O)CC1=CC=CS1)[C@@H](CC1=CNC2=CC=CC=C12)C(=O)N[C@@](C)(CC1=CC=CC=C1)C(=O)N[C@@H](CCCNC(=N)N)C(=O)N1CCC[C@H]1C(N)=O', 'CN(C(=O)CC1=CC=CS1)[C@@H](CC1=CNC2=CC=CC=C12)C(=O)N[C@@](C)(CC1=CC=CC=C1)C(=O)N[C@@H](CCCNC(=N)N)C(=O)N1CCC[C@H]1C(=O)N[C@@H](CCCNC(=N)N)C(=O)O', 'C[C@](N)(CC1=CC=CC=C1)C(=O)N[C@@H](CCCNC(=N)N)C(=O)N1CCC[C@H]1C(=O)N[C@@H](CCCNC(=N)N)C(N)=O', 'CN(C(=O)CC1=CC=CS1)[C@@H](CC1=CNC2=CC=CC=C12)C(=O)N[C@@](C)(CC1=CC=CC=C1)C(=O)O', 'CN(C(=O)CC1=CC=CS1=O)[C@@H](CC1=CNC2=CC=CC=C12)C(=O)N[C@@](C)(CC1=CC=CC=C1)C(=O)N[C@@H](CCCNC(=N)N)C(=O)N1CCC[C@H]1C(=O)N[C@@H](CCCNC(=N)N)C(N)=O', 'CN(C(=O)CC1=CC=CS1)[C@@H](CC1=CNC2=CC=CC=C12)C(=O)N[C@@](C)(CC1=CC=CC=C1)C(=O)N[C@@H](CCCNC(N)=O)C(=O)N1CCC[C@H]1C(=O)N[C@@H](CCCNC(=N)N)C(N)=O', 'CN(C(=O)CC1=CC=CS1)[C@@H](CC1=CNC2=CC=CC=C12)C(=O)N[C@@](C)(CC1=CC=CC=C1)C(=O)N[C@@H](CCCNC(=N)N)C(=O)N1C(O)CC[C@H]1C(=O)N[C@@H](CCCNC(=N)N)C(N)=O', 'CN(C(=O)CC1=CC=CS1)[C@@H](CC1=CNC2=CC=CC=C12)C(=O)N[C@@H](CC1=CC=CC=C1)C(=O)N[C@@H](CCCNC(=N)N)C(=O)N1CCC[C@H]1C(=O)N[C@@H](CCCNC(=N)N)C(N)=O', 'CN(C(=O)CC1=CC=CS1)[C@@H](CC1=CNC2=CC=CC=C12)C(=O)N[C@@](C)(CC1=CC=CC=C1)C(=O)N[C@@H](CCCNC(=N)N)C(=O)N1CCC[C@H]1C(=O)N[C@@H](CCCNC(=N)N)C(N)=O', 'CN(CCC1=CC=CS1)[C@@H](CC1=CNC2=CC=CC=C12)C(=O)N[C@@](C)(CC1=CC=CC=C1)C(=O)N[C@@H](CCCNC(=N)N)C(=O)N1CCC[C@H]1C(=O)N[C@@H](CCCNC(=N)N)C(N)=O', 'CN(C(=O)CC1=CC=CS1)[C@@H](CC1=CNC2=CC=CC=C12)C(=O)N[C@@](C)(CC1=CC=CC=C1)C(=O)N[C@@H](CCCNC(=N)N)C(=O)O', 'CN(C(=O)CC1=CC=CS1)[C@@H](CC1=CNC2=CC=CC=C12)C(=O)N[C@@](C)(CC1=CC=CC=C1)C(N)=O', 'CN(C(=O)CC1=CC=CS1)[C@@H](CC1=CNC2=CC=CC=C12)C(=O)N[C@@](C)(CC1=CC=CC=C1)C(=O)N[C@@H](CCC=O)C(=O)N1CCC[C@H]1C(=O)N[C@@H](CCCNC(=N)N)C(N)=O', 'C[C@H](NC(=O)[C@H](CC1=CNC2=CC=CC=C12)N(C)C(=O)CC1=CC=CS1)C(=O)N[C@@H](CCCNC(=N)N)C(=O)N1CCC[C@H]1C(=O)N[C@@H](CCCNC(=N)N)C(N)=O', 'CN(C(=O)CC1=CC=C[S+]1O)[C@@H](CC1=CNC2=CC=CC=C12)C(=O)N[C@@](C)(CC1=CC=CC=C1)C(=O)N[C@@H](CCCNC(=N)N)C(=O)N1CCC[C@H]1C(=O)N[C@@H](CCCNC(=N)N)C(N)=O', 'CN(CC(=O)N[C@@](C)(CC1=CC=CC=C1)C(=O)N[C@@H](CCCNC(=N)N)C(=O)N1CCC[C@H]1C(=O)N[C@@H](CCCNC(=N)N)C(N)=O)C(=O)CC1=CC=CS1']",0,0
21,CCN(CC)C(=O)C1C=C2c3cccc4c3c(cn4C(=O)C3CC3)CC2N(C)C1,CCNC(=O)C1C=C2c3cccc4c3c(cn4C(=O)C3CC3)CC2N(C)C1 0.77|CCN(CC)C(=O)C1C=C2c3cccc4c3c(cn4C(=O)C3CC3)CC2NC1 0.47|CCN(CC)C(=O)C1C=C2c3cccc4[nH]cc(c34)CC2N(C)C1 0.46|CCN(CC)C(=O)C1C=C2c3cccc4c3c(cn4C(=O)C3CC3)C(O)C2N(C)C1 0.21|CCN(CCO)C(=O)C1C=C2c3cccc4c3c(cn4C(=O)C3CC3)CC2N(C)C1 0.13|CCN(CC)C(=O)C1C=C2c3cccc4c3c(cn4C(=O)C3CC3)CC2[N+](C)([O-])C1 0.11|CCN(CC)C(=O)C1C=C2c3ccc(O)c4c3c(cn4C(=O)C3CC3)CC2N(C)C1 0.11|CCN(C(=O)C1C=C2c3cccc4c3c(cn4C(=O)C3CC3)CC2N(C)C1)C(C)O 0.09|CCNC(=O)[C@H]1C=C2c3cccc4c3c(cn4C(=O)C3CC3)CC2N(C)C1 0.09|CCN(CC)C(=O)C1C=C2c3cc(O)cc4c3c(cn4C(=O)C3CC3)CC2N(C)C1 0.08|CCN(CC)C(=O)C1C=C2c3c(O)ccc4c3c(cn4C(=O)C3CC3)CC2N(C)C1 0.07|CCN(CC)C(=O)C1C=C2c3cccc4c3c(cn4C(=O)C3CC3)CC2(O)N(C)C1 0.07|CCNC(=O)[C@H]1C=C2c3cccc4c3c(cn4C(=O)C3CC3)C[C@H]2N(C)C1 0.06|CCN(CC)C(=O)C1C=C2c3cccc4c3c(cn4C(=O)C3CC3)CC2N(CO)C1 0.07|CCN(CC)C(=O)C1C=C2c3cccc4c3c(cn4C(=O)C3CC3)CC2N(C)C1O 0.06|CCNC(=O)[C@@H]1C=C2c3cccc4c3c(cn4C(=O)C3CC3)CC2N(C)C1 0.06|CCN(CC)C(=O)C1C=C2c3cccc4c3c(c(O)n4C(=O)C3CC3)CC2N(C)C1 0.05|CCN(CC)CC1C=C2c3cccc4c3c(cn4C(=O)C3CC3)CC2N(C)C1 0.04|CCN(CC)C(=O)C1(O)C=C2c3cccc4c3c(cn4C(=O)C3CC3)CC2N(C)C1 0.04|CCNC(=O)[C@@H]1C=C2c3cccc4c3c(cn4C(=O)C3CC3)C[C@H]2N(C)C1 0.04,3,['CCN(CC)C(=O)C1C=C2c3cccc4[nH]cc(c34)CC2N(C)C1'],"['CCNC(=O)C1C=C2C3=CC=CC4=C3C(=CN4C(=O)C3CC3)CC2N(C)C1', 'CCN(CC)C(=O)C1C=C2C3=CC=CC4=C3C(=CN4C(=O)C3CC3)CC2NC1', 'CCN(CC)C(=O)C1C=C2C3=CC=CC4=C3C(=CN4)CC2N(C)C1', 'CCN(CCO)C(=O)C1C=C2C3=CC=CC4=C3C(=CN4C(=O)C3CC3)CC2N(C)C1', 'CCN(CC)C(=O)C1C=C2C3=C(O)C=CC4=C3C(=CN4C(=O)C3CC3)CC2N(C)C1', 'CCN(CC)C(=O)C1C=C2C3=CC=CC4=C3C(=CN4C(=O)C3CC3)C(O)C2N(C)C1', 'CCN(CC)C(=O)C1C=C2C3=CC=CC4=C3C(=CN4C(=O)C3CC3)CC2[N+](C)([O-])C1', 'CCN(CC)C(=O)C1C=C2C3=CC=CC4=C3C(=CN4C(=O)C3CC3)CC2N(C)C1O', 'CCN(CC)C(=O)C1C=C2C3=CC=CC4=C3C(=CN4C(O)C3CC3)CC2N(C)C1', 'CCN(CC)CC1C=C2C3=CC=CC4=C3C(=CN4C(=O)C3CC3)CC2N(C)C1', 'CCN(CC)C(=O)C1C=C2C3=CC(O)=CC4=C3C(=CN4C(=O)C3CC3)CC2N(C)C1', 'CCN(C(=O)C1C=C2C3=CC=CC4=C3C(=CN4C(=O)C3CC3)CC2N(C)C1)C(C)O', 'CCN(C)C(=O)C1C=C2C3=CC=CC4=C3C(=CN4C(=O)C3CC3)CC2N(C)C1', 'CN1CC(C(=O)O)C=C2C3=CC=CC4=C3C(=CN4C(=O)C3CC3)CC12', 'CCN(CC)C(=O)C1C=C2C3=CC=CC4=C3C(=CN4C(=O)C3CC3O)CC2N(C)C1', 'CC[N+]([O-])(CC)C(=O)C1C=C2C3=CC=CC4=C3C(=CN4C(=O)C3CC3)CC2N(C)C1', 'CCN(CC)C(=O)C1CN(C)C2CC3=CN(C(=O)C4CC4)C4=CC=CC(=C34)C2=C1O', 'CCN(CC)C(=O)C1C=C2C3=CC=C(O)C4=C3C(=CN4C(=O)C3CC3)CC2N(C)C1', 'CCN(CC)C(=O)C1(O)C=C2C3=CC=CC4=C3C(=CN4C(=O)C3CC3)CC2N(C)C1', 'CCN(CC)C(=O)C1C=C2C3=CC=CC4=C3C(=CN4C(=O)C3CC3)CC2(O)N(C)C1']",3,3
22,COc1c([C@H]2C(C(=O)Nc3ccnc(C(N)=O)c3)O[C@@](C)(C(F)(F)F)[C@H]2C)ccc(F)c1F,C[C@H]1[C@@H](c2ccc(F)c(F)c2O)C(C(=O)Nc2ccnc(C(N)=O)c2)O[C@@]1(C)C(F)(F)F 0.76|COc1c([C@H]2C(C(=O)O)O[C@@](C)(C(F)(F)F)[C@H]2C)ccc(F)c1F 0.42|COc1c([C@H]2C(C(=O)Nc3cc[n+]([O-])c(C(N)=O)c3)O[C@@](C)(C(F)(F)F)[C@H]2C)ccc(F)c1F 0.33|COc1c([C@H]2C(C(=O)Nc3ccnc(C(=O)O)c3)O[C@@](C)(C(F)(F)F)[C@H]2C)ccc(F)c1F 0.26|COc1c([C@H]2C(C(=O)Nc3ccnc(C(N)=O)c3)O[C@@](C)(C(F)(F)F)[C@@H]2CO)ccc(F)c1F 0.16|COc1c(C(=CC(=O)Nc2ccnc(C(N)=O)c2)[C@H](C)[C@@](C)(O)C(F)(F)F)ccc(F)c1F 0.14|COc1c([C@H]2C(C(=O)Nc3ccnc(C(N)=O)c3)O[C@@](C)(C(F)(F)F)[C@H]2C)ccc(O)c1F 0.13|COc1c(F)c(F)cc(O)c1[C@H]1C(C(=O)Nc2ccnc(C(N)=O)c2)O[C@@](C)(C(F)(F)F)[C@H]1C 0.13|COc1c([C@@H](C(O)C(=O)Nc2ccnc(C(N)=O)c2)[C@H](C)[C@@](C)(O)C(F)(F)F)ccc(F)c1F 0.11|COc1c(C2=C(C(=O)Nc3ccnc(C(N)=O)c3)O[C@@](C)(C(F)(F)F)[C@H]2C)ccc(F)c1F 0.10|COc1c([C@H]2C(C(=O)Nc3cc(C(N)=O)ncc3O)O[C@@](C)(C(F)(F)F)[C@H]2C)ccc(F)c1F 0.10|COc1c([C@H]2C(C(=O)Nc3ccnc(C(N)=O)c3)O[C@](CO)(C(F)(F)F)[C@H]2C)ccc(F)c1F 0.09|COc1c([C@H]2C(C(=O)Nc3ccnc(C(N)=O)c3)O[C@@](C)(C(F)(F)F)[C@H]2C)ccc(F)c1O 0.09|C[C@H]1C(c2ccc(F)c(F)c2O)C(C(=O)Nc2ccnc(C(N)=O)c2)O[C@@]1(C)C(F)(F)F 0.08|NC(=O)c1cc(N)ccn1 0.08|COc1c([C@@H]2[C@H](C)[C@](C)(C(F)(F)F)O[C@H]2C(=O)O)ccc(F)c1F 0.07|COc1c([C@H]2C(C(=O)Nc3ccnc(C(N)=O)c3)O[C@@](C)(C(F)(F)F)[C@H]2C)cc(O)c(F)c1F 0.06|COc1c([C@H]2C(C(=O)Nc3ccnc(C(N)=O)c3)O[C@@](C)(C(F)(F)F)[C@H]2CO)ccc(F)c1F 0.06|COc1c([C@H]2C(C(N)=O)O[C@@](C)(C(F)(F)F)[C@H]2C)ccc(F)c1F 0.06|COc1c(C2=C(C(=O)Nc3ccnc(C(=O)O)c3)O[C@@](C)(C(F)(F)F)[C@H]2C)ccc(F)c1F 0.06,1,['C[C@H]1[C@@H](c2ccc(F)c(F)c2O)C(C(=O)Nc2ccnc(C(N)=O)c2)O[C@@]1(C)C(F)(F)F'],"['COC1=C([C@H]2C(C(=O)O)O[C@@](C)(C(F)(F)F)[C@H]2C)C=CC(F)=C1F', 'COC1=C([C@H]2C(C(=O)NC3=CC=NC(C(=O)O)=C3)O[C@@](C)(C(F)(F)F)[C@H]2C)C=CC(F)=C1F', 'C[C@H]1[C@@H](C2=CC=C(F)C(F)=C2O)C(C(=O)NC2=CC=NC(C(N)=O)=C2)O[C@@]1(C)C(F)(F)F', 'COC1=C([C@H]2C(C(=O)NC3=CC=[N+]([O-])C(C(N)=O)=C3)O[C@@](C)(C(F)(F)F)[C@H]2C)C=CC(F)=C1F', 'COC1=C([C@@H]2[C@H](C)[C@](C)(C(F)(F)F)O[C@H]2C(=O)O)C=CC(F)=C1F', 'COC1=C([C@H]2C(C(=O)NC3=CC(O)=NC(C(N)=O)=C3)O[C@@](C)(C(F)(F)F)[C@H]2C)C=CC(F)=C1F', 'COC1=C(F)C(F)=CC(O)=C1[C@H]1C(C(=O)NC2=CC=NC(C(N)=O)=C2)O[C@@](C)(C(F)(F)F)[C@H]1C', 'COC1=C([C@H]2C(C(=O)NC3=CC=NC(C(N)=O)=C3)O[C@@](C)(C(F)(F)F)[C@@H]2CO)C=CC(F)=C1F', 'COC1=C([C@H]2C(C(=O)NC3=CC=NC(C(N)=O)=C3)O[C@@](C)(C(F)(F)F)[C@H]2CO)C=CC(F)=C1F', 'COC1=C([C@H]2C(C(=O)NC3=CC(C(N)=O)=NC=C3O)O[C@@](C)(C(F)(F)F)[C@H]2C)C=CC(F)=C1F', 'COC1=C([C@H]2C(C(N)=O)O[C@@](C)(C(F)(F)F)[C@H]2C)C=CC(F)=C1F', 'COC1=C([C@@H]2[C@H](C)[C@](C)(C(F)(F)F)O[C@H]2C(=O)NC2=CC=[N+]([O-])C(C(N)=O)=C2)C=CC(F)=C1F', 'COC1=C([C@H]2C(C(=O)NC3=CC=NC(C(N)=O)=C3)O[C@](CO)(C(F)(F)F)[C@H]2C)C=CC(F)=C1F', 'NC(=O)C1=CC(N)=CC=N1', 'COC1=C([C@@H](C(O)C(=O)NC2=CC=NC(C(N)=O)=C2)[C@H](C)[C@@](C)(O)C(F)(F)F)C=CC(F)=C1F', 'COC1=C([C@H]2C(C(=O)NC3=CC(=O)NC(C(N)=O)=C3)O[C@@](C)(C(F)(F)F)[C@H]2C)C=CC(F)=C1F', 'COC1=C([C@H]2C(C(=O)N(O)C3=CC=NC(C(N)=O)=C3)O[C@@](C)(C(F)(F)F)[C@H]2C)C=CC(F)=C1F', 'COC1=C(C2=C(C(=O)NC3=CC=NC(C(=O)O)=C3)O[C@@](C)(C(F)(F)F)[C@H]2C)C=CC(F)=C1F', 'COC1=C([C@H]2C(C(=O)NC3=CC=NC(C(N)=O)=C3)O[C@@](C)(C(F)(F)F)[C@H]2C)C=CC(F)=C1O', 'COC1=C([C@H]2C(C(=O)NC3=CC=NC(C(N)=O)=C3)O[C@@](C)(C(F)(F)F)[C@H]2C)C=CC(O)=C1F']",3,3
23,CCN(CC)CCc1c[nH]c2cccc(OC(C)=O)c12,CCN(CC)CCc1c[nH]c2cccc(O)c12 0.91|CCNCCc1c[nH]c2cccc(OC(C)=O)c12 0.37|CCN(CC)CCc1c[nH]c2ccc(O)c(OC(C)=O)c12 0.22|CC[N+]([O-])(CC)CCc1c[nH]c2cccc(OC(C)=O)c12 0.21|CCN(CC)CCC1C=Nc2cccc(O)c21 0.14|CCN(CC)CCc1c[nH]c2c(O)ccc(OC(C)=O)c12 0.12|CCNCCc1c[nH]c2cccc(O)c12 0.11|CCN(CC)CCc1c[nH]c2cc(O)cc(OC(C)=O)c12 0.09|CCN(CC)CCc1c[nH]c2c(O)ccc(O)c12 0.09|CCN(CCO)CCc1c[nH]c2cccc(OC(C)=O)c12 0.08|CCN(CC)CCC12OC1Nc1cccc(OC(C)=O)c12 0.08|CCN(CC)CCc1c[nH]c2cccc(OC(=O)CO)c12 0.08|CCN(CC)CC(O)c1c[nH]c2cccc(OC(C)=O)c12 0.07|CC(=O)Oc1cccc2[nH]cc(CC=O)c12 0.07|CCN(CC)CCC1C(=O)Nc2cccc(OC(C)=O)c21 0.06|CCN(CC)CCc1c[nH]c2cccc(OC=O)c12 0.05|CCN(CC)CCC1CNc2cccc(O)c21 0.05|CCN(CC)CCc1c[nH]c2cc(O)cc(O)c12 0.05|CCN(CC)CCc1c(O)[nH]c2cccc(OC(C)=O)c12 0.04|CC(=O)Oc1cccc2[nH]cc(CCO)c12 0.04,1,['CCN(CC)CCc1c[nH]c2cccc(O)c12'],"['CCN(CC)CCC1=CNC2=CC=CC(O)=C12', 'CCN(CC)CCC1=CNC2=CC=C(O)C(OC(C)=O)=C12', 'CCNCCC1=CNC2=CC=CC(OC(C)=O)=C12', 'CC[N+]([O-])(CC)CCC1=CNC2=CC=CC(OC(C)=O)=C12', 'CCN(CC)CCC1=CNC2=C(O)C=CC(OC(C)=O)=C12', 'CCN(CC)CCC1=CNC2=CC(O)=CC(OC(C)=O)=C12', 'CCNCCC1=CNC2=CC=CC(O)=C12', 'CC(=O)OC1=CC=CC2=C1C(CC=O)=CN2', 'CCN(CC)CC(O)C1=CNC2=CC=CC(OC(C)=O)=C12', 'CCN(CCO)CCC1=CNC2=CC=CC(OC(C)=O)=C12', 'CCN(CC)CCC1=CNC2=CC=CC(OC(=O)CO)=C12', 'CCN(CC)CCC1=C(O)NC2=CC=CC(OC(C)=O)=C12', 'CCN(CC)CCC12OC1NC1=CC=CC(OC(C)=O)=C21', 'CCN(CC)C(O)CC1=CNC2=CC=CC(OC(C)=O)=C12', 'CCNCCC1=CNC2=CC=C(O)C(OC(C)=O)=C12', 'CCC(=O)OC1=CC=CC2=C1C(CCN(CC)CC)=CN2', 'CC(=O)O', 'CCN(C)CCC1=CNC2=CC=CC(OC(C)=O)=C12', 'CCN(CC)CCC1=CNC2=CC=C(O)C(O)=C12', 'CCN(CC)CCC1=CNC2=CC=CC(OC=O)=C12']",1,1
24,N#CC1CN(S(=O)(=O)c2cccc(C(=O)N3CCC[C@@H]3C(=O)NCc3ccc(C(F)(F)F)cc3)c2)C1,N#CC1CN(S(=O)(=O)c2cccc(C(=O)N3CCC[C@@H]3C(N)=O)c2)C1 0.61|N#CC(C=O)CNS(=O)(=O)c1cccc(C(=O)N2CCC[C@@H]2C(=O)NCc2ccc(C(F)(F)F)cc2)c1 0.42|O=C(O)C1CN(S(=O)(=O)c2cccc(C(=O)N3CCC[C@@H]3C(=O)NCc3ccc(C(F)(F)F)cc3)c2)C1 0.40|O=C(NCc1ccc(C(F)(F)F)cc1)[C@H]1CCCN1 0.30|N#CC1CN(S(=O)(=O)c2cccc(C(=O)N(CCC=O)CC(=O)NCc3ccc(C(F)(F)F)cc3)c2)C1 0.29|N#CC(CO)CNS(=O)(=O)c1cccc(C(=O)N2CCC[C@@H]2C(=O)NCc2ccc(C(F)(F)F)cc2)c1 0.28|N#CC1CN(S(=O)(=O)c2cccc(C(=O)N3CCC(O)[C@@H]3C(=O)NCc3ccc(C(F)(F)F)cc3)c2)C1 0.25|N#CC1CN(S(=O)(=O)c2cccc(C(=O)N3CCC[C@@H]3C(=O)O)c2)C1 0.17|NC(=O)C1CN(S(=O)(=O)c2cccc(C(=O)N3CCC[C@@H]3C(=O)NCc3ccc(C(F)(F)F)cc3)c2)C1 0.15|N#CC1CN(S(=O)(=O)c2cccc(C(=O)N[C@H](CCC=O)C(=O)NCc3ccc(C(F)(F)F)cc3)c2)C1 0.15|N#CC1CN(S(=O)(=O)c2cccc(C(=O)N3C(O)CC[C@@H]3C(=O)NCc3ccc(C(F)(F)F)cc3)c2)C1 0.13|N#CCCN(C=O)S(=O)(=O)c1cccc(C(=O)N2CCC[C@@H]2C(=O)NCc2ccc(C(F)(F)F)cc2)c1 0.09|N#CC1CN(S(=O)(=O)c2cccc(C(=O)N3CCC[C@@H]3C(=O)NC(O)c3ccc(C(F)(F)F)cc3)c2)C1 0.07|O=C(NCc1ccc(C(F)(F)F)cc1)[C@H]1CCCN1C(=O)c1cccc(S(=O)(=O)N2C=CC2)c1 0.07|N#CC1CN(S(=O)(=O)c2cccc(C(=O)N3CC(O)C[C@@H]3C(=O)NCc3ccc(C(F)(F)F)cc3)c2)C1 0.06|N#CC1CN(S(=O)(=O)c2ccc(O)c(C(=O)N3CCC[C@@H]3C(=O)NCc3ccc(C(F)(F)F)cc3)c2)C1 0.06|N#CC1CN(S(=O)(=O)c2cccc(C(=O)N3CCC[C@H]3C(N)=O)c2)C1 0.06|N#CC1CN(S(=O)(=O)c2cccc(C(=O)N3CCC[C@@H]3C(=O)NCc3ccc(C(F)(F)F)cc3)c2)C1O 0.05|N#CC1CN(S(=O)(=O)c2cccc(C(=O)NCCCC(=O)C(=O)NCc3ccc(C(F)(F)F)cc3)c2)C1 0.05|N#CC(C=O)CNS(=O)(=O)c1cccc(C(=O)N2CCC[C@H]2C(=O)NCc2ccc(C(F)(F)F)cc2)c1 0.04,O=C([C@H]1CCCN1C(C2=CC=CC(S(N)(=O)=O)=C2)=O)NCC(C=C3)=CC=C3C(F)(F)F,['NS(=O)(=O)c1cccc(C(=O)N2CCC[C@@H]2C(=O)NCc2ccc(C(F)(F)F)cc2)c1'],"['N#CC1CN(S(=O)(=O)C2=CC=CC(C(=O)N3CCC[C@@H]3C(N)=O)=C2)C1', 'O=C(O)C1CN(S(=O)(=O)C2=CC=CC(C(=O)N3CCC[C@@H]3C(=O)NCC3=CC=C(C(F)(F)F)C=C3)=C2)C1', 'N#CC(CO)CNS(=O)(=O)C1=CC=CC(C(=O)N2CCC[C@@H]2C(=O)NCC2=CC=C(C(F)(F)F)C=C2)=C1', 'N#CC(C=O)CNS(=O)(=O)C1=CC=CC(C(=O)N2CCC[C@@H]2C(=O)NCC2=CC=C(C(F)(F)F)C=C2)=C1', 'N#CC1CN(S(=O)(=O)C2=CC=CC(C(=O)N3CCC[C@@H]3C(=O)O)=C2)C1', 'NC(=O)C1CN(S(=O)(=O)C2=CC=CC(C(=O)N3CCC[C@@H]3C(=O)NCC3=CC=C(C(F)(F)F)C=C3)=C2)C1', 'N#CC1CN(S(=O)(=O)C2=CC=CC(C(=O)N3CCC(O)[C@@H]3C(=O)NCC3=CC=C(C(F)(F)F)C=C3)=C2)C1', 'N#CC1CN(S(=O)(=O)C2=CC=CC(C(=O)N3CCC[C@@H]3C(=O)NCC3=CC=C(C(F)(F)F)C=C3)=C2)C1O', 'N#CC1CN(S(=O)(=O)C2=CC=CC(C(=O)N3C(O)CC[C@@H]3C(=O)NCC3=CC=C(C(F)(F)F)C=C3)=C2)C1', 'O=C(NCC1=CC=C(C(F)(F)F)C=C1)[C@H]1CCCN1', 'N#CC1CN(S(=O)(=O)C2=CC=CC(C(=O)N[C@H](CCC=O)C(=O)NCC3=CC=C(C(F)(F)F)C=C3)=C2)C1', 'N#CC1CN(S(=O)(=O)C2=CC=CC(C(=O)N(CCC=O)CC(=O)NCC3=CC=C(C(F)(F)F)C=C3)=C2)C1', 'N#CC1CN(S(=O)(=O)C2=CC=CC(C(=O)N3CCC[C@@H]3C(=O)NC(O)C3=CC=C(C(F)(F)F)C=C3)=C2)C1', 'N#CC1CN(S(=O)C2=CC=CC(C(=O)N3CCC[C@@H]3C(=O)NCC3=CC=C(C(F)(F)F)C=C3)=C2)C1', 'N#CC1=CN(S(=O)(=O)C2=CC=CC(C(=O)N3CCC[C@@H]3C(=O)NCC3=CC=C(C(F)(F)F)C=C3)=C2)C1', 'O=C1CN(S(=O)(=O)C2=CC=CC(C(=O)N3CCC[C@@H]3C(=O)NCC3=CC=C(C(F)(F)F)C=C3)=C2)C1', 'N#CC1CN(S(=O)(=O)C2=CC=CC(C(=O)NCCCC(=O)C(=O)NCC3=CC=C(C(F)(F)F)C=C3)=C2)C1', 'N#CCCN(C=O)S(=O)(=O)C1=CC=CC(C(=O)N2CCC[C@@H]2C(=O)NCC2=CC=C(C(F)(F)F)C=C2)=C1', 'N#CC1CN(S(=O)(=O)C2=CC=CC(C(=O)N3CCC[C@H]3C(N)=O)=C2)C1', 'N#CC1CN(S(=O)(=O)C2=CC=CC(C(=O)N3CCC[C@@H]3C(=O)N(O)CC3=CC=C(C(F)(F)F)C=C3)=C2)C1']",0,0
25,CCC(CC)COC(=O)[C@H](C)N[P@](=O)(OC[C@H]1O[C@@](C#N)(c2ccc3c(N)ncnn23)[C@H](O)[C@@H]1O)Oc1ccccc1,C[C@H](N[P@](=O)(OC[C@H]1O[C@@](C#N)(c2ccc3c(N)ncnn23)[C@H](O)[C@@H]1O)Oc1ccccc1)C(=O)O 0.74|CCC(CC)COC(O)[C@H](C)N[P@](=O)(OC[C@H]1O[C@@](C#N)(c2ccc3c(N)ncnn23)[C@H](O)[C@@H]1O)Oc1ccccc1 0.35|CCC(CC)COC(=O)[C@H](C)N[P@](=O)(O)Oc1ccccc1 0.30|CCC(CCO)COC(=O)[C@H](C)N[P@](=O)(OC[C@H]1O[C@@](C#N)(c2ccc3c(N)ncnn23)[C@H](O)[C@@H]1O)Oc1ccccc1 0.29|N#C[C@@]1(c2ccc3c(N)ncnn23)O[C@H](CO[P@](=O)(O)Oc2ccccc2)[C@@H](O)[C@H]1O 0.28|N#C[C@@]1(c2ccc3c(N)ncnn23)O[C@H](COP(=O)(O)Oc2ccccc2)[C@@H](O)[C@H]1O 0.16|C[C@H](NP(=O)(OC[C@H]1O[C@@](C#N)(c2ccc3c(N)ncnn23)[C@H](O)[C@@H]1O)Oc1ccccc1)C(=O)O 0.16|CCC(CC)COC(=O)[C@H](C)N[P@](=O)(O)OC[C@H]1O[C@@](C#N)(c2ccc3c(N)ncnn23)[C@H](O)[C@@H]1O 0.15|CCC(CC)COC(=O)[C@H](C)N[PH](=O)(=O)Oc1ccccc1 0.14|CCC(COC(=O)[C@H](C)N[P@](=O)(OC[C@H]1O[C@@](C#N)(c2ccc3c(N)ncnn23)[C@H](O)[C@@H]1O)Oc1ccccc1)[C@@H](C)O 0.14|CCC(CC)COC(=O)[C@H](C)N[P@](=O)(OC[C@H]1O[C@@](C#N)(c2ccc3c(N)ncnn23)[C@H](O)[C@@H]1O)Oc1ccccc1 0.12|CCC(CC)COC(=O)C(C)NP(=O)(O)Oc1ccccc1 0.10|CCC(CC)COC(=O)[C@H](C)N 0.09|CCC(COC(=O)[C@H](C)N[P@](=O)(OC[C@H]1O[C@@](C#N)(c2ccc3c(N)ncnn23)[C@H](O)[C@@H]1O)Oc1ccccc1)C(C)O 0.09|CC(N[P@](=O)(OC[C@H]1O[C@@](C#N)(c2ccc3c(N)ncnn23)[C@H](O)[C@@H]1O)Oc1ccccc1)C(=O)O 0.09|CCC(COC(=O)[C@H](C)N[P@](=O)(OC[C@H]1O[C@@](C#N)(c2ccc3c(N)ncnn23)[C@H](O)[C@@H]1O)Oc1ccccc1)[C@H](C)O 0.08|CCC(CC)COC(=O)[C@H](C)N[P@](=O)(OC[C@H]1O[C@@](C#N)(c2ccc3c(N)ncnn23)[C@H](O)[C@@H]1O)Oc1ccc(O)cc1 0.07|CCC(CC)COC(=O)[C@H](C)NP(=O)(O)Oc1ccccc1 0.07|N#C[C@@]1(c2ccc3c(N)ncnn23)O[C@H](CO[P@](N)(=O)Oc2ccccc2)[C@@H](O)[C@H]1O 0.07|CC(NP(=O)(OC[C@H]1O[C@@](C#N)(c2ccc3c(N)ncnn23)[C@H](O)[C@@H]1O)Oc1ccccc1)C(=O)O 0.06,1,['C[C@H](N[P@](=O)(OC[C@H]1O[C@@](C#N)(c2ccc3c(N)ncnn23)[C@H](O)[C@@H]1O)Oc1ccccc1)C(=O)O'],"['C[C@H](N[P@](=O)(OC[C@H]1O[C@@](C#N)(C2=CC=C3C(N)=NC=NN23)[C@H](O)[C@@H]1O)OC1=CC=CC=C1)C(=O)O', 'N#C[C@@]1(C2=CC=C3C(N)=NC=NN23)O[C@H](CO[P@](=O)(O)OC2=CC=CC=C2)[C@@H](O)[C@H]1O', 'CCC(CCO)COC(=O)[C@H](C)N[P@](=O)(OC[C@H]1O[C@@](C#N)(C2=CC=C3C(N)=NC=NN23)[C@H](O)[C@@H]1O)OC1=CC=CC=C1', 'CCC(CC)COC(=O)[C@H](C)N[P@](=O)(O)OC1=CC=CC=C1', 'CCC(CC)COC(=O)[C@H](C)N[P@](=O)(OC[C@H]1O[C@@](C#N)(C2=CC=C3C(N)=NC=NN23)[C@H](O)[C@@H]1O)OC1=CC=C(O)C=C1', 'CCC(CC)COC(=O)CN[P@](=O)(OC[C@H]1O[C@@](C#N)(C2=CC=C3C(N)=NC=NN23)[C@H](O)[C@@H]1O)OC1=CC=CC=C1', 'CCC(CC)COC(O)[C@H](C)N[P@](=O)(OC[C@H]1O[C@@](C#N)(C2=CC=C3C(N)=NC=NN23)[C@H](O)[C@@H]1O)OC1=CC=CC=C1', 'N#C[C@@]1(C2=CC=C3C(N)=NC=NN23)O[C@H](COP(=O)(O)OC2=CC=CC=C2)[C@@H](O)[C@H]1O', 'CCC(COC(=O)[C@H](C)N[P@](=O)(OC[C@H]1O[C@@](C#N)(C2=CC=C3C(N)=NC=NN23)[C@H](O)[C@@H]1O)OC1=CC=CC=C1)C(C)O', 'CCC(CC)COC(=O)[C@H](C)N[P@](=O)(OC[C@H]1O[C@@](C#N)(C2=CC=C3C(N)=NC(O)=NN23)[C@H](O)[C@@H]1O)OC1=CC=CC=C1', 'CCC(CC)COC(=O)[C@H](CO)N[P@](=O)(OC[C@H]1O[C@@](C#N)(C2=CC=C3C(N)=NC=NN23)[C@H](O)[C@@H]1O)OC1=CC=CC=C1', 'C[C@H](NP(=O)(OC[C@H]1O[C@@](C#N)(C2=CC=C3C(N)=NC=NN23)[C@H](O)[C@@H]1O)OC1=CC=CC=C1)C(=O)O', 'CCC(CC)COC(=O)[C@H](C)N[P@](=O)(O)OC[C@H]1O[C@@](C#N)(C2=CC=C3C(N)=NC=NN23)[C@H](O)[C@@H]1O', 'CCC(CC)COC(=O)[C@H](C)NP(=O)(O)OC1=CC=CC=C1', 'CCC(CC)COC(=O)[C@H](C)N', 'CCC(CC)COC(=O)C(C)NP(=O)(O)OC1=CC=CC=C1', 'CCC(CC)COC(=O)[C@H](C)N[P@](=O)(OC[C@H]1O[C@@](C#N)(C2=CC=C3C(N)=NC=NN23)[C@H](O)[C@@H]1O)OC1=CC=CC=C1', 'CCC(CC)COC(=O)[C@H](C)N[P@](=O)(OC[C@H]1O[C@@](C#N)(C2=CC(O)=C3C(N)=NC=NN23)[C@H](O)[C@@H]1O)OC1=CC=CC=C1', 'CCC(COC(=O)[C@H](C)N[P@](=O)(OC[C@H]1O[C@@](C#N)(C2=CC=C3C(N)=NC=NN23)[C@H](O)[C@@H]1O)OC1=CC=CC=C1)[C@@H](C)O', 'CCC(CC)COC(O)[C@H](C)NP(=O)(OC[C@H]1O[C@@](C#N)(C2=CC=C3C(N)=NC=NN23)[C@H](O)[C@@H]1O)OC1=CC=CC=C1']",1,1
26,O=C1CC[C@@H](N2Cc3c(OCc4ccc(CN5CCOCC5)cc4)cccc3C2=O)C(=O)N1,O=C1CC[C@@H](N2Cc3c(O)cccc3C2=O)C(=O)N1 0.79|NC(=O)[C@@H](CCC(=O)O)N1Cc2c(OCc3ccc(CN4CCOCC4)cc3)cccc2C1=O 0.51|O=Cc1ccc(COc2cccc3c2CN([C@@H]2CCC(=O)NC2=O)C3=O)cc1 0.36|O=CCN(CCO)Cc1ccc(COc2cccc3c2CN([C@@H]2CCC(=O)NC2=O)C3=O)cc1 0.29|O=CCOCCNCc1ccc(COc2cccc3c2CN([C@@H]2CCC(=O)NC2=O)C3=O)cc1 0.25|NC(=O)CC[C@H](C(=O)O)N1Cc2c(OCc3ccc(CN4CCOCC4)cc3)cccc2C1=O 0.14|O=C1CC[C@@H](N2Cc3c(OCc4ccc(CN5CCOCC5O)cc4)cccc3C2=O)C(=O)N1 0.09|O=C1CC[C@@H](N2Cc3c(OCc4ccc(C[N+]5([O-])CCOCC5)cc4)cccc3C2=O)C(=O)N1 0.09|O=C1NCc2c(OCc3ccc(CN4CCOCC4)cc3)cccc21 0.09|O=C1CC[C@@H](N2Cc3c(OCc4ccc(CN5CCOCC5)cc4)cc(O)cc3C2=O)C(=O)N1 0.08|O=C1NC(=O)[C@H](N2Cc3c(OCc4ccc(CN5CCOCC5)cc4)cccc3C2=O)CC1O 0.08|O=C1CC(O)[C@@H](N2Cc3c(OCc4ccc(CN5CCOCC5)cc4)cccc3C2=O)C(=O)N1 0.07|O=C1CC[C@@H](N2Cc3c(OCc4ccc(CN5CCOCC5)cc4)ccc(O)c3C2=O)C(=O)N1 0.07|O=C1CC[C@@H](NCc2c(OCc3ccc(CN4CCOCC4)cc3)cccc2C(=O)O)C(=O)N1 0.05|O=C1CC[C@@H](N2Cc3c(OCc4ccc(CNCCO)cc4)cccc3C2=O)C(=O)N1 0.05|O=C(O)CN(CCO)Cc1ccc(COc2cccc3c2CN([C@@H]2CCC(=O)NC2=O)C3=O)cc1 0.05|O=C1C=C[C@@H](N2Cc3c(OCc4ccc(CN5CCOCC5)cc4)cccc3C2=O)C(=O)N1 0.04|O=C1CC[C@@H](N2Cc3c(ccc(O)c3OCc3ccc(CN4CCOCC4)cc3)C2=O)C(=O)N1 0.04|O=C1CC[C@@H](N2Cc3c(OC(O)c4ccc(CN5CCOCC5)cc4)cccc3C2=O)C(=O)N1 0.04|O=C1CC[C@@H](N2C(=O)c3cccc(OCc4ccc(CN5CCOCC5)cc4)c3C2O)C(=O)N1 0.04,[H][C@]1(CCC(NC1=O)=O)N2CC3=C(C2=O)C=CC=C3OCC4=CC=C(C=C4)CN5CCOCC5=O,['O=C1CC[C@@H](N2Cc3c(OCc4ccc(CN5CCOCC5=O)cc4)cccc3C2=O)C(=O)N1'],"['O=C1CC[C@@H](N2CC3=C(O)C=CC=C3C2=O)C(=O)N1', 'NC(=O)[C@@H](CCC(=O)O)N1CC2=C(OCC3=CC=C(CN4CCOCC4)C=C3)C=CC=C2C1=O', 'O=CC1=CC=C(COC2=CC=CC3=C2CN([C@@H]2CCC(=O)NC2=O)C3=O)C=C1', 'O=CCN(CCO)CC1=CC=C(COC2=CC=CC3=C2CN([C@@H]2CCC(=O)NC2=O)C3=O)C=C1', 'O=CCOCCNCC1=CC=C(COC2=CC=CC3=C2CN([C@@H]2CCC(=O)NC2=O)C3=O)C=C1', 'O=C1CC[C@@H](NCC2=C(C(=O)O)C=CC=C2OCC2=CC=C(CN3CCOCC3)C=C2)C(=O)N1', 'NC(=O)CC[C@H](C(=O)O)N1CC2=C(OCC3=CC=C(CN4CCOCC4)C=C3)C=CC=C2C1=O', 'O=C(O)CN(CCO)CC1=CC=C(COC2=CC=CC3=C2CN([C@@H]2CCC(=O)NC2=O)C3=O)C=C1', 'O=C1NC(=O)[C@H](N2CC3=C(OCC4=CC=C(CN5CCOCC5)C=C4)C=CC=C3C2=O)CC1O', 'O=C1CC[C@@H](N2CC3=C(OCC4=CC=C(CN5CCOCC5O)C=C4)C=CC=C3C2=O)C(=O)N1', 'O=C1CC(O)[C@@H](N2CC3=C(OCC4=CC=C(CN5CCOCC5)C=C4)C=CC=C3C2=O)C(=O)N1', 'O=C1CC[C@@H](N2CC3=C(OCC4=CC=C(C[N+]5([O-])CCOCC5)C=C4)C=CC=C3C2=O)C(=O)N1', 'O=C1CC[C@@H](N2CC3=C(OCC4=CC=C(CN5CCOCC5)C=C4)C=CC(O)=C3C2=O)C(=O)N1', 'O=C1CC[C@@H](N2CC3=C(C=CC(O)=C3OCC3=CC=C(CN4CCOCC4)C=C3)C2=O)C(=O)N1', 'NC(=O)C(CCC(=O)O)N1CC2=C(OCC3=CC=C(CN4CCOCC4)C=C3)C=CC=C2C1=O', 'O=C1CC[C@@H](N2CC3=C(OCC4=CC=C(CN5CCOC(O)C5)C=C4)C=CC=C3C2=O)C(=O)N1', 'O=C1CC[C@@H](N2CC3=C(OCC4=CC=C(CNCCO)C=C4)C=CC=C3C2=O)C(=O)N1', 'O=C1NC(=O)[C@H](N2CC3=C(OCC4=CC=C(CN5CCOCC5)C=C4)C=CC=C3C2=O)C[C@@H]1O', 'O=C1CC[C@@H](N(CC2=CC=CC=C2OCC2=CC=C(CN3CCOCC3)C=C2)C(=O)O)C(=O)N1', 'O=C1NCC2=C(OCC3=CC=C(CN4CCOCC4)C=C3)C=CC=C12']",0,0
27,CNC(C)Cc1ccc2c(c1)OCO2,CC(N)Cc1ccc2c(c1)OCO2 0.82|CN[C@@H](C)Cc1ccc2c(c1)OCO2 0.38|CNC(C)Cc1ccc(O)c(O)c1 0.26|CN[C@H](C)Cc1ccc2c(c1)OCO2 0.25|C[C@@H](N)Cc1ccc2c(c1)OCO2 0.22|CNCCc1ccc2c(c1)OCO2 0.19|CNC(C)C(O)c1ccc2c(c1)OCO2 0.19|C[C@H](N)Cc1ccc2c(c1)OCO2 0.17|CNC(C)Cc1cc2c(cc1O)OCO2 0.15|CC(=O)Cc1ccc2c(c1)OCO2 0.14|CNC(C)Cc1ccc(OC)c(O)c1 0.10|CCNC(C)Cc1ccc2c(c1)OCO2 0.09|C 0.08|CC(Cc1ccc2c(c1)OCO2)N(C)C 0.08|CNC(C)Cc1ccc(O)c(OC)c1 0.08|CC(Cc1ccc2c(c1)OCO2)N(C)O 0.06|CNC(C)(O)Cc1ccc2c(c1)OCO2 0.05|CNC(CO)Cc1ccc2c(c1)OCO2 0.05|CN[C@H](C)Cc1cc2c(cc1O)OCO2 0.05|CNC(C)Cc1cc(O)c2c(c1)OCO2 0.05,1,['CC(N)Cc1ccc2c(c1)OCO2'],"['CC(N)CC1=CC=C2C(=C1)OCO2', 'CC(=O)CC1=CC=C2C(=C1)OCO2', 'C[C@@H](N)CC1=CC=C2C(=C1)OCO2', 'CN[C@@H](C)CC1=CC=C(O)C(O)=C1', 'C[C@H](N)CC1=CC=C2C(=C1)OCO2', 'CN[C@@H](C)CC1=CC=C2C(=C1)OCO2', 'CN[C@H](C)CC1=CC=C2C(=C1)OCO2', 'CNC(C)C(O)C1=CC=C2C(=C1)OCO2', 'CN[C@H](C)CC1=CC=C(O)C(O)=C1', 'CNC(C)CC1=CC=C(O)C(OCO)=C1', 'CC(CC1=CC=C2C(=C1)OCO2)N(C)C', 'CCNC(C)CC1=CC=C2C(=C1)OCO2', 'CNC(C)CC1=CC=C2C(=C1O)OCO2', 'CC(CC1=CC=C2C(=C1)OCO2)N(C)O', 'CN[C@@H](C)CC1=CC=C(OCO)C(O)=C1', 'CNC(C)CC1=CC2=C(C=C1O)OCO2', 'CNC(C)CC1=CC=C(O)C(OC)=C1', 'CC(CC1=CC=C2C(=C1)OCO2)NCO', 'CN[C@@H](C)CC1=CC=C(OC)C(O)=C1', 'CNCCC1=CC=C2C(=C1)OCO2']",1,1
28,Cn1cnc2ncn(Cc3nc([C@@H]4CO[C@@H](c5ccc(Cl)cc5)C4)no3)c(=O)c21,O=c1c2[nH]cnc2ncn1Cc1nc([C@@H]2CO[C@@H](c3ccc(Cl)cc3)C2)no1 0.87|Cn1cnc2ncn(CC(=O)NC(=N)[C@@H]3CO[C@@H](c4ccc(Cl)cc4)C3)c(=O)c21 0.31|O=Cc1nc([C@@H]2CO[C@@H](c3ccc(Cl)cc3)C2)no1 0.27|Cn1cnc2ncn(Cc3nc([C@H](CO)CC(O)c4ccc(Cl)cc4)no3)c(=O)c21 0.22|O=c1c2[nH]cnc2ncn1Cc1nc([C@@H]2COC(c3ccc(Cl)cc3)C2)no1 0.22|Cn1cnc2ncn(Cc3nc([C@H](CO)CC(=O)c4ccc(Cl)cc4)no3)c(=O)c21 0.17|Cn1cnc2ncn(Cc3nc([C@@H]4CO[C@@H](c5ccc(Cl)cc5O)C4)no3)c(=O)c21 0.17|O=c1c2[nH]cnc2ncn1Cc1nc(C2CO[C@@H](c3ccc(Cl)cc3)C2)no1 0.15|Cn1cnc2ncn(Cc3nc([C@H](CO)C[C@H](O)c4ccc(Cl)cc4)no3)c(=O)c21 0.15|Cn1cnc2ncn(CC(O)=NC(=N)[C@@H]3CO[C@@H](c4ccc(Cl)cc4)C3)c(=O)c21 0.13|O=c1c2[nH]cnc2ncn1Cc1nc([C@@H]2CO[C@H](c3ccc(Cl)cc3)C2)no1 0.13|O=c1c2[nH]cnc2ncn1Cc1nc(C2COC(c3ccc(Cl)cc3)C2)no1 0.13|Cn1cnc2ncn(Cc3nc([C@@H]4CO[C@@](O)(c5ccc(Cl)cc5)C4)no3)c(=O)c21 0.10|Cn1cnc2ncn(Cc3nc([C@H](CO)C[C@@H](O)c4ccc(Cl)cc4)no3)c(=O)c21 0.10|Cn1c(=O)[nH]c2ncn(Cc3nc([C@@H]4CO[C@@H](c5ccc(Cl)cc5)C4)no3)c(=O)c21 0.08|Cn1c(O)nc2ncn(Cc3nc([C@@H]4CO[C@@H](c5ccc(Cl)cc5)C4)no3)c(=O)c21 0.08|Cn1cnc2ncn(CC(=O)NC(=N)C3CO[C@@H](c4ccc(Cl)cc4)C3)c(=O)c21 0.07|OCc1nc([C@@H]2CO[C@@H](c3ccc(Cl)cc3)C2)no1 0.06|Cn1cnc2ncn(Cc3nc([C@H](C=O)C[C@@H](O)c4ccc(Cl)cc4)no3)c(=O)c21 0.06|Cn1cnc2ncn(Cc3nc([C@@]4(O)CO[C@@H](c5ccc(Cl)cc5)C4)no3)c(=O)c21 0.06,CN1C=NC2=C1C(N(C(N2)=O)CC3=NC([C@@H]4CO[C@H](C4)C5=CC=C(C=C5)Cl)=NO3)=O,['Cn1cnc2[nH]c(=O)n(Cc3nc([C@@H]4CO[C@@H](c5ccc(Cl)cc5)C4)no3)c(=O)c21'],"['O=C1C2=C(N=CN2)N=CN1CC1=NC([C@@H]2CO[C@@H](C3=CC=C(Cl)C=C3)C2)=NO1', 'O=CC1=NC([C@@H]2CO[C@@H](C3=CC=C(Cl)C=C3)C2)=NO1', 'CN1C=NC2=C1C(=O)N(CC(O)=NC(=N)[C@@H]1CO[C@@H](C3=CC=C(Cl)C=C3)C1)C=N2', 'CN1C=NC2=C1C(=O)N(CC(=O)NC(=N)[C@@H]1CO[C@@H](C3=CC=C(Cl)C=C3)C1)C=N2', 'CN1C=NC2=C1C(=O)N(CC1=NC(CCO[C@@H](C=O)C3=CC=C(Cl)C=C3)=NO1)C=N2', 'CN1C=NC2=C1C(=O)N(CC1=NC([C@H](CO)C[C@@H](O)C3=CC=C(Cl)C=C3)=NO1)C=N2', 'O=C1C2=C(N=CN2)N=CN1CC1=NC([C@@H]2COC(C3=CC=C(Cl)C=C3)C2)=NO1', 'CN1C(=O)NC2=C1C(=O)N(CC1=NC([C@@H]3CO[C@@H](C4=CC=C(Cl)C=C4)C3)=NO1)C=N2', 'O=C1C2=C(N=CN2)N=CN1CC1=NC([C@@H]2CO[C@H](C3=CC=C(Cl)C=C3)C2)=NO1', 'CN1C=NC2=C1C(=O)N(CC1=NC([C@H](CO)C[C@H](O)C3=CC=C(Cl)C=C3)=NO1)C=N2', 'CN1C=NC2=C1C(=O)N(CC(O)=NC(=N)[C@@H]1CO[C@H](C3=CC=C(Cl)C=C3)C1)C=N2', 'O=C1C2=C(N=CN2)N=CN1CC1=NC(C2COC(C3=CC=C(Cl)C=C3)C2)=NO1', 'CN1C=NC2=C1C(=O)N(CC1=NC([C@@H]3CO[C@@H](C4=CC=C(Cl)C=C4)C3)=NO1)C(=O)N2', 'CN1C=NC2=C1C(=O)N(CC1=NC([C@@H](C=O)COCC3=CC=C(Cl)C=C3)=NO1)C=N2', 'CN1C=NC2=C1C(=O)N(CC1=NC(CCO[C@H](C=O)C3=CC=C(Cl)C=C3)=NO1)C=N2', 'CN1C=NC2=C1C(=O)N(CC1=NC([C@H](CO)CC(O)C3=CC=C(Cl)C=C3)=NO1)C=N2', 'CN1C(O)=NC2=C1C(=O)N(CC1=NC([C@@H]3CO[C@@H](C4=CC=C(Cl)C=C4)C3)=NO1)C=N2', 'CN1C=NC2=C1C(=O)N(CC1=NC([C@H](C=O)CC(O)C3=CC=C(Cl)C=C3)=NO1)C=N2', 'CN1C=NC2=C1C(=O)N(CC1=NC([C@@H]3CO[C@@H](C4=CC=C(Cl)C=C4O)C3)=NO1)C=N2', 'CN1C=NC2=C1C(=O)N(CC1=NC([C@H](C=O)C[C@@H](O)C3=CC=C(Cl)C=C3)=NO1)C=N2']",0,3
29,CC1OC(OC2C(OC(=O)[C@]34CCC(C)(C)CC3C3=CCC5[C@@]6(C)C[C@H](O)[C@H](OC7OC(CO)C(O)C(O)C7O)C(CO)(CO)C6CC[C@@]5(C)[C@]3(C)C[C@H]4O)OCC(O)C2O)C(O)C(O)C1OC1OCC(O)C(OC2OCC(O)C2(O)CO)C1O,CC1OC(OC2C(OC(=O)[C@]34CCC(C)(C)CC3C3=CCC5[C@@]6(C)C[C@H](O)[C@H](O)C(CO)(CO)C6CC[C@@]5(C)[C@]3(C)C[C@H]4O)OCC(O)C2O)C(O)C(O)C1OC1OCC(O)C(OC2OCC(O)C2(O)CO)C1O 0.49|CC1OC(OC2C(OC(=O)[C@]34CCC(C)(C)CC3C3=CCC5[C@]6(CO)C[C@H](O)[C@H](OC7OC(CO)C(O)C(O)C7O)C(CO)(CO)C6CC[C@@]5(C)[C@]3(C)C[C@H]4O)OCC(O)C2O)C(O)C(O)C1OC1OCC(O)C(OC2OCC(O)C2(O)CO)C1O 0.35|CC1OC(OC2C(OC(=O)[C@]34CCC(C)(C)CC3C3=CCC5[C@@]6(C)C[C@H](O)[C@H](OC7OC(CO)C(O)C(O)C7O)C(CO)(CO)C6CC[C@@]5(C)[C@@]3(CO)C[C@H]4O)OCC(O)C2O)C(O)C(O)C1OC1OCC(O)C(OC2OCC(O)C2(O)CO)C1O 0.33|CC1OC(O)C(O)C(O)C1OC1OCC(O)C(OC2OCC(O)C2(O)CO)C1O 0.28|CC1OC(OC2C(OC(=O)[C@]34CCC(C)(C)CC3C3=CCC5[C@@]6(C)C[C@H](O)[C@H](OC7OC(CO)C(O)C(O)C7O)C(CO)(CO)C6CC[C@@]5(C)[C@]3(C)C[C@H]4O)OCC(O)C2O)C(O)C(O)C1O 0.17|CC1OC(OC2C(OC(=O)[C@]34CCC(C)(C)CC3C3=CCC5[C@@]6(C)C[C@H](O)[C@@H](O)C(CO)(CO)C6CC[C@@]5(C)[C@]3(C)C[C@H]4O)OCC(O)C2O)C(O)C(O)C1OC1OCC(O)C(OC2OCC(O)C2(O)CO)C1O 0.14|CC1(C)CC[C@@]2(C(=O)OC3OCC(O)C(O)C3O)C(C1)C1=CCC3[C@@]4(C)C[C@H](O)[C@H](OC5OC(CO)C(O)C(O)C5O)C(CO)(CO)C4CC[C@@]3(C)[C@]1(C)C[C@H]2O 0.12|CC1OC(OC2C(OC(=O)[C@]34CCC(C)(C)CC3C3=CCC5[C@@]6(C)C[C@H](O)[C@H](OC7OC(CO)C(O)C(O)C7O)C(C=O)(CO)C6CC[C@@]5(C)[C@]3(C)C[C@H]4O)OCC(O)C2O)C(O)C(O)C1OC1OCC(O)C(OC2OCC(O)C2(O)CO)C1O 0.09|CC1OC(OC2C(OC(=O)[C@]34CCC(C)(C)CC3C3=CCC5[C@@]6(C)C[C@H](O)[C@H](O)C(CO)(CO)C6CC[C@@]5(C)[C@]3(C)C[C@H]4O)OCC(O)C2O)C(O)C(O)C1OC1OCC(O)C(O)C1O 0.09|CC1(C)CC[C@@]2(C(=O)O)C(C1)C1=CCC3[C@@]4(C)C[C@H](O)[C@H](OC5OC(CO)C(O)C(O)C5O)C(CO)(CO)C4CC[C@@]3(C)[C@]1(C)C[C@H]2O 0.09|CC1OC(OC2C(OC(=O)[C@]34CCC(C)(C)CC3C3=CCC5[C@@]6(CCC7C(CO)(CO)[C@@H](OC8OC(CO)C(O)C(O)C8O)[C@@H](O)C[C@@]75C6)[C@]3(C)C[C@H]4O)OCC(O)C2O)C(O)C(O)C1OC1OCC(O)C(OC2OCC(O)C2(O)CO)C1O 0.09|CC1OC(OC2C(OC(=O)[C@]34CCC(C)(C)CC3C3=CCC5[C@@]6(C)C[C@H](O)[C@H](OC7OC(CO)C(O)C(O)C7O)C(C=O)(CO)C6CC[C@@]5(C)[C@]3(C)C[C@H]4O)OCC(O)C2O)C(O)C(O)C1OC1OCC(O)C(O)C1O 0.08|CC1OC(OC2C(OC(=O)[C@]34CCC(C)(C)CC3C3=CCC5[C@@]6(C)C[C@H](O)[C@H](O)C(CO)(CO)C6CC[C@@]5(C)[C@]3(C)C[C@H]4O)OCC(O)C2O)C(O)C(O)C1O 0.07|CC1OC(OC2C(OC(=O)[C@]34CCC(C)(C)CC3C3=CCC5[C@@]6(C)C[C@H](O)[C@H](OC7OC(CO)C(O)C(O)C7O)C(CO)(CO)C6CC[C@@]5(C)[C@]3(C)C[C@H]4O)OC(O)C(O)C2O)C(O)C(O)C1OC1OCC(O)C(OC2OCC(O)C2(O)CO)C1O 0.07|OCC1(O)COCC1O 0.07|CC1OC(OC2C(OC(=O)[C@]34CCC(C)(C)CC3C3=CCC5[C@@]6(C)C[C@H](O)[C@H](OC7OC(CO)C(O)C(O)C7O)C(CO)(CO)C6CC[C@]5(CO)[C@@]3(C)C[C@H]4O)OCC(O)C2O)C(O)C(O)C1OC1OCC(O)C(OC2OCC(O)C2(O)CO)C1O 0.06|OCC1(O)C(O)COC1OC1C(O)COCC1O 0.05|CC1OC(OC2C(OC(=O)[C@]34CCC(C)(C)CC3C3=CCC5[C@@]6(C)C[C@H](O)[C@H](OC7OC(CO)C(O)C(O)C7O)C(CO)(CO)C6CC[C@@]5(C)[C@]3(C)C[C@H]4O)OCC(O)C2O)C(O)C(O)C1OC1OCC(O)C(O)C1O 0.04|CC1OC(OC2C(OC(=O)[C@]34CCC(C)(C)CC3C3=CCC5[C@@]6(C)C[C@H](O)[C@H](OC7OC(CO)C(=O)C(O)C7O)C(CO)(CO)C6CC[C@@]5(C)[C@]3(C)C[C@H]4O)OCC(O)C2O)C(O)C(O)C1OC1OCC(O)C(OC2OCC(O)C2(O)CO)C1O 0.03|CC1OC(OC2C(OC(=O)[C@]34CCC(C)(C)CC3C3=CC(O)C5[C@]6(C)C[C@H](O)[C@H](OC7OC(CO)C(O)C(O)C7O)C(CO)(CO)C6CC[C@@]5(C)[C@]3(C)C[C@H]4O)OCC(O)C2O)C(O)C(O)C1OC1OCC(O)C(OC2OCC(O)C2(O)CO)C1O 0.03,1,['CC1OC(OC2C(OC(=O)[C@]34CCC(C)(C)CC3C3=CCC5[C@@]6(C)C[C@H](O)[C@H](O)C(CO)(CO)C6CC[C@@]5(C)[C@]3(C)C[C@H]4O)OCC(O)C2O)C(O)C(O)C1OC1OCC(O)C(OC2OCC(O)C2(O)CO)C1O'],"['CC1OC(OC2C(OC(=O)[C@]34CCC(C)(C)CC3C3=CCC5[C@]6(CO)C[C@H](O)[C@H](OC7OC(CO)C(O)C(O)C7O)C(CO)(CO)C6CC[C@@]5(C)[C@]3(C)C[C@H]4O)OCC(O)C2O)C(O)C(O)C1OC1OCC(O)C(OC2OCC(O)C2(O)CO)C1O', 'CC1OC(OC2C(OC(=O)[C@]34CCC(C)(C)CC3C3=CCC5[C@@]6(C)C[C@H](O)[C@H](OC7OC(CO)C(O)C(O)C7O)C(CO)(CO)C6CC[C@@]5(C)[C@]3(C)C[C@H]4O)OCC(O)C2O)C(O)C(O)C1O', 'CC1OC(OC2C(OC(=O)[C@]34CCC(C)(C)CC3C3=CCC5[C@@]6(C)C[C@H](O)[C@H](O)C(CO)(CO)C6CC[C@@]5(C)[C@]3(C)C[C@H]4O)OCC(O)C2O)C(O)C(O)C1OC1OCC(O)C(OC2OCC(O)C2(O)CO)C1O', 'CC1OC(OC2C(OC(=O)[C@]34CCC(C)(C)CC3C3=CCC5[C@@]6(CCC7C(CO)(CO)[C@@H](O[C@H]8OC(CO)C(O)C(O)C8O)[C@@H](O)C[C@]57C6)[C@]3(C)C[C@H]4O)OCC(O)C2O)C(O)C(O)C1OC1OCC(O)C(OC2OCC(O)C2(O)CO)C1O', 'CC1(C)CC[C@@]2(C(=O)O)C(C1)C1=CCC3[C@@]4(C)C[C@H](O)[C@H](OC5OC(CO)C(O)C(O)C5O)C(CO)(CO)C4CC[C@@]3(C)[C@]1(C)C[C@H]2O', 'CC1OC(OC2C(OC(=O)[C@]34CCC(C)(C)CC3C3=CCC5[C@@]6(C)C[C@@H](O)[C@H](O[C@H]7O[C@H](CO)[C@@H](O)[C@H](O)[C@@H]7O)C(CO)(CO)C6CC[C@@]5(C)[C@]3(C)C[C@H]4O)OCC(O)C2O)C(O)C(O)C1O', 'CC1OC(OC2C(OC(=O)[C@]34CCC(C)(C)CC3C3=CCC5[C@@]67COCC8O[C@H](O[C@@H]([C@@H](O)C6)C(CO)(CO)C7CC[C@@]5(C)[C@]3(C)C[C@H]4O)C(O)C(O)C8O)OCC(O)C2O)C(O)C(O)C1OC1OCC(O)C(OC2OCC(O)C2(O)CO)C1O', 'CC1OC(OC2C(OC(=O)[C@]34CCC(C)(C)CC3C3=CCC5[C@@]6(C)C[C@H](O)[C@H](O[C@H]7O[C@H](CO)[C@@H](O)[C@H](O)[C@@H]7O)C(CO)(CO)C6CC[C@@]5(C)[C@]3(C)C[C@H]4O)OCC(O)C2O)C(O)C(O)C1O', 'CCC1O[C@@H](O[C@H]2[C@@H](O)C[C@@]3(CO)C(CC[C@]4(C)C3CC=C3C5CC(C)(C)CC[C@]5(C(=O)OC5OCC(O)C(O)C5OC5OC(C)C(OC6OCC(O)C(OC7OCC(O)C7(O)CO)C6O)C(O)C5O)[C@H](O)C[C@@]43C)C2(CO)CO)C(O)C(O)C1O', 'CC1OC(OC2C(OC(=O)[C@]34CCC(C)(C)CC3C3=CCC5[C@@]6(C)C[C@H](O)[C@H](OC7OC(CO)C(O)C(O)C7O)C(CO)(CO)C6CC[C@]5(CO)[C@@]3(C)C[C@H]4O)OCC(O)C2O)C(O)C(O)C1OC1OCC(O)C(OC2OCC(O)C2(O)CO)C1O', 'CC1O[C@@H](O[C@H]2[C@@H](O)C[C@@]3(CO)C(CC[C@]4(C)C3CC=C3C5CC(C)(C)CC[C@]5(C(=O)OC5OCC(O)C(O)C5OC5OC(C)C(OC6OCC(O)C(OC7OCC(O)C7(O)CO)C6O)C(O)C5O)[C@H](O)C[C@@]43C)C2(CO)CO)C(O)C(O)C1O', 'CC1OC(OC2C(OC(=O)[C@]34CCC(C)(C)CC3C3=CCC5[C@@]6(CO)C[C@H](O)[C@H](OC7OC(CO)C(O)C(O)C7O)C(CO)(CO)C6CC[C@@]5(C)[C@]3(C)C[C@H]4O)OCC(O)C2O)C(O)C(O)C1OC1OCC(O)C(OC2OCC(O)C2(O)CO)C1O', 'CC1OC(OC2C(OC(=O)[C@]34CCC(C)(C)CC3C3=CCC5[C@@]6(C)C[C@H](O)[C@H](OC7OC(CO)C(O)C(O)C7O)C(CO)(CO)C6CC[C@@]5(C)[C@]3(C)C[C@H]4O)OCC(O)C2O)C(O)C(O)C1OC1OCC(O)C(O)C1O', 'OCC1OCC(O)C(O)C1O', 'CC1OC(OC2C(OC(=O)[C@]34CCC(C)(C)CC3C3=CCC5[C@@]6(C)C[C@H](O)[C@H](O[C@@H]7O[C@H](CO)[C@@H](O)[C@H](O)[C@@H]7O)C(CO)(CO)C6CC[C@@]5(C)[C@]3(C)C[C@H]4O)OCC(O)C2O)C(O)C(O)C1O', 'CC1OC(OC2C(OC(=O)[C@]34CCC(C)(C)CC3C3=CCC5[C@@]6(C)C[C@@H](O)[C@H](O[C@@H]7O[C@H](CO)[C@@H](O)[C@H](O)[C@@H]7O)C(CO)(CO)C6CC[C@@]5(C)[C@]3(C)C[C@H]4O)OCC(O)C2O)C(O)C(O)C1O', '', '', '', '']",3,5
30,O=C(c1cccnc1-c1ccncc1)N1CCC(O)(Cc2ccccc2)CC1,O=C(c1cccnc1-c1cc[n+]([O-])cc1)N1CCC(O)(Cc2ccccc2)CC1 0.83|O=C(c1cccnc1-c1ccncc1)N1CCC(O)(Cc2ccc(O)cc2)CC1 0.38|O=C(c1cccnc1-c1ccncc1)N1CCC(O)(C(O)c2ccccc2)CC1 0.31|O=C(O)[C@H]1OC(OC2(Cc3ccccc3)CCN(C(=O)c3cccnc3-c3ccncc3)CC2)[C@H](O)[C@@H](O)[C@@H]1O 0.28|OC1(Cc2ccccc2)CCNCC1 0.21|O=C(c1cccnc1-c1ccncc1)N1CCC(O)(Cc2ccccc2)CC1O 0.18|O=C(c1cccnc1-c1ccncc1)N1CCC(O)(Cc2ccccc2)C(O)C1 0.17|O=C(c1cccnc1-c1ccncc1)N1CC=C(Cc2ccccc2)CC1 0.14|O=C(c1cccnc1-c1ccnc(O)c1)N1CCC(O)(Cc2ccccc2)CC1 0.14|O=C(c1cccnc1-c1ccncc1)[N+]1=CCC(O)(Cc2ccccc2)CC1 0.14|O=C(c1cccnc1-c1ccncc1)N1CCC(O)(Cc2cccc(O)c2)CC1 0.09|O=C(c1cccnc1-c1ccncc1)N1CCC(O)(Cc2ccccc2)CC1 0.07|O=C(c1cccnc1-c1ccncc1)[n+]1ccc(Cc2ccccc2)cc1 0.07|O=C(c1cccnc1-c1ccncc1)N1CCC(O)(Cc2ccccc2O)CC1 0.06|O=C(c1cccnc1-c1ccncc1)[N+]1([O-])CCC(O)(Cc2ccccc2)CC1 0.06|O=C(c1ccc[n+]([O-])c1-c1ccncc1)N1CCC(O)(Cc2ccccc2)CC1 0.06|O=CCC(O)(CCNC(=O)c1cccnc1-c1ccncc1)Cc1ccccc1 0.05|O=C(c1cc(O)cnc1-c1ccncc1)N1CCC(O)(Cc2ccccc2)CC1 0.05|O=C(c1cccnc1-c1ccncc1)N1CCC(=Cc2ccccc2)CC1 0.03|O=C(O)C1OC(OC2(Cc3ccccc3)CCN(C(=O)c3cccnc3-c3ccncc3)CC2)[C@H](O)[C@@H](O)[C@@H]1O 0.03,4,['O=C(O)[C@H]1OC(OC2(Cc3ccccc3)CCN(C(=O)c3cccnc3-c3ccncc3)CC2)[C@H](O)[C@@H](O)[C@@H]1O'],"['O=C(C1=CC=CN=C1C1=CC=[N+]([O-])C=C1)N1CCC(O)(CC2=CC=CC=C2)CC1', 'O=C(C1=CC=CN=C1C1=CC=NC=C1)N1CCC(O)(CC2=CC=C(O)C=C2)CC1', 'O=C(O)[C@H]1OC(OC2(CC3=CC=CC=C3)CCN(C(=O)C3=CC=CN=C3C3=CC=NC=C3)CC2)[C@H](O)[C@@H](O)[C@@H]1O', 'O=C(C1=CC=CN=C1C1=CC=NC=C1)N1CCC(O)(CC2=CC=CC=C2)CC1O', 'O=C(C1=CC(O)=CN=C1C1=CC=NC=C1)N1CCC(O)(CC2=CC=CC=C2)CC1', 'O=C(C1=CC=CN=C1C1=CC=NC=C1)N1CCC(O)(C(O)C2=CC=CC=C2)CC1', 'OC1(CC2=CC=CC=C2)CCNCC1', 'O=C(C1=CC=CN=C1C1=CC=NC=C1)N1CCC(O)(CC2=CC=CC=C2)C(O)C1', 'O=C(C1=CC=CN=C1C1=CC=NC=C1)[N+]1([O-])CCC(O)(CC2=CC=CC=C2)CC1', 'O=C(C1=CC=C[N+]([O-])=C1C1=CC=NC=C1)N1CCC(O)(CC2=CC=CC=C2)CC1', 'O=C(C1=CC=CN=C1C1=CC=NC(O)=C1)N1CCC(O)(CC2=CC=CC=C2)CC1', 'O=C(C1=CC=CN=C1C1=CC=NC=C1)N1CCC(O)(CC2=CC=CC(O)=C2)CC1', 'O=C(C1=CC=CN=C1C1=CC=NC=C1)[N+]1=CCC(O)(CC2=CC=CC=C2)CC1', 'OC(C1=CC=CN=C1C1=CC=NC=C1)N1CCC(O)(CC2=CC=CC=C2)CC1', 'O=C(C1=C(C2=CC=NC=C2)NC(=O)C=C1)N1CCC(O)(CC2=CC=CC=C2)CC1', 'O=C(C1=CC=CN=C1C1=CC=NC=C1)N1CCC(=CC2=CC=CC=C2)CC1', 'O=C(C1=CC=CN=C1C1=CC=NC=C1)[N+]1=CC=C(CC2=CC=CC=C2)C=C1', 'O=C(C1=CC=CN=C1C1=CC=NC=C1)N1CC=C(CC2=CC=CC=C2)CC1', 'O=C(O)C1OC(OC2(CC3=CC=CC=C3)CCN(C(=O)C3=CC=CN=C3C3=CC=NC=C3)CC2)[C@H](O)[C@@H](O)[C@@H]1O', 'O=C(C1=CC=CN=C1C1=CC=NC=C1)N1CCC(O)(CC2=CC=CC=C2O)CC1']",3,3
31,O=C(CCC(F)(F)F)N1CCC2(CC1)CC(C(F)(F)F)=NO2,,O=C(O)C1OC(OC2(CC3=CC=CC=C3)CCN(C(=O)C3=CC=CN=C3C3=CC=NC=C3)CC2)[C@H](O)C(O)[C@@H]1O,['O=C(O)C1OC(OC2(Cc3ccccc3)CCN(C(=O)c3cccnc3-c3ccncc3)CC2)[C@H](O)C(O)[C@@H]1O'],"['N=C(CC1(O)CCN(C(=O)CCC(F)(F)F)CC1)C(F)(F)F', 'O=C(CCC(F)(F)F)N1CCC2(CC1)ON=C(C(F)(F)F)C2O', 'O=C(CCC(F)(F)F)N1CCC2(CC(C(F)(F)F)=NO2)CC1O', 'O=C(CCC(F)(F)F)N1CCC2(CC(C(F)(F)F)=NO2)C(O)C1', 'FC(F)(F)C1=NOC2(CCNCC2)C1', 'O=C(CC(O)C(F)(F)F)N1CCC2(CC1)CC(C(F)(F)F)=NO2', 'O=CCN(CCC1CC(C(F)(F)F)=NO1)C(=O)CCC(F)(F)F', 'O=C(C(O)CC(F)(F)F)N1CCC2(CC1)CC(C(F)(F)F)=NO2', 'O=C(CCC(F)(F)F)N1CCC2(CC1)CC(C(F)(F)F)NO2', 'O=C(CCC(F)(F)F)[N+]1([O-])CCC2(CC1)CC(C(F)(F)F)=NO2', 'O=CCC1(CCNC(=O)CCC(F)(F)F)CC(C(F)(F)F)=NO1', 'O=C(CCC(F)(F)F)N1CCC2(CC1)CC(C(F)(F)F)=[N+]([O-])O2', 'O=C(CCC(F)(F)F)N1CCC2(CC1)ON=C(C(F)(F)F)[C@H]2O', 'O=C(CCC(F)(F)F)N1CCC2(CC1)ON=C(C(F)(F)F)[C@@H]2O', 'OC(CCC(F)(F)F)N1CCC2(CC1)CC(C(F)(F)F)=NO2', 'O=CC(=NOC1CCN(C(=O)CCC(F)(F)F)CC1)C(F)(F)F', 'O=C(CCC(F)(F)F)N1CCC(O)(CC(=NO)C(F)(F)F)CC1', 'O=C(CCC(F)(F)F)N1CCC2(CC1)CC(C(F)(F)F)=NO2', 'O=C(C[C@H](O)C(F)(F)F)N1CCC2(CC1)CC(C(F)(F)F)=NO2', 'O=C(CCC(F)(F)F)N1CCC2(CC1)CC(O)(C(F)(F)F)NO2']",0,3
