Molecule ID,SMILES,Metabolites
1,CC(C)(C)[C@H](NC(=O)C(F)(F)F)C(=O)N1CC2(C[C@H]1C(=O)N[C@H](C#N)C[C@@H]1CCNC1=O)SCCS2,CC(C)(C)C(N)C(=O)N1CC2(C[C@H]1C(=O)N[C@@H](C#N)C[C@@H]1CCNC1=O)SCCS2 CC(C)(C)[C@H](N)C(=O)N1CC2(C[C@H]1C(=O)NC(C#N)C[C@@H]1CCNC1=O)SCCS2 N#C[C@H](C[C@@H]1CCNC1=O)NC(=O)[C@@H]1CC2(CN1C(=O)[C@@H](N)C(F)(F)F)SCCS2 CC(C)(C)[C@H](N)C(=O)N1CC2(C[C@H]1C(=O)N[C@@H](C#N)C[C@@H]1CCNC1=O)SCCS2 CC(C)(C)C(N)C(=O)N1CC2(CC1C(=O)NC(C#N)CC1CCNC1=O)SCCS2 CC(C)(C)[C@H](NC(=O)C(F)(F)F)C(=O)N1CC2(CCS2)C[C@H]1C(=O)N[C@@H](C#N)C[C@@H]1CCNC1=O CC(C)(C)[C@H](N)C(=O)N1CC2(C[C@H]1C(=O)N[C@H](C#N)C[C@@H]1CCNC1=O)SCCS2 CC(C)(C)[C@H](NC(=O)C(F)(F)F)C(=O)N1CC2(C[C@H]1C(=O)N[C@@H](C#N)C[C@@H]1CCN=C1O)SCCS2 CC(C)(C)C(N)C(=O)N1CC2(C[C@H]1C(=O)N[C@H](C#N)C[C@@H]1CCNC1=O)SCCS2 N#C[C@H](C[C@@H]1CCNC1=O)NC(=O)[C@@H]1C[C@@]2(CCS2)CN1C(=O)[C@@H](N)C(F)(F)F N#C[C@H](C[C@@H]1CCNC1=O)NC(=O)[C@@H]1CC2(CN1C(=O)[C@H](N)C(F)(F)F)SCCS2 CC(C)(C)[C@H](NC(=O)C(F)(F)F)C(=O)N1CC2(C[C@H]1C(=O)N[C@H](C#N)C[C@@H]1CCNC1=O)OCCS2
2,CC[C@@H](C(=O)Nc1ccc(C(N)=O)c(F)c1)n1cc(OC)c(-c2cc(Cl)ccc2-n2cc(C(F)(F)F)nn2)cc1=O,CC[C@@H](C(=O)Nc1ccc(C(N)=O)c(F)c1)n1cc(O)c(-c2cc(Cl)ccc2-n2cc(C(F)(F)F)nn2)cc1=O CC[C@@H](C(=O)Nc1ccc(C(N)=O)c(F)c1)n1cc(OC)c(-c2cc(Cl)ccc2-n2cnc(C(F)(F)F)c2)cc1=O CC[C@@H](C(=O)Nc1ccc(C(=O)O)c(F)c1)n1cc(OC)c(-c2cc(Cl)ccc2-n2cnc(C(F)(F)F)c2)cc1=O CC[C@H](C(O)=Nc1ccc(C(N)=O)c(F)c1)n1cc(OC)c(-c2cc(Cl)ccc2-n2cc(C(F)(F)F)nn2)cc1=O CC[C@@H](C(O)=Nc1ccc(C(N)=O)c(F)c1)n1cc(OC)c(-c2cc(Cl)ccc2-n2cc(C(F)(F)F)nn2)cc1=O CC[C@@H](C(=O)Nc1ccc(C(=O)O)c(F)c1)n1cc(O)c(-c2cc(Cl)ccc2-n2cc(C(F)(F)F)nn2)cc1=O CC[C@@H](C(=O)O)n1cc(OC)c(-c2cc(Cl)ccc2-n2cc(C(F)(F)F)nn2)cc1=O CC[C@@H](C(O)=Nc1ccc(C(=O)NC(C)=O)c(F)c1)n1cc(OC)c(-c2cc(Cl)ccc2-n2cc(C(F)(F)F)nn2)cc1=O CC[C@@H](C(=O)Nc1ccc(C(N)=O)c(F)c1)n1cc(O)c(-c2cc(Cl)ccc2-n2cnc(C(F)(F)F)c2)cc1=O CC[C@@H](C(=O)Nc1ccc(C(=O)O)c(F)c1)n1cc(OC)c(-c2cc(Cl)ccc2-n2cnc(C(F)(F)F)c2O)cc1=O CC[C@@H](C(O)=Nc1ccc(C(N)=O)c(F)c1)n1cc(O)c(-c2cc(Cl)ccc2-n2cc(C(F)(F)F)nn2)cc1=O CC[C@@H](C(O)=Nc1ccc(C(=O)O)c(F)c1)n1cc(OC)c(-c2cc(Cl)ccc2-n2cc(C(F)(F)F)nn2)cc1=O CC[C@@H](C(=O)Nc1ccc(C(=O)NC(C)=O)c(F)c1)n1cc(OC)c(-c2cc(Cl)ccc2-n2cc(C(F)(F)F)nn2)cc1=O CC[C@H](C(=O)Nc1ccc(C(N)=O)c(F)c1)n1cc(OC)c(-c2cc(Cl)ccc2-n2cnc(C(F)(F)F)c2)cc1=O CC[C@@H](C(=O)Nc1ccc(C(=O)O)c(F)c1)n1cc(OC)c(-c2cc(Cl)ccc2-n2cc(C(F)(F)F)nn2)cc1=O NC(=O)c1ccc(NC(=O)[C@H](CCO)n2cc(O)c(-c3cc(Cl)ccc3-n3cc(C(F)(F)F)nn3)cc2=O)cc1F
3,CCCCCc1cc(O)c2c(c1)OC(C)(C)C1CCC(C)CC21,CCCCCc1cc(O)c2c(c1)OC(C)(C)C1CCC(CO)CC21 CCCCCc1cc(O)c2c(c1)OC(C)(C)C1C[C@@H](O)[C@@H](C)CC21 CCCCCc1cc(O)c2c(c1)OC(C)(C)C1CC(O)C(C)CC21 CCCCCc1cc(O)c2c(c1)OC(C)(C)C1C[C@@H](O)C(C)C[C@@H]21 CCCCCc1cc(O)c2c(c1)OC(C)(C)C1CCC3(C)OC3C21 CCCCCc1cc(O)c2c(c1)OC(C)(C)C1C(O)CC(C)CC21 CCCCCc1cc(O)c2c(c1)OC(C)(C)C1C2CC(C)C[C@@H]1O CCCCCc1cc(O)c2c(c1)OC(C)(C)C1C[C@@H](O)C(C)CC21 CCCCCc1cc(OC)c2c(c1)OC(C)(C)C1CCC(CO)CC21 CCCCCc1cc(O)c2c(c1)OC(C)(C)C1CCCCC21
4,CC(=O)Nc1ccc(C)c(C(=O)N[C@H](C)c2cccc3ccccc23)c1,CC(=O)Nc1ccc(C)c(C(=O)N[C@H](C)c2cc(O)cc3ccccc23)c1 CC(=O)Nc1ccc(C)c(C(=O)N[C@H](C)c2cc(O)c(O)c3ccccc23)c1 CC(=O)Nc1cc(O)c(C)c(C(=O)N[C@H](C)c2cccc3ccccc23)c1 Cc1ccc(N)cc1C(=O)N[C@@H](C)c1cccc2ccccc12 Cc1ccc(N)cc1C(=O)NC(C)c1cccc2ccccc12 CC(=O)Nc1ccc(C)c(C(=O)N[C@H](C)c2ccc(O)c3ccccc23)c1 CC(=O)Nc1ccc(CO)c(C(=O)N[C@H](C)c2cccc3ccccc23)c1 Cc1ccc(N)cc1C(=O)N[C@H](C)c1cccc2ccccc12 CC(=O)Nc1ccc(C)c(C(=O)N[C@H](C)c2cccc3c(O)cccc23)c1 CC(=O)Nc1ccc(C)c(C(=O)N[C@@H](C)c2ccc(O)c3ccccc23)c1
5,Cc1ccc(N)cc1C(=O)N[C@H](C)c1cccc2ccccc12,Cc1ccc(N)cc1C(=O)N[C@@H](C)c1ccc(O)c2ccccc12 Cc1ccc(NC=O)cc1C(=O)N[C@H](C)c1cccc2ccccc12 Cc1ccc(N[C@@H](C)c2cccc3ccccc23)cc1C(=O)N[C@H](C)c1ccccc1O Cc1ccc(N)cc1C(=O)N[C@H](C)c1cc(O)cc2ccccc12 CC(=O)Nc1ccc(C)c(C(=O)N[C@H](C)c2cccc3ccccc23)c1 Cc1ccc(N)cc1C(=O)N[C@H](C)c1ccc(O)c2ccccc12 CC(NC(=O)c1cc(N)ccc1CO)c1cccc2ccccc12 Cc1ccc(NC(C)c2cccc3ccccc23)cc1C(=O)N[C@H](C)c1ccccc1O Cc1ccc(N)cc1C(=O)N[C@H](C)c1cc(O)c(O)c2ccccc12 Cc1ccc(NO)cc1C(=O)N[C@H](C)c1cccc2ccccc12 Cc1ccc(N=CO)cc1C(=O)N[C@H](C)c1cccc2ccccc12 Cc1ccc(N)cc1C(=O)N[C@H](C)c1cccc2c(O)c(O)ccc12 CC(=O)Nc1ccc(C)c(C(=O)N[C@H](C)c2cccc3c(O)c(O)ccc23)c1 CC(=O)Nc1ccc(C)c(C(=O)N[C@H](C)c2cccc3c(O)cccc23)c1 Cc1cc(O)c(N)cc1C(=O)N[C@H](C)c1cccc2ccccc12
6,Cn1cc(Nc2nccc(N3C[C@@H]4CC[C@H](C3)N4C(=O)[C@@H]3CC3(F)F)n2)cn1,O=C1C2CCC(CN2c2ccnc(Nc3cn[nH]c3)n2)N1C(=O)C1CC1(F)F Cn1cc(Nc2nccc(N3C[C@@H]4CC[C@H](C3)N4C(=O)C3(F)CC3(F)F)n2)cn1 Cn1cc(Nc2nccc(N3C[C@@H]4CC[C@H](C3)N4)n2)cn1 O=C([C@@H]1CC1(F)F)N1C(=O)[C@@H]2CC[C@@H]1CN(c1ccnc(Nc3cn[nH]c3)n1)C2 Cn1cc(Nc2nccc(N3CC4CCC(C3)N4C(=O)C3CC3(F)F)n2)c[n+]1CO Cn1cc(Nc2nccc(N3C[C@@H]4CC[C@H](C3)N4C(=O)C3CC3(F)F)n2)c[n+]1[O-] O=C1C2CCC(CN(c3ccnc(Nc4cn[nH]c4)n3)C2)N1CC(F)(F)F Cn1cc(Nc2nccc(N3CC4CC[C@@H](C3)N4C(=O)C3(F)CC3(F)F)n2)cn1 Cn1cc(Nc2nccc(N3C[C@@H]4CC[C@H](C3)N4C(=O)[C@@H]3CC3(F)F)n2)c[n+]1[O-] Cn1cc(Nc2nccc(N3CC4CCC(C3)N4C(=O)C3CC3(F)F)n2)c[n+]1C Cn1cc(Nc2nccc(N3CC4CCC(C3)N4)n2)cn1 Cn1cc(Nc2nccc(N3CC4CCC(C3)N4C(=O)C3CC3(F)F)n2)c[n+]1[O-] Cn1cc(Nc2nccc(N3CC4CC(O)C(C3)N4C(=O)C3CC3(F)F)n2)cn1 O=C1OC2(F)CC2C(=O)N2C1CC(F)(F)C2CNc1ccnc(Nc2cn[nH]c2)n1
7,C=CC(=O)Nc1cc(Nc2ncc(C(=O)OC(C)C)c(-c3cn(C)c4ccccc34)n2)c(OC)cc1N(C)CCN(C)C,C=CC(=O)Nc1cc(Nc2ncc(C(=O)OC(C)C)c(-c3c[nH]c4ccccc34)n2)c(OC)cc1N C=Cc1nc2cc(Nc3ncc(C(=O)OC(C)C)c(-c4cn(C)c5ccccc45)n3)c(OC)cc2n1C C=CC(=O)Nc1cc(Nc2ncc(C(=O)OC(C)C)c(-c3cn(C)c4ccccc34)n2)c(O)cc1N(C)CCNC COc1cc2c(cc1Nc1ncc(C(=O)OC(C)C)c(-c3cn(C)c4ccccc34)n1)NC(=O)C(O)CN2C C=CC(=O)Nc1cc(Nc2ncc(C(=O)OC(C)C)c(-c3cn(C)c4ccccc34)n2)c(OC)cc1NC C=CC(=O)Nc1cc(Nc2ncc(C(=O)OC(C)C)c(-c3cn(C)c4ccccc34)n2)c(OC)cc1N C=CC(=O)Nc1cc(Nc2ncc(C(=O)OC(C)C)c(-c3c[nH]c4ccccc34)n2)c(OC)cc1NC C=CC(=O)Nc1cc(Nc2ncc(C(=O)OC(C)C)c(-c3cn(C)c4ccccc34)n2)c(OC)cc1NCCN(C)C COc1cc2c(cc1Nc1ncc(C(=O)OC(C)C)c(-c3cn(C)c4ccccc34)n1)NC(=O)C(O)CN2 CNCCN(C)c1cc(OC)c(Nc2ncc(C(=O)OC(C)C)c(-c3cn(C)c4ccccc34)n2)cc1NC(=O)C=CO C=CC(=O)Nc1cc(Nc2ncc(C(=O)OC(C)C)c(-c3c[nH]c4ccccc34)n2)c(OC)cc1N(C)CCN(C)C C=CC(=O)Nc1cc(Nc2ncc(C(=O)OC(C)C)c(-c3cn(C)c4ccccc34)n2)c(OC)cc1N(C)CCNC C=CC(=O)Nc1cc(Nc2ncc(C(=O)O)c(-c3cn(C)c4ccccc34)n2)c(OC)cc1NC C=CC(=O)Nc1cc(Nc2ncc(C(=O)OC(C)C)c(-c3cn(C)c4ccccc34)n2)c(OC)cc1NCCNC C=CC(=O)Nc1cc(Nc2ncc(C(=O)OC(C)C)c(-c3c[nH]c4ccccc34)n2)c(OC)cc1N(C)CCNC C=CC(=O)Nc1cc(Nc2ncc(C(=O)OC(C)C)c(-c3cn(C)c4ccccc34)n2)c(O)cc1NC C=CC(=O)Nc1cc(Nc2ncc(C(=O)O)c(-c3cn(C)c4ccccc34)n2)c(OC)cc1N
8,Cc1ccc([C@@H]2O[C@H](CO)[C@@H](O)[C@H](O)[C@H]2O)cc1Cc1ccc(-c2ccc(F)cc2)s1,Cc1ccc([C@@H]2O[C@H](CO)[C@@H](O)[C@H](O)[C@H]2O)cc1Cc1ccc(-c2ccc(F)c(O)c2)s1 Cc1ccc([C@@H]2O[C@H](CO)[C@@H](O)[C@H](O[C@@H]3O[C@H](C(=O)O)[C@@H](O)[C@H](O)[C@H]3O)[C@H]2O)cc1Cc1ccc(-c2ccc(F)cc2)s1 OC[C@H]1OC(c2ccc(Cc3ccc(-c4ccc(F)cc4)s3)c(O)c2)[C@H](O)[C@@H](O)[C@@H]1O OCc1cc(C2O[C@H](CO)[C@@H](O)[C@H](O)[C@H]2O)ccc1Cc1ccc(-c2ccc(F)cc2)s1 Cc1ccc([C@@H]2O[C@H](CO)[C@@H](O[C@@H]3O[C@H](CO)[C@H](O)[C@H](O)[C@H]3O)[C@H](O)[C@H]2O)cc1Cc1ccc(-c2ccc(F)cc2)o1 Cc1ccc([C@@H]2O[C@H](CO)[C@@H](O[C@@H]3O[C@H](CO)[C@H](O)[C@H](O)[C@H]3O)[C@H](O)[C@H]2O)cc1Cc1ccc(-c2ccc(F)cc2)s1 Cc1ccc([C@@H]2O[C@H](CO)[C@@H](O[C@H]3O[C@H](C(=O)O)[C@@H](O)[C@H](O)[C@H]3O)[C@H](O)[C@H]2O)cc1Cc1ccc(-c2ccc(F)cc2)s1 OC[C@H]1O[C@@H](c2ccc(Cc3ccc(-c4ccc(F)cc4)s3)c(O)c2)[C@H](O)[C@@H](O)[C@@H]1O Cc1ccc([C@@H]2O[C@H](CO)[C@@H](O)[C@H](O[C@H]3O[C@H](C(=O)O)[C@@H](O)[C@H](O)[C@H]3O)[C@H]2O)cc1Cc1ccc(-c2ccc(F)cc2)s1 OC[C@H]1O[C@@H](c2ccc(Cc3ccc(-c4ccc(F)cc4)s3)cc2)[C@H](O)[C@@H](O)[C@@H]1O OC[C@@H]1O[C@@H](c2ccc(Cc3ccc(-c4ccc(F)cc4)s3)c(O)c2)[C@H](O)[C@@H](O)[C@@H]1O
9,COC1CCC(n2c([C@@]3(C)CCC(=O)N3c3ccc(F)c(F)c3)nc3cc(-c4c(C)noc4C)ccc32)CC1,COC1CCC(n2c(=O)[nH]c3cc(-c4c(C)noc4C)ccc32)CC1 Cc1noc(C)c1-c1ccc2c(c1)nc(C1(C)CCC(=O)N1c1ccc(F)c(F)c1)n2C1CCC(O)CC1 COC1CCC(n2c([C@]3(C)CCC(=O)N3c3ccc(F)c(F)c3)nc3cc(-c4c(C)noc4CO)ccc32)CC1 Cc1noc(C)c1-c1ccc2c(c1)nc([C@@]1(C)CCC(=O)N1c1ccc(F)c(F)c1)n2[C@H]1CC[C@H](O)CC1 Cc1noc(C)c1-c1ccc2c(c1)nc([C@@]1(C)CCC(=O)N1c1ccc(F)c(F)c1)n2[C@H]1CC[C@@H](O)CC1 Cc1noc(C)c1-c1ccc2c(c1)nc([C@@]1(C)CCC(=O)N1c1ccc(F)c(F)c1)n2C1CCC(O)CC1 COC1CCC(n2c(C3(C)CCC(=O)N3)nc3cc(-c4c(C)noc4C)ccc32)CC1 Cc1noc(C)c1-c1ccc2c(c1)nc([C@]1(C)CCC(=O)N1c1ccc(F)c(F)c1)n2C1CCC(O)CC1 Cc1noc(C)c1-c1ccc2c(c1)nc([C@@]1(C)CCC(=O)N1c1ccc(F)c(F)c1)n2C1CCC(=O)CC1 Cc1noc(C)c1-c1ccc2[nH]c([C@@]3(C)CCC(=O)N3c3ccc(F)c(F)c3)nc2c1 COC1CCC(n2c([C@@]3(C)CCC(=O)N3c3ccc(F)c(F)c3)nc3cc(-c4c(C)noc4CO)ccc32)CC1
10,O=C(Nc1ccc(OC(F)(F)F)cc1)c1sccc1NCc1ccnc2ccccc12,O=C(Nc1ccc(OC(F)(F)F)cc1)c1sc(O)cc1NCc1ccnc2ccccc12 O=C(Nc1ccc(OC(F)(F)F)cc1)c1sccc1NCc1cc(O)nc2ccccc12 O=C(Nc1ccc(OC(F)(F)F)cc1)c1sccc1NC(O)c1ccnc2ccccc12 O=C(Nc1ccc(OC(F)(F)F)cc1)c1sccc1NC(=O)c1ccnc2ccccc12 O=C(Nc1ccc(OC(F)(F)F)cc1)c1sccc1N[C@@H](Cc1ccnc2ccccc12)C(=O)O O=C(Nc1ccc(OC(F)(F)F)c(O)c1)c1sccc1NCc1ccnc2ccccc12 O=C(Nc1ccc(OC(F)(F)F)cc1)c1sccc1NCc1ccnc2c(O)c(O)ccc12 O=C(Nc1ccc(OC(F)(F)F)cc1)c1sccc1NC(=O)c1cc(O)nc2ccccc12 O=C(Nc1ccc(OC(F)(F)F)cc1)c1sccc1NCc1ccnc2cc(O)ccc12 Nc1ccsc1C(=O)Nc1ccc(OC(F)(F)F)cc1 O=C(Nc1ccc(OC(F)(F)F)cc1)c1sccc1NC(=O)c1ccnc2c(O)cccc12 O=C(Nc1ccc(OC(F)(F)F)cc1)c1sccc1NC(=O)c1cc(O)cc2ccccc12 O=C(Nc1ccc(OC(F)(F)F)cc1)c1sccc1N[C@@H](Cc1ccnc2ccccc12)C(O)=NCCS O=C(Nc1ccc(OC(F)(F)F)cc1)c1sccc1N(Cc1ccnc2ccccc12)C(=O)O O=C(Nc1ccc(OC(F)(F)F)cc1)c1sccc1NCc1ccnc2ccc(O)cc12 O=C(O)CN=C(O)[C@H](Cc1ccnc2ccccc12)Nc1ccsc1C(=O)Nc1ccc(OC(F)(F)F)cc1 O=C(O)CNC(=O)c1sccc1NCc1ccnc2ccccc12 O=C(Nc1ccc(OC(F)(F)F)cc1)c1sccc1NCc1cc[n+]([O-])c2ccccc12 O=C(O)c1sccc1NCc1ccnc2ccccc12 O=C(Nc1ccc(OC(F)(F)F)cc1)c1sccc1NCc1ccnc2c(O)cccc12
11,NC1(C(=O)N[C@@H](CCO)c2ccc(Cl)cc2)CCN(c2ncnc3[nH]ccc23)CC1,NC1(C(O)=N[C@@H](CCO)c2ccc(Cl)cc2)CCN(c2ncnc3[nH]ccc23)CC1 NC1(C(O)=N[C@@H](CCO)c2ccc(Cl)cc2)CCN(c2ncnc3[nH]ccc23)CC1O NC1(C(=O)N[C@@H](CCO)c2ccc(Cl)cc2)CCNCC1 NC1(C(=O)NC(CC=O)c2ccc(Cl)cc2)CCN(c2ncnc3[nH]ccc23)CC1 NC1(C(=O)O)CCN(c2ncnc3c2ccn3C2OC(C(=O)O)C(O)C2O)CC1 NC1(C(=O)N[C@@H](CCO)c2ccc(Cl)cc2)CCN(c2ncnc3[nH]cc(O)c23)CC1 NC1(C(=O)NC(CCO)c2ccc(Cl)cc2)CCNCC1 NC1(C(=O)N[C@@H](CC=O)c2ccc(Cl)cc2)CCN(c2ncnc3[nH]ccc23)CC1 NC1(C(=O)N[C@@H](CC(=O)O)c2ccc(Cl)cc2)CCN(c2ncnc3[nH]ccc23)CC1 CC(=O)NC1(C(=O)N[C@@H](CCO)c2ccc(Cl)cc2)CCN(c2ncnc3[nH]ccc23)CC1 NC1(C(=O)O)CCN(c2ncnc3[nH]ccc23)CC1 NC1(C(=O)N[C@@H](CCO)c2ccc(Cl)cc2)CCN(c2ncnc3[nH]ccc23)CC1O NC1(C(=O)N[C@@H](CCOC2O[C@H](C(=O)O)[C@@H](O)[C@H](O)[C@H]2O)c2ccc(Cl)cc2)CCNCC1
12,CCOc1ccc(NC(=S)N(CCO)Cc2cc3cc(C)cc(C)c3[nH]c2=O)cc1,CCOc1ccc(N=C2SCCN2Cc2cc3cc(C)cc(C)c3[nH]c2=O)cc1 CCOc1ccc(N2C(=O)CN(Cc3cc4cc(C)cc(C)c4[nH]c3=O)C2=S)cc1 CCOc1ccc(NC2=Nc3c(C)cc(C)cc3C2)cc1 Cc1cc(C)c2[nH]c(=O)c(CNC(=S)Nc3ccc(O)cc3)cc2c1 CCOc1ccc(NC(=O)N(CCO)Cc2cc3cc(C)cc(C)c3[nH]c2=O)cc1 Cc1cc(C)c2[nH]c(=O)c(CN(CCO)C(=S)Nc3ccc(O)cc3)cc2c1 CCOc1ccc(N2C(=O)N(Cc3cc4cc(C)cc(C)c4[nH]c3=O)C2O)cc1 CCOc1ccc(N2CCSC2=Nc2c(C)cc(C)cc2C)cc1 CCOc1ccc(N2CCSC2=NCc2cc3cc(C)cc(C)c3[nH]c2=O)cc1 CCOc1ccc(NC2=Nc3c(C)cc(C)cc3CN2CCO)cc1 CCOc1ccc(N2CCSS2=Nc2cc3cc(C)cc(C)c3[nH]c2=O)cc1 CCOc1ccc(NC(=S)NCc2cc3cc(C)cc(C)c3[nH]c2=O)cc1O CCOc1ccc(NC(=S)N(CCO)Cc2cc3cc(C)cc(C)c3[nH]c2=O)cc1O CCOc1ccc(NC(=S)NCCO)cc1 CCOc1ccc(N2C(=O)N(Cc3cc4cc(C)cc(C)c4[nH]c3=O)C2=S)cc1 CCOc1ccc(NC(=S)N(CCO)Cc2cc3cc(CO)cc(C)c3[nH]c2=O)cc1 CCOc1ccc(NC(=S)N(CCO)Cc2c[nH]c3c(C)cc(C)cc3c2=O)cc1 CCOc1ccc(N2CCSS2=Nc2cc3cc(C)cc(C)c3[nH]c2=O)cc1O CCOc1ccc(NC(=S)NCc2cc3cc(C)cc(C)c3[nH]c2=O)cc1 CCOc1ccc(NC(=S)N(CCO)Cc2cc3cc(C)cc(CO)c3[nH]c2=O)cc1
13,COc1ccc2c(Oc3ccc(C4(C(=O)NO)CCOCC4)cc3)ccnc2n1,COc1ccc2c(Oc3ccc(C4(C(=O)NOC5O[C@H](C(=O)O)[C@@H](O)[C@H](O)[C@H]5O)CCOCC4)cc3)ccnc2n1 O=C(O)C1(c2ccc(Oc3ccnc4nc(O)ccc34)cc2)CCOCC1 O=C(NO)C1(c2ccc(Oc3ccnc4nc(O)ccc34)cc2)CCOCC1 COc1ccc2c(Oc3ccc(C4(C(O)=NO)CCOCC4)cc3)ccnc2n1 COc1ccc2c(Oc3ccc(C4(C(=O)O)CCOCC4)cc3)ccnc2n1 COc1ccc2c(Oc3ccc(C4(C(=O)NOC5OC(C(=O)O)C(O)C(O)C5O)CCOCC4)cc3)ccnc2n1 O=C(NO)C1(c2ccc(Oc3ccnc4[nH]c(=O)ccc34)cc2)CCOCC1 COc1ccc2c(O)ccnc2n1
14,C/C=C/C#CC#CC(O)C(/C=C/CCCO)OC1OC(COC2OC(CO)C(O)C(O)C2O)C(O)C(O)C1O,C/C=C/C#CC#CC(O)C(/C=C/CCCO)OC1OC(CO)C(O)C(O)C1O C/C=C/C#C/C=C/C(O)C(/C=C/CCCO)OC1OC(COC2OC(CO)C(O)C(O)C2O)C(O)C(O)C1O C/C=C\C#CC(O)C(/C=C/CCCO)OC1OC(CO)C(O)C(O)C1O C/C=C/C#C/C=C/C(O)C(C=CCCCO)OC1OC(COC2OC(CO)C(O)C(O)C2O)C(O)C(O)C1O C/C=C\C#CC(O)C(O)CO[C@@H]1O[C@H](CO)[C@H](O)[C@H](O)[C@@H]1O C/C=C\C#C/C=C\C(O)C(/C=C/CCCO)OC1OC(CO)C(O)C(O)C1O C/C=C\C#CC(O)C(O)/C=C/CCC(O)OC1OC(CO)C(O)C(O)C1O C/C=C\C#CC#CC(O)C(O)COC1OC(CO)C(O)C(O)C1O C/C=C\C#CC(O)C(O)C(O)COC1OC(CO)C(O)C(O)C1O C/C=C/C#CC#CC(O)C(/C=C/CCC=O)OC1OC(COC2OC(CO)C(O)C(O)C2O)C(O)C(O)C1O C/C=C\C#CC#CC(O)C(/C=C/CCCO)OC1OC(CO)C(O)C(O)C1O OCC1OC(O)C(O)C(O)C1O C/C=C/C#C/C=C/C(O)C(/C=C/CCCO)OC1OC(CO)C(O)C(O)C1O C/C=C\C#C/C=C\CC(O)C(/C=C/CCCO)OC1OC(CO)C(O)C(O)C1O C/C=C/C#C/C=C/C(O)C(/C=C/CCC(=O)O)OC1OC(COC2OC(CO)C(O)C(O)C2O)C(O)C(O)C1O C/C=C/C#CC#CC(O)C(/C=C/CCC(=O)O)OC1OC(COC2OC(CO)C(O)C(O)C2O)C(O)C(O)C1O C/C=C\C#CC(O)C(O)/C=C/CCC(O)OC1OC(COC2OC(CO)C(O)C(O)C2O)C(O)C(O)C1O OC/C=C/C#C/C=C/C#CC(O)C(O)/C=C/CCCO C/C=C/C#CC(O)C(/C=C/CCCO)OC1OC(CO)C(O)C(O)C1O
15,Cc1ncc(S(=O)(=O)N2CCC(c3cn4ncnc4cc3Cl)CC2)s1,Cc1ncc(S(=O)(=O)N2CCC(c3cn4ncnc4cc3Cl)CC2O)s1 Clc1cc2ncnn2cc1C1CCNCC1 Cc1ncc(S(=O)(=O)N2CCC(c3cn4ncnc4cc3Cl)C(O)C2)s1 Cc1ncc(S(=O)(=O)N2CCC(c3c[nH]c(=O)[nH]c3=S)CC2)s1 Cc1ncc(S(=O)(=O)N2CCC(c3c[nH]c(=O)[nH]c3=O)CC2)s1 O=S(=O)(c1cncs1)N1CCC(c2cn3ncnc3cc2Cl)CC1 Cc1ncc(S(=O)(=O)N2CCC(c3cn4nc(O)nc4cc3Cl)CC2)s1 O=S(=O)(c1cnc(CO)s1)N1CCC(c2cn3ncnc3cc2Cl)CC1
16,COc1ccc(CCCCOC2OC(CO)[C@@H](O)[C@H](O)[C@H]2O)cc1,OCCCCOC1OC(CO)C(O)C(O)C1O COc1ccc(CCCCOC2OC(CO)C(O)C(OS(=O)(=O)O)C2O)cc1 OCCCCc1ccc(O)cc1 COc1ccc(CCCCO)cc1 COc1ccc(CCCCOC2OC(CO)C(O)C(OS(=O)(=O)[O-])C2O)cc1 OCC1OC(O)[C@H](O)[C@@H](O)[C@@H]1O COc1ccc(CCCCO)cc1O OCC1OC(O)C(O)C(O)C1O OC[C@H]1OC(O)[C@H](O)[C@@H](O)[C@@H]1O
17,O=C(O)C1OC(Oc2cc3oc(-c4ccc(O)cc4)cc(=O)c3c(O)c2O)C(O)C(O)C1O,O=C(O)C1OC(OC2C(O)C(O)C(O)C(O)C2O)C(O)C(O)C1O O=C(O)C1OC(Oc2cc3oc(-c4ccc(O)c(O)c4)cc(=O)c3c(O)c2O)C(O)C(O)C1=O COc1cc(-c2cc(=O)c3c(OC4O[C@H](C(=O)O)[C@@H](O)[C@H](O)[C@H]4O)cc(O)cc3o2)ccc1OS(=O)(=O)O O=c1cc(-c2ccc(O)cc2)oc2cc(O)c(O)c(O)c12 COc1cc(-c2cc(=O)c3c(OC4O[C@H](C(=O)O)[C@@H](O)[C@H](O)[C@H]4O)cc(O)cc3o2)ccc1O O=C(O)C1OC(Oc2cc3oc(-c4ccc(O)c(O)c4)cc(=O)c3c(O)c2O)C(O)C(O)C1O O=C(O)C1OC(O)C(O)C(O)C1O O=C(O)C1OC(Oc2cc3oc(-c4ccc(O)cc4)cc(=O)c3c(O)c2OC2OC(C(=O)O)C(O)C(O)C2O)C(O)C(O)C1O O=C(O)C1OC(Oc2cc3oc(-c4ccc(OS(=O)(=O)O)cc4)cc(=O)c3c(O)c2O)C(O)C(O)C1O O=c1cc(-c2ccc(O)cc2)oc2cc(OC3OC(CO)C(O)C(O)C3O)c(O)c(O)c12
18,CN1CCC[C@@H](OC(=O)[C@](O)(c2ccccc2)c2cccc(OCCCNC(=O)c3ccc(CNC[C@H](O)c4ccc(O)c5[nH]c(=O)ccc45)cc3)c2)C1,O=C(NCCCOc1cccc([C@](O)(C(=O)O)c2cccc(OCCCNC(=O)c3ccc(O)c4[nH]c(=O)ccc34)c2)c1)c1ccc(CNC[C@H](O)c2ccc(O)c3[nH]c(=O)ccc23)cc1 C[N+]1([O-])CCC[C@@H](OC(=O)[C@](O)(c2ccccc2)c2cccc(OCCCNC(=O)c3ccc(CNC[C@H](O)c4ccc(O)c5nc(O)ccc45)cc3)c2)C1 O=C(NCCCOc1cccc([C@@](O)(C(=O)O)c2cccc(O)c2)c1)c1ccc(CNC[C@H](O)c2ccc(O)c3[nH]c(=O)ccc23)cc1 CN1CCC[C@H](C(=O)O)OC(=O)[C@](O)(c2cccc(OCCCNC(=O)c3ccc(CNC[C@H](O)c4ccc(O)c5[nH]c(=O)ccc45)cc3)c2)C1 CN1CCC[C@@H](OC(=O)[C@](O)(c2ccccc2)c2cccc(OCCCNC(=O)c3ccc(CNC[C@H](O)c4ccc(OC5O[C@H](C(=O)O)[C@@H](O)[C@H](O)[C@H]5O)c5[nH]c(=O)ccc45)cc3)c2)C1 CN1CCC[C@@H](OC(=O)[C@](O)(c2ccccc2)c2cccc(OCCCNC(=O)c3ccc(CNC[C@H](O)c4ccc(O)c5[nH]c(=O)ccc45)cc3)c2)C1O O=C(NCCCOc1cccc(C(O)(C(=O)O)c2ccccc2)c1)c1ccc(CNC[C@H](O)c2ccc(O)c3[nH]c(=O)ccc23)cc1 C[N+]1([O-])CCC[C@@H](OC(=O)[C@](O)(c2ccccc2)c2cccc(OCCCNC(=O)c3ccc(CNC[C@H](O)c4ccc(O)c5[nH]c(=O)ccc45)cc3)c2)C1 C[N+]1([O-])CCC[C@@H](OC(=O)[C@@](O)(c2ccccc2)c2cccc(OCCCNC(=O)c3ccc(CNC[C@H](O)c4ccc(O)c5[nH]c(=O)ccc45)cc3)c2)C1 O=C(NCCCOc1cccc([C@](O)(C(=O)O[C@@H]2CCCNC2)c2ccccc2)c1)c1ccc(O)c2[nH]c(=O)ccc12 O=C(O)c1ccc(CNC[C@H](O)c2ccc(O)c3[nH]c(=O)ccc23)cc1 C[N+]1([O-])CCC[C@@H](OC(=O)C(O)(c2ccccc2)c2cccc(OCCCNC(=O)c3ccc(CNC[C@H](O)c4ccc(O)c5[nH]c(=O)ccc45)cc3)c2)C1 O=C(NCCCOc1cccc([C@@](O)(C(=O)O)c2ccccc2)c1)c1ccc(CNC[C@H](O)c2ccc(O)c3[nH]c(=O)ccc23)cc1 CN1CCC[C@@H](OC(=O)[C@](O)(c2ccccc2)c2cccc(OCCCNC(=O)c3ccc(CNC[C@H](O)c4ccc(OC5OC(C(=O)O)C(O)C(O)C5O)c5[nH]c(=O)ccc45)cc3)c2)C1
19,CC[C@H](C)C(=O)N1CCC(NC(=O)Nc2ccc(OC(F)(F)F)c(F)c2)CC1,CC(O)C(C)C(=O)N1CCC(NC(=O)Nc2ccc(OC(F)(F)F)c(F)c2)CC1 CCC(C)C(=O)N1CCC(NC(=O)N(c2ccc(OC(F)(F)F)c(F)c2)[C@@H]2O[C@H]2C(=O)O)CC1 CCC(C)C(=O)N1CCC(NC(=O)Nc2ccc(OC(F)(F)F)c(F)c2)CC1O CC[C@H](C)C(=O)N1CCC(NC(=O)N(c2ccc(OC(F)(F)F)c(F)c2)[C@@H]2O[C@H]2C(=O)[O-])CC1 CC[C@H](C)C(=O)N1CCC(NC(=O)Nc2cc(F)c(OC(F)(F)F)cc2O)CC1 O=C(Nc1ccc(OC(F)(F)F)c(F)c1)NC1CCNCC1 CC(O)[C@H](C)C(=O)N1CCC(NC(=O)Nc2ccc(OC(F)(F)F)c(F)c2)CC1 CC[C@H](C)C(=O)N1CCC(NC(=O)Nc2ccc(OC(F)(F)F)c(F)c2)CC1O CCC(C)(O)C(=O)N1CCC(NC(=O)Nc2ccc(OC(F)(F)F)c(F)c2)CC1 C/C=C(\C)C(=O)N1CCC(NC(=O)Nc2ccc(OC(F)(F)F)c(F)c2)CC1 CCC(C)C(=O)N1CCC(NC(=O)N(c2ccc(OC(F)(F)F)c(F)c2)[C@@H]2O[C@H]2C(=O)NCC(=O)O)CC1 C[C@H](C(=O)N1CCC(NC(=O)Nc2ccc(OC(F)(F)F)c(F)c2)CC1)[C@@H](C)O
20,CN(C(=O)Cc1cccs1)[C@@H](Cc1c[nH]c2ccccc12)C(=O)N[C@@](C)(Cc1ccccc1)C(=O)N[C@@H](CCCNC(=N)N)C(=O)N1CCC[C@H]1C(=O)N[C@@H](CCCNC(=N)N)C(N)=O,CN(C(=O)Cc1cccs1)[C@@H](Cc1c[nH]c2ccccc12)C(=O)N[C@@H](CCCNC(=N)N)C(=O)N1CCC[C@H]1C(=O)N[C@@H](CCCNC(=N)N)C(N)=O CN(C(=O)Cc1cccs1)[C@@H](Cc1c[nH]c2ccccc12)C(=O)N[C@@H](CCCNC(=N)N)C(=O)N1CCC[C@H]1C(=O)O[C@@H](CCCNC(=N)N)C(=O)N1CCC[C@H]1C(=O)O CN(C(=O)Cc1cccs1)C(Cc1c[nH]c2ccccc12)C(=O)NC(Cc1ccccc1)C(=O)N1CCC[C@H]1C(=O)O[C@@H](CCCNC(=N)N)C(=O)N1CCC[C@H]1C(=O)O CN[C@@H](Cc1c[nH]c2ccccc12)C(=O)N[C@@H](CCCNC(=N)N)C(=O)N1CCC[C@H]1C(=O)O N=C(N)NCCC[C@H](N)C(=O)N1CCC[C@H]1C(=O)O CN[C@@H](Cc1c[nH]c2ccccc12)C(=O)N[C@@H](CCCNC(=N)N)C(=O)N1CCC[C@H]1C(=O)N[C@@H](CCCNC(=N)N)C(=O)N1CCC[C@H]1C(=O)O CN(C(=O)Cc1cccs1)[C@@H](Cc1c[nH]c2ccccc12)C(=O)N[C@@H](CCCNC(=N)N)C(=O)N1CCC[C@H]1C(=O)O CN(C(=O)Cc1cccs1)[C@@H](Cc1c[nH]c2ccccc12)C(=O)N1CCC[C@H]1C(=O)N[C@@H](CCCNC(=N)N)C(=O)NCC(=O)O CN(C(=O)Cc1cccs1)[C@@H](Cc1c[nH]c2ccccc12)C(=O)N[C@@H](CCCNC(=N)N)C(=O)O CN(C(=O)Cc1cccs1)C(Cc1c[nH]c2ccccc12)C(=O)NC(CCCNC(=N)N)C(=O)N1CCC[C@H]1C(=O)O[C@@H](CCCNC(=N)N)C(=O)N1CCC[C@H]1C(=O)O CN(C(=O)Cc1cccs1)[C@@H](Cc1c[nH]c2ccccc12)C(=O)N[C@H](CCCNC(=N)N)C(=O)N1CCC[C@H]1C(=O)O CN(C(=O)Cc1cccs1)C(Cc1c[nH]c2ccccc12)C(=O)NC(C)(Cc1ccccc1)C(=O)N1CCC[C@H]1C(=O)O[C@@H](CCCNC(=N)N)C(N)=O CN(C(=O)Cc1cccs1)[C@@H](Cc1c[nH]c2ccccc12)C(=O)N[C@@](C)(Cc1ccccc1)C(=O)N[C@@H](CCCNC(=N)N)C(=O)N1CCC[C@H]1C(=O)O CN[C@@H](Cc1c[nH]c2ccccc12)C(=O)N[C@@](C)(Cc1ccccc1)C(=O)N[C@@H](CCCNC(=N)N)C(=O)N1CCC[C@H]1C(=O)O CC(C)(Cc1ccccc1)NC(=O)[C@@H](N)CCCNC(=N)N N=C(N)NCCC[C@H](NC(=O)[C@@H](Cc1c[nH]c2ccccc12)NC(=O)Cc1cccs1)C(=O)N1CCC[C@@H]1C(=O)O CN(C(=O)Cc1cccs1)[C@@H](Cc1c[nH]c2ccccc12)C(=O)N[C@H](CCCNC(=N)N)C(=O)N1CCC[C@H]1C(=O)N[C@@H](CCCNC(=N)N)C(N)=O CN[C@@H](Cc1c[nH]c2ccccc12)C(=O)N[C@@](C)(Cc1ccccc1)C(=O)N[C@@H](CCCNC(=N)N)C(=O)N1CCC[C@H]1C(=O)N[C@@H](CCCNC(=N)N)C(N)=O CN(C(=O)Cc1cccs1)[C@@H](Cc1c[nH]c2ccccc12)C(=O)N1CCC[C@H]1C(=O)N[C@@H](CCCNC(=N)N)C(=O)N1CCC[C@H]1C(=O)O
21,CCN(CC)C(=O)C1C=C2c3cccc4c3c(cn4C(=O)C3CC3)CC2N(C)C1,CCN(CC)C(=O)C1C=C2c3cccc4c(cn(C(=O)C5CC5)c34)CC2NC1 CCN(CC)C(=O)C1=CC2c3cccc4c3c(cn4C(=O)C3CC3)CC2NC1 CCN(CC)C(=O)C1C=C2c3cccc4c3c(cn4C(=O)C3CC3)CC2NC1 CCNC(=O)C1=CC2c3cccc4[nH]cc(c34)CC2N(C)C1 CCNC(=O)C1C=C2c3cccc4[nH]cc(c34)CC2N(C)C1 CCNC(=O)C1=CC2c3cccc4c3c(cn4C(=O)C3CC3)CC2NC1 CCN(CC)C(=O)C1=CC2c3cccc4[nH]cc(c34)CC2N(C)C1 CCN(CC)C(=O)C1C=C2c3cccc4c3C(CN4)CC2N(C)C1 CCN(CC)C(=O)C1CC2c3cccc4[nH]cc(c34)CC2N(C)C1 CCNC(=O)C1C=C2c3cccc4[nH]c(C5CC5)c(c34)CC2N(C)C1 CCNC(=O)C1C=C2c3cccc4c3c(cn4C(=O)C3CC3)CC2N(C)C1 CCN(CC)C(=O)C1C=C2c3cccc4c3c(cn4C(=O)C3CC3)CC2(C)C1 CCN(CC)C(=O)C1C=C2c3cccc4[nH]cc(c34)CC2N(C)C1 CCNC(=O)C1=CC2c3cccc4c3c(cn4C(=O)C3CC3)CC2N(C)C1
22,COc1c([C@H]2C(C(=O)Nc3ccnc(C(N)=O)c3)O[C@@](C)(C(F)(F)F)[C@H]2C)ccc(F)c1F,C[C@@H]1[C@H](C(=O)Nc2ccnc(C(N)=O)c2)O[C@@](C)(C(F)(F)F)[C@H]1c1ccc(F)c(F)c1O C[C@H]1[C@H](c2ccc(F)c(F)c2O)[C@H](C(=O)Nc2ccnc(C(N)=O)c2)O[C@H]1C(F)(F)F C[C@@H]1[C@H](c2ccc(F)c(F)c2O)[C@H](C(=O)Nc2ccnc(C(N)=O)c2)O[C@H]1C(F)(F)F CC1C(c2ccc(F)c(F)c2O)C(C(=O)Nc2ccnc(C(N)=O)c2)OC1(C)C(F)(F)F C[C@H]1[C@@H](c2ccc(F)c(F)c2O)[C@@H](C(=O)Nc2ccnc(C(N)=O)c2)O[C@@]1(C)C(F)(F)F CC1C(c2ccc(F)c(F)c2O)C(C(=O)Nc2ccnc(C(N)=O)c2)OC1C(F)(F)F C[C@H]1[C@H](c2ccc(F)c(F)c2O)[C@@H](C(=O)Nc2ccnc(C(N)=O)c2)O[C@@]1(C)C(F)(F)F C[C@@H]1[C@H](c2ccc(F)c(F)c2O)C(C(=O)Nc2ccnc(C(N)=O)c2)OC1(C)C(F)(F)F C[C@@H]1O[C@H](C(=O)Nc2ccnc(C(N)=O)c2)[C@@H](c2ccc(F)c(F)c2O)[C@H]1C(F)(F)F C[C@@H]1[C@H](c2ccc(F)c(F)c2O)[C@@H](C(O)=Nc2ccnc(C(N)=O)c2)OC1(C)C(F)(F)F C[C@@H]1[C@@H](C(=O)Nc2ccnc(C(=N)O)c2)O[C@@](C)(C(F)(F)F)[C@@H]1c1ccc(F)c(F)c1O C[C@H]1[C@@H](c2ccc(F)c(F)c2O)[C@](C)(C(F)(F)F)O[C@H]1C(=O)Nc1ccnc(C(N)=O)c1 C[C@@H]1C(c2ccc(F)c(F)c2O)C(C(=O)Nc2ccnc(C(N)=O)c2)O[C@@]1(C)C(F)(F)F CC1C(C(=O)Nc2ccnc(C(N)=O)c2)OC(C)(C(F)(F)F)C1c1ccc(F)c(F)c1O C[C@H]1[C@@H](c2ccc(F)c(F)c2O)C(C(=O)Nc2ccnc(C(N)=O)c2)O[C@@]1(C)C(F)(F)F C[C@H]1[C@H](c2ccc(F)c(F)c2O)[C@@H](C(=O)Nc2ccnc(C(N)=O)c2)OC1(C)C(F)(F)F C[C@@H]1[C@H](c2ccc(F)c(F)c2O)C(C(=O)Nc2ccnc(C(N)=O)c2)O[C@@]1(C)C(F)(F)F C[C@@H]1[C@H](c2ccc(F)c(F)c2O)[C@@H](C(=O)Nc2ccnc(C(N)=O)c2)O[C@@]1(C)C(F)(F)F C[C@H]1[C@@H](c2ccc(F)c(F)c2O)[C@](C)(C(F)(F)F)O[C@]1(O)C(=O)Nc1ccnc(C(=N)O)c1 C[C@@H]1[C@H](c2ccc(F)c(F)c2O)[C@@H](C(=O)Nc2ccnc(C(N)=O)c2)OC1(C)C(F)(F)F COc1cc(F)ccc1[C@H]1C(C(=O)Nc2cc[n+]([O-])c(C(N)=O)c2)O[C@@](C)(C(F)(F)F)[C@H]1C C[C@H]1[C@H](c2ccc(F)c(F)c2O)C(C(=O)Nc2ccnc(C(N)=O)c2)O[C@@]1(C)C(F)(F)F C[C@H]1[C@@H](c2ccc(F)c(F)c2O)[C@@H](C(=O)Nc2ccnc(C(N)=O)c2)O[C@]1(C)C(F)(F)F CC1C(c2ccc(F)c(F)c2O)C(C(O)=Nc2ccnc(C(N)=O)c2)OC1C(F)(F)F C[C@@H]1[C@@H](C(=O)Nc2ccnc(C(=N)N)c2)O[C@@](C)(C(F)(F)F)[C@@H]1c1ccc(F)c(F)c1O
23,CCN(CC)CCc1c[nH]c2cccc(OC(C)=O)c12,CCN(CC)CCc1c[nH]c2cccc(O)c12 Oc1cccc2[nH]ccc12 CC[N+]([O-])(CC)CCc1c[nH]c2cccc(O)c12 CCN(CC)CCc1c[nH]c2ccc(O)cc12 CCN(CC)CCc1c[nH]c2ccc(O)c(O)c12 CCNCCc1c[nH]c2cccc(O)c12 CC[N+](CC)(CC)CCc1c[nH]c2cccc(O)c12 CCN(CC)CCc1c[nH]c2cc(O)cc(O)c12 CCNCCc1c[nH]c2cccc(OC(C)=O)c12
24,N#CC1CN(S(=O)(=O)c2cccc(C(=O)N3CCC[C@@H]3C(=O)NCc3ccc(C(F)(F)F)cc3)c2)C1,N#CC1CN(S(=O)(=O)c2cccc(C(=O)N3CCC[C@H]3C(=O)NCc3ccc(C(F)(F)F)cc3)c2)C1O N#CC1CN(S(=O)(=O)c2cccc(C(=O)N3CCC[C@@H]3C(=O)O)c2)C1 N#CC1CN(S(=O)(=O)c2cccc(C(=O)N3[C@@H](O)C[C@@H]3C(=O)NCc3ccc(C(F)(F)F)cc3)c2)C1 N#CC1CN(S(=O)(=O)c2cccc(C(=O)N3CCC[C@H]3C(=O)O)c2)C1 N#CC1CN(S(=O)(=O)c2cccc(C(=O)N3[C@@H](O)CC[C@@H]3C(=O)NCc3ccc(C(F)(F)F)cc3)c2)C1 N#CC1CN(S(=O)(=O)c2cccc(C(=O)N3CCC[C@H]3C(=O)NC(O)c3ccc(C(F)(F)F)cc3)c2)C1 N#CC1(O)CN(S(=O)(=O)c2cccc(C(=O)N3CCC[C@@H]3C(=O)NCc3ccc(C(F)(F)F)cc3)c2)C1 N#CC1CN(S(=O)(=O)c2cccc(C(=O)N3CCC[C@@H]3C(=O)NCc3ccc(C(F)(F)F)cc3O)c2)C1 N#CC1CN(S(=O)(=O)c2cccc(C(=O)N3CCC[C@@H]3C(O)=NCc3ccc(C(F)(F)F)cc3)c2)C1 N#CC1CN(S(=O)(=O)c2cccc(C(=O)N3CCC[C@H]3C(=O)OC3O[C@H](C(=O)O)[C@@H](O)[C@H](O)[C@H]3O)c2)C1 N#CC1CN(S(=O)(=O)c2cccc(C(=O)N3CCC[C@@H]3C(=O)NC(O)c3ccc(C(F)(F)F)cc3)c2)C1 N#CC1CN(S(=O)(=O)c2cccc(C(=O)N3CCC[C@@H]3C(=O)NCc3ccc(C(F)(F)F)cc3)c2)C1O
25,CCC(CC)COC(=O)[C@H](C)N[P@](=O)(OC[C@H]1O[C@@](C#N)(c2ccc3c(N)ncnn23)[C@H](O)[C@@H]1O)Oc1ccccc1,C[C@H](N[P@@](=O)(O)OC[C@H]1O[C@@](C#N)(c2ccc3c(N)ncnn23)[C@H](O)[C@@H]1O)C(=O)O N#C[C@]1(c2ccc3c(N)ncnn23)O[C@H](COP(=O)(O)O)[C@@H](O)[C@H]1O N#C[C@]1(c2ccc3c(N)ncnn23)O[C@H](COP(=O)(O)OP(=O)(O)O)[C@@H](O)[C@H]1O N#C[C@]1(c2ccc3c(N)ncnn23)O[C@@H](COP(=O)(O)O)[C@@H](O)[C@H]1O N#CC1(c2ccc3c(N)ncnn23)O[C@H](COP(=O)(O)O)[C@@H](O)[C@@H]1O CCC(CC)COC(=O)[C@H](C)NP(=O)(O)OC[C@H]1O[C@@](C#N)(c2ccc3c(N)ncnn23)[C@H](O)[C@@H]1O CCC(CC)COC(=O)[C@H](C)NP(=O)(O)OC[C@H]1O[C@@H](n2cnc3c(N)ncnc32)[C@H](O)[C@@H]1O C[C@H](N[P@@](=O)(O)OC[C@H]1O[C@@](C#N)(c2ccc3c(N)ncnn23)[C@H](O)[C@@H]1O)C(=O)[O-] CC(N[P@@](=O)(O)OC[C@H]1O[C@@](C#N)(c2ccc3c(N)ncnn23)[C@H](O)[C@@H]1O)C(=O)O N#CC1(c2ccc3c(N)ncnn23)OC(COP(=O)(O)O)C(O)C1O C[C@@H](N[P@@](=O)(O)OC[C@H]1O[C@@](C#N)(c2ccc3c(N)ncnn23)[C@H](O)[C@@H]1O)C(=O)O C[C@@H](N[P@@](=O)(O)OC[C@H]1O[C@@](C#N)(c2ccc3c(N)ncnn23)[C@H](O)[C@@H]1O)C(=O)[O-] CCC(CC)COC(=O)[C@H](C)N[P@@](=O)(O)OC[C@H]1O[C@@](C#N)(c2ccc3c(N)ncnn23)[C@H](O)[C@@H]1O N#C[C@]1(c2ccc3c(N)ncnn23)O[C@H](CO)[C@@H](O)[C@H]1O CCC(CC)COC(=O)[C@H](C)N[P@@](=O)(O)OC[C@H]1O[C@@H](n2cnc3c(N)ncnc32)[C@H](O)[C@@H]1O N#CC1(c2ccc3c(N)ncnn23)OC(COP(=O)(O)O)[C@@H](O)[C@H]1O N#CC1(c2ccc3c(N)ncnn23)O[C@H](COP(=O)(O)O)[C@@H](O)[C@H]1O
26,O=C1CC[C@@H](N2Cc3c(OCc4ccc(CN5CCOCC5)cc4)cccc3C2=O)C(=O)N1,O=Cc1ccc(COc2cccc3c2CN([C@@H]2CCC(=O)NC2=O)C3=O)cc1 O=C1CC[C@H](N2Cc3c(OCc4ccc(CN5CCOCC5)cc4)ccc(O)c3C2=O)C(=O)N1 O=C1NC(=O)[C@H](N2Cc3c(OCc4ccc(CN5CCOCC5)cc4)cccc3C2=O)CC1O O=C1CC[C@@H](N2Cc3c(OCc4ccc(CN5CCOCC5)cc4)cccc3C2=O)C(=O)N1O O=C1CC[C@H](N2Cc3c(OCc4ccc(CN5CCOCC5)cc4)cccc3C2=O)C(=O)N1O NCc1ccc(COc2cccc3c2CN([C@@H]2CCC(=O)NC2=O)C3=O)cc1 O=C1CC[C@@H](N2Cc3c(O)cccc3C2=O)C(=O)N1 O=C1N=C(O)CC[C@H]1N1Cc2c(OCc3ccc(CN4CCOCC4)cc3)cccc2C1=O O=C1CC[C@H](N2Cc3c(O)cccc3C2=O)C(=O)N1 O=Cc1ccc(COc2cccc3c2CN([C@@H]2CCC(=O)NC2=O)C(=O)N3)cc1 O=Cc1ccc(COc2cccc3c2CN([C@@H]2CCC(O)=NC2=O)C3=O)cc1 NC(=O)[C@H](CCC(=O)O)N1Cc2c(OCc3ccc(CN4CCOCC4)cc3)cccc2C1=O O=C1N=C(O)CC[C@H]1N1Cc2c(O)cccc2C1=O O=C1CCC(N2Cc3c(O)cccc3C2=O)C(O)=N1 O=Cc1ccc(COc2cccc3c2CN(C2CCC(=O)NC2=O)C(=O)N3)cc1 O=C1CC[C@H](N2Cc3c(OCc4ccc(C(=O)O)cc4)cccc3C2=O)C(O)=N1 O=C1NC(=O)[C@@H](N2Cc3c(O)cccc3C2=O)CC1O O=C1NC(=O)[C@@H](N2Cc3c(OCc4ccc(CN5CCOCC5)cc4)cccc3C2=O)CC1O O=C1CC[C@H](N2Cc3c(O)cccc3C2=O)C(O)=N1
27,CNC(C)Cc1ccc2c(c1)OCO2,CNC(C)Cc1ccc(O)c(OC)c1 NC(CO)Cc1ccc2c(c1)OCO2 COc1cc(C[C@@H](C)N)ccc1O COc1cc(CC(C)N)ccc1O CNC(C)Cc1ccc(O)c(OC)c1O C[C@@H](N)[C@@H](O)c1ccc2c(c1)OC2 CC(N)Cc1ccc2c(c1)OCO2 CNC(C)Cc1ccc(O)c(O)c1 CNC(C)Cc1cc(O)c(O)c(O)c1 CNC(C)Cc1ccc(O)c(OCO)c1 CC(Cc1ccc2c(c1)OCO2)N(C)C C[C@H](N)Cc1ccc2c(c1)OCO2
28,Cn1cnc2ncn(Cc3nc([C@@H]4CO[C@@H](c5ccc(Cl)cc5)C4)no3)c(=O)c21,O=C(O)c1ccc[n+](C2C[C@H](c3noc(Cn4cnc5nc[nH]c5c4=O)n3)CO2)c1 O=c1[nH]cnc2ncn(Cc3nc([C@@H]4CO[C@@H](c5ccc(Cl)cc5)C4)no3)c12 O=C(O)Cn1cnc2ncn(Cc3nc([C@@H]4CO[C@@H](c5ccc(Cl)cc5)C4)no3)c(=O)c21 Cn1c(=O)[nH]c2ncn(Cc3nc(C4COC(c5ccc(Cl)cc5)C4)no3)c(=O)c21 O=c1c2ncn(Cc3nc([C@@H]4CO[C@@H](c5ccc(Cl)cc5)C4)no3)c2ncn1CO Cn1c([O-])nc2ncn(Cc3nc(C4COC(c5ccc(Cl)cc5)C4)no3)c2c1=O O=C(O)Cn1cnc2ncn(Cc3nc([C@@H]4CO[C@@H](c5ccc(Cl)cc5)C4)no3)c21 O=c1nc[nH]c2c(=O)n(Cc3nc([C@@H]4CO[C@@H](c5ccc(Cl)cc5)C4)no3)cnc12 Cn1c(=O)[nH]c2ncn(Cc3nc(C4CO[C@@H](c5ccc(Cl)cc5)C4)no3)c(=O)c21 Cn1c(=O)[nH]c2ncn(Cc3nc([C@@H]4CO[C@@H](c5ccc(Cl)cc5)C4)no3)c(=O)c21 Cn1c(=O)[nH]c2ncn(Cc3nc(C4COC(c5ccc(Cl)cc5)C4)no3)c2c1=O O=c1[nH]cnc2ncn(Cc3nc([C@@H]4CO[C@@H](c5ccc(Cl)cc5)C4)no3)c(=O)c12 Nc1nc2c(c(=O)n1Cc1nc([C@@H]3CO[C@@H](c4ccc(Cl)cc4)C3)no1)NCN2 O=c1c2[nH]cnc2ncn1Cc1nc([C@@H]2CO[C@@H](c3ccc(Cl)cc3)C2)no1 Cn1cnc2nc[nH]c(=O)c21 O=c1c2[nH]cnc2ncn1Cc1nc(C2CO[C@@H](c3ccc(Cl)cc3)C2)no1 Cn1c(=O)[nH]c2ncn(Cc3nc([C@@H]4CO[C@@H](c5ccc(Cl)cc5)C4)no3)c2c1=O O=C(O)C1OC(n2cnc3ncn(Cc4nc([C@@H]5CO[C@@H](c6ccc(Cl)cc6)C5)no4)c32)C(O)C(O)C1O O=c1c2[nH]cnc2ncn1Cc1nc(C2COC(c3ccc(Cl)cc3)C2)no1
29,CC1OC(OC2C(OC(=O)[C@]34CCC(C)(C)CC3C3=CCC5[C@@]6(C)C[C@H](O)[C@H](OC7OC(CO)C(O)C(O)C7O)C(CO)(CO)C6CC[C@@]5(C)[C@]3(C)C[C@H]4O)OCC(O)C2O)C(O)C(O)C1OC1OCC(O)C(OC2OCC(O)C2(O)CO)C1O,CC1CC(O)C(O)C(OC2C(OC(=O)[C@]34CCC(C)(C)CC3C3=CCC5[C@@]6(C)C[C@H](O)[C@H](OC7OC(CO)C(O)C(O)C7O)C(CO)(CO)C6CC[C@@]5(C)[C@]3(C)C[C@H]4O)OCC(O)C2O)O1 CC1OC(OC2C(OC3OC(CO)C(O)C(O)C3O)OCC(O)C2O)C(O)C(O)C1O CC1OC(OC2C(OC3OCC(O)C(O)C3O)OCC(O)C2O)C(O)C(O)C1OC1OCC(O)C(O)C1O CC1OC(OC2C(OC3OCC(O)C(O)C3O)OC(C)C2OC2OCC(O)C(OC3OC(CO)C(O)C(O)C3O)C(C)(C3=CCC4C(C)(C)CCC4(C)C3O)C2O)C(O)C(O)C1O CC1OC(OC2OCC(O)C(O)C2O)C(OC2OC(C)C(OC3OCC(O)C(O)C3O)C(OC3OC(CO)C(O)C(O)C3O)C2O)C1OC1OCC(O)C(O)C1O CC1OC(OC2C(OC3OCC(O)C(O)C3O)OCC(O)C2O)C(O)C(O)C1O CC1OC(OC2C(OC3OCC(O)C(OC4OCC(O)C(O)C4O)C3O)OCC(O)C2O)C(O)C(O)C1O CC1OC(C(O)C(O)CO)OC2C(OC3OCC(O)C(O)C3O)C(O)C(OC3OCC(O)C(O)C3O)C2OC(=O)C23CCC(C)(C)CC2C3=CCC2C1(C)CCC1C(O)C(O)CC12C CC1OC(OC2C(OC3C(O)C(O)C(O)C(O)C3O)OCC(O)C2O)C(O)C(O)C1O CC1OC(OC2C(OC3OCC(O)C(OC4OCC(O)C(O)C4O)C3O)OCC(O)C2O)C(O)C(O)C1OC1OCC(O)C(O)C1O CC1OC(OC2C(O)C(O)C(OC3OCC(O)C(O)C3O)C2OC2OC(C)C(OC3OCC(O)C(O)C3O)C(O)C2O)C(O)C(O)C1O CC1OC(OC2C(OC3OCC(O)C(O)C3O)OC(C)C2OC2OCC(O)C(O)C2O)C(O)C(OC2OC(CO)C(O)C(OC3OCC(O)C(O)C3O)C2O)C1O CC1OC(OC2C(OC3OCC(O)C(O)C3O)OCC(C)(C)CC2C2=CCC3C(C)(CCC4C3(C)CC(O)C(OC3OC(CO)C(O)C(O)C3O)C4(CO)CO)C2O)C(O)C(O)C1O CC1OC(C(O)CO)OC2C(OC(=O)C34CCC(C)(C)CC3C4=CCC3C1(C)CCC1C3(C)CC(O)C1(CO)OC1OC(CO)C(O)C(O)C1O)C(O)C(O)C2OC1OCC(O)C(O)C1O
30,O=C(c1cccnc1-c1ccncc1)N1CCC(O)(Cc2ccccc2)CC1,O=C(O)c1cc(O)cnc1-c1ccncc1 O=C(c1cccnc1-c1cc[n+]([O-])cc1)N1CCC(O)(Cc2ccccc2)CC1 O=C(O)CNC(=O)c1cccnc1-c1ccncc1 O=C(c1ccc(-c2ccncc2)nc1)N1CCC(O)(Cc2ccccc2O)CC1 O=C(c1cccnc1-c1ccncc1)N1CCC(O)(C(O)c2ccccc2)CC1 OC1(Cc2ccccc2)CCNCC1 O=C(c1cccnc1-c1ccncc1)N1CCC(O)(Cc2ccc(O)cc2)CC1 OC(c1cccnc1-c1ccncc1)N1CCC(O)(Cc2ccccc2)CC1 O=C1CCN(C(=O)c2cccnc2-c2ccncc2)CC1 O=C(O)C1=C(c2ccncc2)NC(O)C=C1 O=C(c1cccnc1-c1ccncc1)N1CC=C(Cc2ccccc2)CC1 O=C(c1cc(O)cnc1-c1ccncc1)N1CCC(O)(Cc2ccccc2)CC1 O=C(O)[C@H]1OC(OC2(Cc3ccccc3)CCN(C(=O)c3cccnc3-c3ccncc3)CC2)[C@H](O)[C@@H](O)[C@@H]1O O=C(O)c1cccnc1-c1ccncc1
