substrate,truth,mapped_rxn,pred_rxn,site_truth
CC(C)(C)[C@H](NC(=O)C(F)(F)F)C(=O)N1CC2(C[C@H]1C(=O)N[C@H](C#N)C[C@@H]1CCNC1=O)SCCS2,CC(C)(C)[C@H](NC(=O)C(F)(F)F)C(=O)N1CC2(C[C@H]1C(=O)N[C@@H](C[C@@H]1CCNC1=O)C(=O)O)SCCS2,CC(C)(C)[C@H](NC(=O)C(F)(F)F)C(=O)N1CC2(C[C@H]1C(=O)N[C@@H](C[C@@H]1CCNC1=O)C(=O)O)SCCS2>>CC(C)(C)[C@H](NC(=O)C(F)(F)F)C(=O)N1CC2(C[C@H]1C(=O)N[C@H](C#N)C[C@@H]1CCNC1=O)SCCS2,[CH3:1][C:2]([CH3:3])([CH3:4])[C@H:5]([NH:6][C:7](=[O:8])[C:9]([F:10])([F:11])[F:12])[C:13](=[O:14])[N:15]1[CH2:16][C:17]2([CH2:18][C@H:19]1[C:20](=[O:21])[NH:22][C@@H:23]([CH2:26][C@@H:27]1[CH2:28][CH2:29][NH:30][C:31]1=[O:32])[C:24](=O)O)[S:33][CH2:34][CH2:35][S:36]2>>[CH3:1][C:2]([CH3:3])([CH3:4])[C@H:5]([NH:6][C:7](=[O:8])[C:9]([F:10])([F:11])[F:12])[C:13](=[O:14])[N:15]1[CH2:16][C:17]2([CH2:18][C@H:19]1[C:20](=[O:21])[NH:22][C@H:23]([C:24]#N)[CH2:26][C@@H:27]1[CH2:28][CH2:29][NH:30][C:31]1=[O:32])[S:33][CH2:34][CH2:35][S:36]2,CC(C)(C)[C@H](NC(=O)C(F)(F)F)C(=O)N1CC2(C[C@H]1C(=O)N[C@@H](C[C@@H]1CCNC1=O)[C:1]#N)SCCS2
CC[C@@H](C(=O)Nc1ccc(C(N)=O)c(F)c1)n1cc(OC)c(-c2cc(Cl)ccc2-n2cc(C(F)(F)F)nn2)cc1=O,CC[C@@H](C(=O)O)n1cc(OC)c(-c2cc(Cl)ccc2-n2cc(C(F)(F)F)nn2)cc1=O,CC[C@@H](C(=O)O)n1cc(OC)c(-c2cc(Cl)ccc2-n2cc(C(F)(F)F)nn2)cc1=O>>CC[C@@H](C(=O)Nc1ccc(C(N)=O)c(F)c1)n1cc(OC)c(-c2cc(Cl)ccc2-n2cc(C(F)(F)F)nn2)cc1=O,[CH3:1][CH2:2][C@@H:3]([C:4](=[O:5])[OH:13])[n:17]1[cH:18][c:19]([O:20][CH3:21])[c:22](-[c:23]2[cH:24][c:25]([Cl:26])[cH:27][cH:28][c:29]2-[n:30]2[cH:31][c:32]([C:33]([F:34])([F:35])[F:36])[n:37][n:38]2)[cH:39][c:40]1=[O:41]>>[CH3:1][CH2:2][C@@H:3]([C:4](=[O:5])Nc1ccc(C(N)=[O:13])c(F)c1)[n:17]1[cH:18][c:19]([O:20][CH3:21])[c:22](-[c:23]2[cH:24][c:25]([Cl:26])[cH:27][cH:28][c:29]2-[n:30]2[cH:31][c:32]([C:33]([F:34])([F:35])[F:36])[n:37][n:38]2)[cH:39][c:40]1=[O:41],CC[C@H](n1cc(OC)c(-c2cc(Cl)ccc2-n2cc(C(F)(F)F)nn2)cc1=O)[C:1](=O)Nc1ccc(C(N)=[O:1])c(F)c1
CCCCCc1cc(O)c2c(c1)OC(C)(C)C1CCC(C)CC21,CCCCCc1cc(O)c2c(c1)OC(C)(C)C1CCC(CO)CC21,CCCCCc1cc(O)c2c(c1)OC(C)(C)C1CCC(CO)CC21>>CCCCCc1cc(O)c2c(c1)OC(C)(C)C1CCC(C)CC21,[CH3:1][CH2:2][CH2:3][CH2:4][CH2:5][c:6]1[cH:7][c:8]([OH:9])[c:10]2[c:11]([cH:12]1)[O:13][C:14]([CH3:15])([CH3:16])[CH:17]1[CH2:18][CH2:19][CH:20]([CH2:21]O)[CH2:22][CH:23]21>>[CH3:1][CH2:2][CH2:3][CH2:4][CH2:5][c:6]1[cH:7][c:8]([OH:9])[c:10]2[c:11]([cH:12]1)[O:13][C:14]([CH3:15])([CH3:16])[CH:17]1[CH2:18][CH2:19][CH:20]([CH3:21])[CH2:22][CH:23]21,CCCCCc1cc(O)c2c(c1)OC(C)(C)C1CCC([CH3:1])CC21
CC(=O)Nc1ccc(C)c(C(=O)N[C@H](C)c2cccc3ccccc23)c1,Cc1ccc(N)cc1C(=O)N[C@H](C)c1cccc2ccccc12,Cc1ccc(N)cc1C(=O)N[C@H](C)c1cccc2ccccc12>>CC(=O)Nc1ccc(C)c(C(=O)N[C@H](C)c2cccc3ccccc23)c1,[CH3:9][c:8]1[cH:7][cH:6][c:5]([NH2:4])[cH:26][c:10]1[C:11](=[O:12])[NH:13][C@H:14]([CH3:15])[c:16]1[cH:17][cH:18][cH:19][c:20]2[cH:21][cH:22][cH:23][cH:24][c:25]12>>CC(=O)[NH:4][c:5]1[cH:6][cH:7][c:8]([CH3:9])[c:10]([C:11](=[O:12])[NH:13][C@H:14]([CH3:15])[c:16]2[cH:17][cH:18][cH:19][c:20]3[cH:21][cH:22][cH:23][cH:24][c:25]23)[cH:26]1,CC(=O)[NH:1]c1ccc(C)c(C(=O)N[C@H](C)c2cccc3ccccc23)c1
Cc1ccc(N)cc1C(=O)N[C@H](C)c1cccc2ccccc12,Cc1cc(O)c(N)cc1C(=O)N[C@H](C)c1cccc2ccccc12,Cc1cc(O)c(N)cc1C(=O)N[C@H](C)c1cccc2ccccc12>>Cc1ccc(N)cc1C(=O)N[C@H](C)c1cccc2ccccc12,[CH3:1][c:2]1[cH:3][c:4](O)[c:5]([NH2:6])[cH:7][c:8]1[C:9](=[O:10])[NH:11][C@H:12]([CH3:13])[c:14]1[cH:15][cH:16][cH:17][c:18]2[cH:19][cH:20][cH:21][cH:22][c:23]12>>[CH3:1][c:2]1[cH:3][cH:4][c:5]([NH2:6])[cH:7][c:8]1[C:9](=[O:10])[NH:11][C@H:12]([CH3:13])[c:14]1[cH:15][cH:16][cH:17][c:18]2[cH:19][cH:20][cH:21][cH:22][c:23]12,Cc1c[cH:1]c(N)cc1C(=O)N[C@H](C)c1cccc2ccccc12
Cn1cc(Nc2nccc(N3C[C@H]4CC[C@@H](C3)N4C(=O)[C@@H]3CC3(F)F)n2)cn1,Nc1nccc(N2C[C@H]3CC[C@@H](C2)N3C(=O)[C@@H]2CC2(F)F)n1,Nc1nccc(N2C[C@H]3CC[C@@H](C2)N3C(=O)[C@@H]2CC2(F)F)n1>>Cn1cc(Nc2nccc(N3C[C@H]4CC[C@@H](C3)N4C(=O)[C@@H]3CC3(F)F)n2)cn1,[NH2:5][c:6]1[n:7][cH:8][cH:9][c:10]([N:11]2[CH2:12][C@H:13]3[CH2:14][CH2:15][C@@H:16]([CH2:17]2)[N:18]3[C:19](=[O:20])[C@@H:21]2[CH2:22][C:23]2([F:24])[F:25])[n:26]1>>Cn1cc([NH:5][c:6]2[n:7][cH:8][cH:9][c:10]([N:11]3[CH2:12][C@H:13]4[CH2:14][CH2:15][C@@H:16]([CH2:17]3)[N:18]4[C:19](=[O:20])[C@@H:21]3[CH2:22][C:23]3([F:24])[F:25])[n:26]2)cn1,Cn1cc([NH:1]c2nccc(N3C[C@@H]4CC[C@H](C3)N4C(=O)[C@@H]3CC3(F)F)n2)cn1
C=CC(=O)Nc1cc(Nc2ncc(C(=O)OC(C)C)c(-c3cn(C)c4ccccc34)n2)c(OC)cc1N(C)CCN(C)C,C=CC(=O)Nc1cc(Nc2ncc(C(=O)OC(C)C)c(-c3cn(C)c4ccccc34)n2)c(OC)cc1N(C)CCNC,C=CC(=O)Nc1cc(Nc2ncc(C(=O)OC(C)C)c(-c3cn(C)c4ccccc34)n2)c(OC)cc1N(C)CCNC>>C=CC(=O)Nc1cc(Nc2ncc(C(=O)OC(C)C)c(-c3cn(C)c4ccccc34)n2)c(OC)cc1N(C)CCN(C)C,[CH2:1]=[CH:2][C:3](=[O:4])[NH:5][c:6]1[cH:7][c:8]([NH:9][c:10]2[n:11][cH:12][c:13]([C:14](=[O:15])[O:16][CH:17]([CH3:18])[CH3:19])[c:20](-[c:21]3[cH:22][n:23]([CH3:24])[c:25]4[cH:26][cH:27][cH:28][cH:29][c:30]34)[n:31]2)[c:32]([O:33][CH3:34])[cH:35][c:36]1[N:37]([CH3:38])[CH2:39][CH2:40][NH:41][CH3:42]>>[CH2:1]=[CH:2][C:3](=[O:4])[NH:5][c:6]1[cH:7][c:8]([NH:9][c:10]2[n:11][cH:12][c:13]([C:14](=[O:15])[O:16][CH:17]([CH3:18])[CH3:19])[c:20](-[c:21]3[cH:22][n:23]([CH3:24])[c:25]4[cH:26][cH:27][cH:28][cH:29][c:30]34)[n:31]2)[c:32]([O:33][CH3:34])[cH:35][c:36]1[N:37]([CH3:38])[CH2:39][CH2:40][N:41]([CH3:42])C,C=CC(=O)Nc1cc(Nc2ncc(C(=O)OC(C)C)c(-c3cn(C)c4ccccc34)n2)c(OC)cc1N(C)CC[N:1](C)C
Cc1ccc([C@@H]2O[C@H](CO)[C@@H](O)[C@H](O)[C@H]2O)cc1Cc1ccc(-c2ccc(F)cc2)s1,Cc1ccc([C@@H]2O[C@H](CO)[C@@H](O)[C@H](OC3O[C@H](C(=O)O)[C@@H](O)[C@H](O)[C@H]3O)[C@H]2O)cc1Cc1ccc(-c2ccc(F)cc2)s1,Cc1ccc([C@@H]2O[C@H](CO)[C@@H](O)[C@H](OC3O[C@H](C(=O)O)[C@@H](O)[C@H](O)[C@H]3O)[C@H]2O)cc1Cc1ccc(-c2ccc(F)cc2)s1>>Cc1ccc([C@@H]2O[C@H](CO)[C@@H](O)[C@H](O)[C@H]2O)cc1Cc1ccc(-c2ccc(F)cc2)s1,[CH3:1][c:2]1[cH:3][cH:4][c:5]([C@@H:6]2[O:7][C@H:8]([CH2:9][OH:10])[C@@H:11]([OH:12])[C@H:13](OC3O[C@H](C(=O)O)[C@@H](O)[C@H]([OH:14])[C@H]3O)[C@H:15]2[OH:16])[cH:17][c:18]1[CH2:19][c:20]1[cH:21][cH:22][c:23](-[c:24]2[cH:25][cH:26][c:27]([F:28])[cH:29][cH:30]2)[s:31]1>>[CH3:1][c:2]1[cH:3][cH:4][c:5]([C@@H:6]2[O:7][C@H:8]([CH2:9][OH:10])[C@@H:11]([OH:12])[C@H:13]([OH:14])[C@H:15]2[OH:16])[cH:17][c:18]1[CH2:19][c:20]1[cH:21][cH:22][c:23](-[c:24]2[cH:25][cH:26][c:27]([F:28])[cH:29][cH:30]2)[s:31]1,Cc1ccc([C@@H]2O[C@H](CO)[C@@H](O)[C@H:1]([OH:1])[C@H]2O)cc1Cc1ccc(-c2ccc(F)cc2)s1
O=C(Nc1ccc(OC(F)(F)F)cc1)c1sccc1NCc1ccnc2ccccc12,O=C(Nc1ccc(OC(F)(F)F)cc1)c1sccc1NCc1cc(=O)[nH]c2ccccc12,O=C(Nc1ccc(OC(F)(F)F)cc1)c1sccc1NCc1cc(=O)[nH]c2ccccc12>>O=C(Nc1ccc(OC(F)(F)F)cc1)c1sccc1NCc1ccnc2ccccc12,[O:1]=[C:2]([NH:3][c:4]1[cH:5][cH:6][c:7]([O:8][C:9]([F:10])([F:11])[F:12])[cH:13][cH:14]1)[c:15]1[s:16][cH:17][cH:18][c:19]1[NH:20][CH2:21][c:22]1[cH:23][c:24](=O)[nH:25][c:26]2[cH:27][cH:28][cH:29][cH:30][c:31]12>>[O:1]=[C:2]([NH:3][c:4]1[cH:5][cH:6][c:7]([O:8][C:9]([F:10])([F:11])[F:12])[cH:13][cH:14]1)[c:15]1[s:16][cH:17][cH:18][c:19]1[NH:20][CH2:21][c:22]1[cH:23][cH:24][n:25][c:26]2[cH:27][cH:28][cH:29][cH:30][c:31]12,O=C(Nc1ccc(OC(F)(F)F)cc1)c1sccc1NCc1c[cH:1]nc2ccccc12
NC1(C(=O)N[C@@H](CCO)c2ccc(Cl)cc2)CCN(c2ncnc3[nH]ccc23)CC1,NC1(C(=O)N[C@@H](CCOC2O[C@H](C(=O)O)[C@@H](O)[C@H](O)[C@H]2O)c2ccc(Cl)cc2)CCN(c2ncnc3[nH]ccc23)CC1,NC1(C(=O)N[C@@H](CCOC2O[C@H](C(=O)O)[C@@H](O)[C@H](O)[C@H]2O)c2ccc(Cl)cc2)CCN(c2ncnc3[nH]ccc23)CC1>>NC1(C(=O)N[C@@H](CCO)c2ccc(Cl)cc2)CCN(c2ncnc3[nH]ccc23)CC1,[NH2:1][C:2]1([C:3](=[O:4])[NH:5][C@@H:6]([CH2:7][CH2:8][O:9]C2O[C@H](C(=O)O)[C@@H](O)[C@H](O)[C@H]2O)[c:10]2[cH:11][cH:12][c:13]([Cl:14])[cH:15][cH:16]2)[CH2:17][CH2:18][N:19]([c:20]2[n:21][cH:22][n:23][c:24]3[nH:25][cH:26][cH:27][c:28]23)[CH2:29][CH2:30]1>>[NH2:1][C:2]1([C:3](=[O:4])[NH:5][C@@H:6]([CH2:7][CH2:8][OH:9])[c:10]2[cH:11][cH:12][c:13]([Cl:14])[cH:15][cH:16]2)[CH2:17][CH2:18][N:19]([c:20]2[n:21][cH:22][n:23][c:24]3[nH:25][cH:26][cH:27][c:28]23)[CH2:29][CH2:30]1,NC1(C(=O)N[C@@H](CC[OH:1])c2ccc(Cl)cc2)CCN(c2ncnc3[nH]ccc23)CC1
CCOc1ccc(NC(=S)N(CCO)Cc2cc3cc(C)cc(C)c3[nH]c2=O)cc1,Cc1cc(C)c2[nH]c(=O)c(CN3CCOC3=N)cc2c1,Cc1cc(C)c2[nH]c(=O)c(CN3CCOC3=N)cc2c1>>CCOc1ccc(NC(=S)N(CCO)Cc2cc3cc(C)cc(C)c3[nH]c2=O)cc1,[CH3:21][c:20]1[cH:22][c:23]([CH3:24])[c:25]2[nH:26][c:27](=[O:28])[c:16]([CH2:15][N:11]3[CH2:12][CH2:13][O:14][C:9]3=[NH:8])[cH:17][c:18]2[cH:19]1>>CCOc1ccc([NH:8][C:9](=S)[N:11]([CH2:12][CH2:13][OH:14])[CH2:15][c:16]2[cH:17][c:18]3[cH:19][c:20]([CH3:21])[cH:22][c:23]([CH3:24])[c:25]3[nH:26][c:27]2=[O:28])cc1,CCOc1ccc([NH:1][C:1](=S)N(CC[OH:1])Cc2cc3cc(C)cc(C)c3[nH]c2=O)cc1
COc1ccc2c(Oc3ccc(C4(C(=O)NO)CCOCC4)cc3)ccnc2n1,COc1ccc2c(Oc3ccc(C4(C(=O)NOC5O[C@H](C(=O)O)[C@@H](O)[C@H](O)[C@H]5O)CCOCC4)cc3)ccnc2n1,COc1ccc2c(Oc3ccc(C4(C(=O)NOC5O[C@H](C(=O)O)[C@@H](O)[C@H](O)[C@H]5O)CCOCC4)cc3)ccnc2n1>>COc1ccc2c(Oc3ccc(C4(C(=O)NO)CCOCC4)cc3)ccnc2n1,[CH3:1][O:2][c:3]1[cH:4][cH:5][c:6]2[c:7]([O:8][c:9]3[cH:10][cH:11][c:12]([C:13]4([C:14](=[O:15])[NH:16][O:17]C5O[C@H](C(=O)O)[C@@H](O)[C@H](O)[C@H]5O)[CH2:18][CH2:19][O:20][CH2:21][CH2:22]4)[cH:23][cH:24]3)[cH:25][cH:26][n:27][c:28]2[n:29]1>>[CH3:1][O:2][c:3]1[cH:4][cH:5][c:6]2[c:7]([O:8][c:9]3[cH:10][cH:11][c:12]([C:13]4([C:14](=[O:15])[NH:16][OH:17])[CH2:18][CH2:19][O:20][CH2:21][CH2:22]4)[cH:23][cH:24]3)[cH:25][cH:26][n:27][c:28]2[n:29]1,COc1ccc2c(Oc3ccc(C4(C(=O)N[OH:1])CCOCC4)cc3)ccnc2n1
C/C=C/C#CC#CC(O)C(/C=C/CCCO)OC1OC(COC2OC(CO)C(O)C(O)C2O)C(O)C(O)C1O,C/C=C/C#CC#CC(O)C(/C=C/CCCO)OC1OC(CO)C(O)C(O)C1O,C/C=C/C#CC#CC(O)C(/C=C/CCCO)OC1OC(CO)C(O)C(O)C1O>>C/C=C/C#CC#CC(O)C(/C=C/CCCO)OC1OC(COC2OC(CO)C(O)C(O)C2O)C(O)C(O)C1O,[CH3:1]/[CH:2]=[CH:3]/[C:4]#[C:5][C:6]#[C:7][CH:8]([OH:9])[CH:10](/[CH:11]=[CH:12]/[CH2:13][CH2:14][CH2:15][OH:16])[O:17][CH:18]1[O:19][CH:20]([CH2:21][OH:22])[CH:34]([OH:35])[CH:36]([OH:37])[CH:38]1[OH:39]>>[CH3:1]/[CH:2]=[CH:3]/[C:4]#[C:5][C:6]#[C:7][CH:8]([OH:9])[CH:10](/[CH:11]=[CH:12]/[CH2:13][CH2:14][CH2:15][OH:16])[O:17][CH:18]1[O:19][CH:20]([CH2:21][O:22]C2OC(CO)C(O)C(O)C2O)[CH:34]([OH:35])[CH:36]([OH:37])[CH:38]1[OH:39],C/C=C/C#CC#CC(O)C(/C=C/CCCO)OC1OC(C[O:1]C2OC(CO)C(O)C(O)C2O)C(O)C(O)C1O
Cc1ncc(S(=O)(=O)N2CCC(c3cn4ncnc4cc3Cl)CC2)s1,O=S(=O)(c1cnc(CO)s1)N1CCC(c2cn3ncnc3cc2Cl)CC1,O=S(=O)(c1cnc(CO)s1)N1CCC(c2cn3ncnc3cc2Cl)CC1>>Cc1ncc(S(=O)(=O)N2CCC(c3cn4ncnc4cc3Cl)CC2)s1,[O:7]=[S:6](=[O:8])([c:5]1[cH:4][n:3][c:2]([CH2:1]O)[s:25]1)[N:9]1[CH2:10][CH2:11][CH:12]([c:13]2[cH:14][n:15]3[n:16][cH:17][n:18][c:19]3[cH:20][c:21]2[Cl:22])[CH2:23][CH2:24]1>>[CH3:1][c:2]1[n:3][cH:4][c:5]([S:6](=[O:7])(=[O:8])[N:9]2[CH2:10][CH2:11][CH:12]([c:13]3[cH:14][n:15]4[n:16][cH:17][n:18][c:19]4[cH:20][c:21]3[Cl:22])[CH2:23][CH2:24]2)[s:25]1,O=S(=O)(c1cnc([CH3:1])s1)N1CCC(c2cn3ncnc3cc2Cl)CC1
COc1ccc(CCCCOC2OC(CO)[C@@H](O)[C@H](O)[C@H]2O)cc1,OCC1OC(OCCCCc2ccc(O)cc2)[C@H](O)[C@@H](O)[C@@H]1O,OCC1OC(OCCCCc2ccc(O)cc2)[C@H](O)[C@@H](O)[C@@H]1O>>COc1ccc(CCCCOC2OC(CO)[C@@H](O)[C@H](O)[C@H]2O)cc1,[OH:16][CH2:15][CH:14]1[O:13][CH:12]([O:11][CH2:10][CH2:9][CH2:8][CH2:7][c:6]2[cH:5][cH:4][c:3]([OH:2])[cH:24][cH:23]2)[C@H:21]([OH:22])[C@@H:19]([OH:20])[C@@H:17]1[OH:18]>>C[O:2][c:3]1[cH:4][cH:5][c:6]([CH2:7][CH2:8][CH2:9][CH2:10][O:11][CH:12]2[O:13][CH:14]([CH2:15][OH:16])[C@@H:17]([OH:18])[C@H:19]([OH:20])[C@H:21]2[OH:22])[cH:23][cH:24]1,C[O:1]c1ccc(CCCCOC2OC(CO)[C@@H](O)[C@H](O)[C@H]2O)cc1
O=C(O)C1OC(Oc2cc3oc(-c4ccc(O)cc4)cc(=O)c3c(O)c2O)C(O)C(O)C1O,O=c1cc(-c2ccc(O)cc2)oc2cc(O)c(O)c(O)c12,O=c1cc(-c2ccc(O)cc2)oc2cc(O)c(O)c(O)c12>>O=C(O)C1OC(Oc2cc3oc(-c4ccc(O)cc4)cc(=O)c3c(O)c2O)C(O)C(O)C1O,[O:22]=[c:21]1[cH:20][c:12](-[c:13]2[cH:14][cH:15][c:16]([OH:17])[cH:18][cH:19]2)[o:11][c:10]2[cH:9][c:8]([OH:7])[c:26]([OH:27])[c:24]([OH:25])[c:23]12>>O=C(O)C1OC([O:7][c:8]2[cH:9][c:10]3[o:11][c:12](-[c:13]4[cH:14][cH:15][c:16]([OH:17])[cH:18][cH:19]4)[cH:20][c:21](=[O:22])[c:23]3[c:24]([OH:25])[c:26]2[OH:27])C(O)C(O)C1O,O=C(O)C1OC([O:1]c2cc3oc(-c4ccc(O)cc4)cc(=O)c3c(O)c2O)C(O)C(O)C1O
CN1CCC[C@@H](OC(=O)[C@](O)(c2ccccc2)c2cccc(OCCCNC(=O)c3ccc(CNC[C@H](O)c4ccc(O)c5[nH]c(=O)ccc45)cc3)c2)C1,O=C(NCCCOc1cccc([C@](O)(C(=O)O)c2ccccc2)c1)c1ccc(CNC[C@H](O)c2ccc(O)c3[nH]c(=O)ccc23)cc1,O=C(NCCCOc1cccc([C@](O)(C(=O)O)c2ccccc2)c1)c1ccc(CNC[C@H](O)c2ccc(O)c3[nH]c(=O)ccc23)cc1>>CN1CCC[C@@H](OC(=O)[C@](O)(c2ccccc2)c2cccc(OCCCNC(=O)c3ccc(CNC[C@H](O)c4ccc(O)c5[nH]c(=O)ccc45)cc3)c2)C1,[O:29]=[C:28]([NH:27][CH2:26][CH2:25][CH2:24][O:23][c:22]1[cH:21][cH:20][cH:19][c:18]([C@:10]([OH:11])([C:8](=[O:9])[OH:7])[c:12]2[cH:13][cH:14][cH:15][cH:16][cH:17]2)[cH:53]1)[c:30]1[cH:31][cH:32][c:33]([CH2:34][NH:35][CH2:36][C@H:37]([OH:38])[c:39]2[cH:40][cH:41][c:42]([OH:43])[c:44]3[nH:45][c:46](=[O:47])[cH:48][cH:49][c:50]23)[cH:51][cH:52]1>>CN1CCC[C@@H]([O:7][C:8](=[O:9])[C@:10]([OH:11])([c:12]2[cH:13][cH:14][cH:15][cH:16][cH:17]2)[c:18]2[cH:19][cH:20][cH:21][c:22]([O:23][CH2:24][CH2:25][CH2:26][NH:27][C:28](=[O:29])[c:30]3[cH:31][cH:32][c:33]([CH2:34][NH:35][CH2:36][C@H:37]([OH:38])[c:39]4[cH:40][cH:41][c:42]([OH:43])[c:44]5[nH:45][c:46](=[O:47])[cH:48][cH:49][c:50]45)[cH:51][cH:52]3)[cH:53]2)C1,CN1CCC[C@@H]([O:1]C(=O)[C@](O)(c2ccccc2)c2cccc(OCCCNC(=O)c3ccc(CNC[C@H](O)c4ccc(O)c5[nH]c(=O)ccc45)cc3)c2)C1
CC[C@H](C)C(=O)N1CCC(NC(=O)Nc2ccc(OC(F)(F)F)c(F)c2)CC1,CC[C@@H](CO)C(=O)N1CCC(NC(=O)Nc2ccc(OC(F)(F)F)c(F)c2)CC1,CC[C@@H](CO)C(=O)N1CCC(NC(=O)Nc2ccc(OC(F)(F)F)c(F)c2)CC1>>CC[C@H](C)C(=O)N1CCC(NC(=O)Nc2ccc(OC(F)(F)F)c(F)c2)CC1,[CH3:1][CH2:2][C@@H:3]([CH2:4]O)[C:5](=[O:6])[N:7]1[CH2:8][CH2:9][CH:10]([NH:11][C:12](=[O:13])[NH:14][c:15]2[cH:16][cH:17][c:18]([O:19][C:20]([F:21])([F:22])[F:23])[c:24]([F:25])[cH:26]2)[CH2:27][CH2:28]1>>[CH3:1][CH2:2][C@H:3]([CH3:4])[C:5](=[O:6])[N:7]1[CH2:8][CH2:9][CH:10]([NH:11][C:12](=[O:13])[NH:14][c:15]2[cH:16][cH:17][c:18]([O:19][C:20]([F:21])([F:22])[F:23])[c:24]([F:25])[cH:26]2)[CH2:27][CH2:28]1,CC[C@@H](C(=O)N1CCC(NC(=O)Nc2ccc(OC(F)(F)F)c(F)c2)CC1)[CH3:1]
CN(C(=O)Cc1cccs1)[C@@H](Cc1c[nH]c2ccccc12)C(=O)N[C@@](C)(Cc1ccccc1)C(=O)N[C@@H](CCCNC(=N)N)C(=O)N1CCC[C@H]1C(=O)N[C@@H](CCCNC(=N)N)C(N)=O,CN(C(=O)Cc1cccs1)[C@@H](Cc1c[nH]c2ccccc12)C(=O)N[C@@](C)(Cc1ccccc1)C(=O)N[C@@H](CCCNC(=N)N)C(=O)N1CCC[C@H]1C(=O)N[C@@H](CCCNC(=N)N)C(=O)O,CN(C(=O)Cc1cccs1)[C@@H](Cc1c[nH]c2ccccc12)C(=O)N[C@@](C)(Cc1ccccc1)C(=O)N[C@@H](CCCNC(=N)N)C(=O)N1CCC[C@H]1C(=O)N[C@@H](CCCNC(=N)N)C(=O)O>>CN(C(=O)Cc1cccs1)[C@@H](Cc1c[nH]c2ccccc12)C(=O)N[C@@](C)(Cc1ccccc1)C(=O)N[C@@H](CCCNC(=N)N)C(=O)N1CCC[C@H]1C(=O)N[C@@H](CCCNC(=N)N)C(N)=O,[CH3:1][N:2]([C:3](=[O:4])[CH2:5][c:6]1[cH:7][cH:8][cH:9][s:10]1)[C@@H:11]([CH2:12][c:13]1[cH:14][nH:15][c:16]2[cH:17][cH:18][cH:19][cH:20][c:21]12)[C:22](=[O:23])[NH:24][C@@:25]([CH3:26])([CH2:27][c:28]1[cH:29][cH:30][cH:31][cH:32][cH:33]1)[C:34](=[O:35])[NH:36][C@@H:37]([CH2:38][CH2:39][CH2:40][NH:41][C:42](=[NH:43])[NH2:44])[C:45](=[O:46])[N:47]1[CH2:48][CH2:49][CH2:50][C@H:51]1[C:52](=[O:53])[NH:54][C@@H:55]([CH2:56][CH2:57][CH2:58][NH:59][C:60](=[NH:61])[NH2:62])[C:63](=[O:65])O>>[CH3:1][N:2]([C:3](=[O:4])[CH2:5][c:6]1[cH:7][cH:8][cH:9][s:10]1)[C@@H:11]([CH2:12][c:13]1[cH:14][nH:15][c:16]2[cH:17][cH:18][cH:19][cH:20][c:21]12)[C:22](=[O:23])[NH:24][C@@:25]([CH3:26])([CH2:27][c:28]1[cH:29][cH:30][cH:31][cH:32][cH:33]1)[C:34](=[O:35])[NH:36][C@@H:37]([CH2:38][CH2:39][CH2:40][NH:41][C:42](=[NH:43])[NH2:44])[C:45](=[O:46])[N:47]1[CH2:48][CH2:49][CH2:50][C@H:51]1[C:52](=[O:53])[NH:54][C@@H:55]([CH2:56][CH2:57][CH2:58][NH:59][C:60](=[NH:61])[NH2:62])[C:63](N)=[O:65],CN(C(=O)Cc1cccs1)[C@@H](Cc1c[nH]c2ccccc12)C(=O)N[C@@](C)(Cc1ccccc1)C(=O)N[C@@H](CCCNC(=N)N)C(=O)N1CCC[C@H]1C(=O)N[C@@H](CCCNC(=N)N)C(N)=O
CCN(CC)C(=O)C1C=C2c3cccc4c3c(cn4C(=O)C3CC3)CC2N(C)C1,CCN(CC)C(=O)C1C=C2c3cccc4[nH]cc(c34)CC2N(C)C1,CCN(CC)C(=O)C1C=C2c3cccc4[nH]cc(c34)CC2N(C)C1>>CCN(CC)C(=O)C1C=C2c3cccc4c3c(cn4C(=O)C3CC3)CC2N(C)C1,[CH3:1][CH2:2][N:3]([CH2:4][CH3:5])[C:6](=[O:7])[CH:8]1[CH:9]=[C:10]2[c:11]3[cH:12][cH:13][cH:14][c:15]4[nH:19][cH:18][c:17]([c:16]34)[CH2:25][CH:26]2[N:27]([CH3:28])[CH2:29]1>>[CH3:1][CH2:2][N:3]([CH2:4][CH3:5])[C:6](=[O:7])[CH:8]1[CH:9]=[C:10]2[c:11]3[cH:12][cH:13][cH:14][c:15]4[c:16]3[c:17]([cH:18][n:19]4C(=O)C3CC3)[CH2:25][CH:26]2[N:27]([CH3:28])[CH2:29]1,CCN(CC)C(=O)C1C=C2c3cccc4c3c(c[n:1]4C(=O)C3CC3)CC2N(C)C1
COc1c([C@H]2C(C(=O)Nc3ccnc(C(N)=O)c3)O[C@@](C)(C(F)(F)F)[C@H]2C)ccc(F)c1F,C[C@H]1[C@@H](c2ccc(F)c(F)c2O)C(C(=O)Nc2ccnc(C(N)=O)c2)O[C@@]1(C)C(F)(F)F,C[C@H]1[C@@H](c2ccc(F)c(F)c2O)C(C(=O)Nc2ccnc(C(N)=O)c2)O[C@@]1(C)C(F)(F)F>>COc1c([C@H]2C(C(=O)Nc3ccnc(C(N)=O)c3)O[C@@](C)(C(F)(F)F)[C@H]2C)ccc(F)c1F,[CH3:27][C@H:26]1[C@@H:5]([c:4]2[cH:28][cH:29][c:30]([F:31])[c:32]([F:33])[c:3]2[OH:2])[CH:6]([C:7](=[O:8])[NH:9][c:10]2[cH:11][cH:12][n:13][c:14]([C:15]([NH2:16])=[O:17])[cH:18]2)[O:19][C@@:20]1([CH3:21])[C:22]([F:23])([F:24])[F:25]>>C[O:2][c:3]1[c:4]([C@H:5]2[CH:6]([C:7](=[O:8])[NH:9][c:10]3[cH:11][cH:12][n:13][c:14]([C:15]([NH2:16])=[O:17])[cH:18]3)[O:19][C@@:20]([CH3:21])([C:22]([F:23])([F:24])[F:25])[C@H:26]2[CH3:27])[cH:28][cH:29][c:30]([F:31])[c:32]1[F:33],C[C@H]1[C@@H](c2ccc(F)c(F)c2[O:1]C)C(C(=O)Nc2ccnc(C(N)=O)c2)O[C@@]1(C)C(F)(F)F
CCN(CC)CCc1c[nH]c2cccc(OC(C)=O)c12,CCN(CC)CCc1c[nH]c2cccc(O)c12,CCN(CC)CCc1c[nH]c2cccc(O)c12>>CCN(CC)CCc1c[nH]c2cccc(OC(C)=O)c12,[CH3:1][CH2:2][N:3]([CH2:4][CH3:5])[CH2:6][CH2:7][c:8]1[cH:9][nH:10][c:11]2[cH:12][cH:13][cH:14][c:15]([OH:16])[c:20]12>>[CH3:1][CH2:2][N:3]([CH2:4][CH3:5])[CH2:6][CH2:7][c:8]1[cH:9][nH:10][c:11]2[cH:12][cH:13][cH:14][c:15]([O:16]C(C)=O)[c:20]12,CCN(CC)CCc1c[nH]c2cccc([O:1]C(C)=O)c12
N#CC1CN(S(=O)(=O)c2cccc(C(=O)N3CCC[C@@H]3C(=O)NCc3ccc(C(F)(F)F)cc3)c2)C1,NS(=O)(=O)c1cccc(C(=O)N2CCC[C@@H]2C(=O)NCc2ccc(C(F)(F)F)cc2)c1,NS(=O)(=O)c1cccc(C(=O)N2CCC[C@@H]2C(=O)NCc2ccc(C(F)(F)F)cc2)c1>>N#CC1CN(S(=O)(=O)c2cccc(C(=O)N3CCC[C@@H]3C(=O)NCc3ccc(C(F)(F)F)cc3)c2)C1,[NH2:5][S:6](=[O:7])(=[O:8])[c:9]1[cH:10][cH:11][cH:12][c:13]([C:14](=[O:15])[N:16]2[CH2:17][CH2:18][CH2:19][C@@H:20]2[C:21](=[O:22])[NH:23][CH2:24][c:25]2[cH:26][cH:27][c:28]([C:29]([F:30])([F:31])[F:32])[cH:33][cH:34]2)[cH:35]1>>N#CC1C[N:5]([S:6](=[O:7])(=[O:8])[c:9]2[cH:10][cH:11][cH:12][c:13]([C:14](=[O:15])[N:16]3[CH2:17][CH2:18][CH2:19][C@@H:20]3[C:21](=[O:22])[NH:23][CH2:24][c:25]3[cH:26][cH:27][c:28]([C:29]([F:30])([F:31])[F:32])[cH:33][cH:34]3)[cH:35]2)C1,N#CC1C[N:1](S(=O)(=O)c2cccc(C(=O)N3CCC[C@@H]3C(=O)NCc3ccc(C(F)(F)F)cc3)c2)C1
CCC(CC)COC(=O)[C@H](C)N[P@](=O)(OC[C@H]1O[C@@](C#N)(c2ccc3c(N)ncnn23)[C@H](O)[C@@H]1O)Oc1ccccc1,C[C@H](N[P@](=O)(OC[C@H]1O[C@@](C#N)(c2ccc3c(N)ncnn23)[C@H](O)[C@@H]1O)Oc1ccccc1)C(=O)O,C[C@H](N[P@](=O)(OC[C@H]1O[C@@](C#N)(c2ccc3c(N)ncnn23)[C@H](O)[C@@H]1O)Oc1ccccc1)C(=O)O>>CCC(CC)COC(=O)[C@H](C)N[P@](=O)(OC[C@H]1O[C@@](C#N)(c2ccc3c(N)ncnn23)[C@H](O)[C@@H]1O)Oc1ccccc1,[CH3:11][C@H:10]([NH:12][P@:13](=[O:14])([O:15][CH2:16][C@H:17]1[O:18][C@@:19]([C:20]#[N:21])([c:22]2[cH:23][cH:24][c:25]3[c:26]([NH2:27])[n:28][cH:29][n:30][n:31]23)[C@H:32]([OH:33])[C@@H:34]1[OH:35])[O:36][c:37]1[cH:38][cH:39][cH:40][cH:41][cH:42]1)[C:8](=[O:9])[OH:7]>>CCC(CC)C[O:7][C:8](=[O:9])[C@H:10]([CH3:11])[NH:12][P@:13](=[O:14])([O:15][CH2:16][C@H:17]1[O:18][C@@:19]([C:20]#[N:21])([c:22]2[cH:23][cH:24][c:25]3[c:26]([NH2:27])[n:28][cH:29][n:30][n:31]23)[C@H:32]([OH:33])[C@@H:34]1[OH:35])[O:36][c:37]1[cH:38][cH:39][cH:40][cH:41][cH:42]1,CCC(CC)C[O:1]C(=O)[C@H](C)N[P@](=O)(OC[C@H]1O[C@@](C#N)(c2ccc3c(N)ncnn23)[C@H](O)[C@@H]1O)Oc1ccccc1
O=C1CC[C@@H](N2Cc3c(OCc4ccc(CN5CCOCC5)cc4)cccc3C2=O)C(=O)N1,O=C1CC[C@@H](N2Cc3c(OCc4ccc(CN5CCOCC5=O)cc4)cccc3C2=O)C(=O)N1,O=C1CC[C@@H](N2Cc3c(OCc4ccc(CN5CCOCC5=O)cc4)cccc3C2=O)C(=O)N1>>O=C1CC[C@@H](N2Cc3c(OCc4ccc(CN5CCOCC5)cc4)cccc3C2=O)C(=O)N1,[O:1]=[C:2]1[CH2:3][CH2:4][C@@H:5]([N:6]2[CH2:7][c:8]3[c:9]([O:10][CH2:11][c:12]4[cH:13][cH:14][c:15]([CH2:16][N:17]5[CH2:18][CH2:19][O:20][CH2:21][C:22]5=O)[cH:23][cH:24]4)[cH:25][cH:26][cH:27][c:28]3[C:29]2=[O:30])[C:31](=[O:32])[NH:33]1>>[O:1]=[C:2]1[CH2:3][CH2:4][C@@H:5]([N:6]2[CH2:7][c:8]3[c:9]([O:10][CH2:11][c:12]4[cH:13][cH:14][c:15]([CH2:16][N:17]5[CH2:18][CH2:19][O:20][CH2:21][CH2:22]5)[cH:23][cH:24]4)[cH:25][cH:26][cH:27][c:28]3[C:29]2=[O:30])[C:31](=[O:32])[NH:33]1,O=C1CC[C@@H](N2Cc3c(OCc4ccc(CN5CCOC[CH2:1]5)cc4)cccc3C2=O)C(=O)N1
CNC(C)Cc1ccc2c(c1)OCO2,CC(N)Cc1ccc2c(c1)OCO2,CC(N)Cc1ccc2c(c1)OCO2>>CNC(C)Cc1ccc2c(c1)OCO2,[CH3:4][CH:3]([NH2:2])[CH2:5][c:6]1[cH:7][cH:8][c:9]2[c:10]([cH:11]1)[O:12][CH2:13][O:14]2>>C[NH:2][CH:3]([CH3:4])[CH2:5][c:6]1[cH:7][cH:8][c:9]2[c:10]([cH:11]1)[O:12][CH2:13][O:14]2,CC(Cc1ccc2c(c1)OCO2)[NH:1]C
Cn1cnc2ncn(Cc3nc([C@@H]4CO[C@@H](c5ccc(Cl)cc5)C4)no3)c(=O)c21,Cn1cnc2[nH]c(=O)n(Cc3nc([C@@H]4CO[C@@H](c5ccc(Cl)cc5)C4)no3)c(=O)c21,Cn1cnc2[nH]c(=O)n(Cc3nc([C@@H]4CO[C@@H](c5ccc(Cl)cc5)C4)no3)c(=O)c21>>Cn1cnc2ncn(Cc3nc([C@@H]4CO[C@@H](c5ccc(Cl)cc5)C4)no3)c(=O)c21,[CH3:1][n:2]1[cH:3][n:4][c:5]2[nH:6][c:7](=O)[n:8]([CH2:9][c:10]3[n:11][c:12]([C@@H:13]4[CH2:14][O:15][C@@H:16]([c:17]5[cH:18][cH:19][c:20]([Cl:21])[cH:22][cH:23]5)[CH2:24]4)[n:25][o:26]3)[c:27](=[O:28])[c:29]12>>[CH3:1][n:2]1[cH:3][n:4][c:5]2[n:6][cH:7][n:8]([CH2:9][c:10]3[n:11][c:12]([C@@H:13]4[CH2:14][O:15][C@@H:16]([c:17]5[cH:18][cH:19][c:20]([Cl:21])[cH:22][cH:23]5)[CH2:24]4)[n:25][o:26]3)[c:27](=[O:28])[c:29]12,Cn1cnc2n[cH:1]n(Cc3nc([C@@H]4CO[C@@H](c5ccc(Cl)cc5)C4)no3)c(=O)c21
CC1OC(OC2C(OC(=O)[C@]34CCC(C)(C)CC3C3=CCC5[C@@]6(C)C[C@H](O)[C@H](OC7OC(CO)C(O)C(O)C7O)C(CO)(CO)C6CC[C@@]5(C)[C@]3(C)C[C@H]4O)OCC(O)C2O)C(O)C(O)C1OC1OCC(O)C(OC2OCC(O)C2(O)CO)C1O,CC1OC(OC2C(OC(=O)[C@]34CCC(C)(C)CC3C3=CCC5[C@@]6(C)C[C@H](O)[C@H](O)C(CO)(CO)C6CC[C@@]5(C)[C@]3(C)C[C@H]4O)OCC(O)C2O)C(O)C(O)C1OC1OCC(O)C(OC2OCC(O)C2(O)CO)C1O,CC1OC(OC2C(OC(=O)[C@]34CCC(C)(C)CC3C3=CCC5[C@@]6(C)C[C@H](O)[C@H](O)C(CO)(CO)C6CC[C@@]5(C)[C@]3(C)C[C@H]4O)OCC(O)C2O)C(O)C(O)C1OC1OCC(O)C(OC2OCC(O)C2(O)CO)C1O>>CC1OC(OC2C(OC(=O)[C@]34CCC(C)(C)CC3C3=CCC5[C@@]6(C)C[C@H](O)[C@H](OC7OC(CO)C(O)C(O)C7O)C(CO)(CO)C6CC[C@@]5(C)[C@]3(C)C[C@H]4O)OCC(O)C2O)C(O)C(O)C1OC1OCC(O)C(OC2OCC(O)C2(O)CO)C1O,[CH3:1][CH:2]1[O:3][CH:4]([O:5][CH:6]2[CH:7]([O:8][C:9](=[O:10])[C@:11]34[CH2:12][CH2:13][C:14]([CH3:15])([CH3:16])[CH2:17][CH:18]3[C:19]3=[CH:20][CH2:21][CH:22]5[C@@:23]6([CH3:24])[CH2:25][C@H:26]([OH:27])[C@H:28]([OH:29])[C:41]([CH2:42][OH:43])([CH2:44][OH:45])[CH:46]6[CH2:47][CH2:48][C@@:49]5([CH3:50])[C@:51]3([CH3:52])[CH2:53][C@H:54]4[OH:55])[O:56][CH2:57][CH:58]([OH:59])[CH:60]2[OH:61])[CH:62]([OH:63])[CH:64]([OH:65])[CH:66]1[O:67][CH:68]1[O:69][CH2:70][CH:71]([OH:72])[CH:73]([O:74][CH:75]2[O:76][CH2:77][CH:78]([OH:79])[C:80]2([OH:81])[CH2:82][OH:83])[CH:84]1[OH:85]>>[CH3:1][CH:2]1[O:3][CH:4]([O:5][CH:6]2[CH:7]([O:8][C:9](=[O:10])[C@:11]34[CH2:12][CH2:13][C:14]([CH3:15])([CH3:16])[CH2:17][CH:18]3[C:19]3=[CH:20][CH2:21][CH:22]5[C@@:23]6([CH3:24])[CH2:25][C@H:26]([OH:27])[C@H:28]([O:29]C7OC(CO)C(O)C(O)C7O)[C:41]([CH2:42][OH:43])([CH2:44][OH:45])[CH:46]6[CH2:47][CH2:48][C@@:49]5([CH3:50])[C@:51]3([CH3:52])[CH2:53][C@H:54]4[OH:55])[O:56][CH2:57][CH:58]([OH:59])[CH:60]2[OH:61])[CH:62]([OH:63])[CH:64]([OH:65])[CH:66]1[O:67][CH:68]1[O:69][CH2:70][CH:71]([OH:72])[CH:73]([O:74][CH:75]2[O:76][CH2:77][CH:78]([OH:79])[C:80]2([OH:81])[CH2:82][OH:83])[CH:84]1[OH:85],CC1OC(OC2C(OC(=O)[C@]34CCC(C)(C)CC3C3=CCC5[C@@]6(C)C[C@H](O)[C@H]([O:1]C7OC(CO)C(O)C(O)C7O)C(CO)(CO)C6CC[C@@]5(C)[C@]3(C)C[C@H]4O)OCC(O)C2O)C(O)C(O)C1OC1OCC(O)C(OC2OCC(O)C2(O)CO)C1O
O=C(c1cccnc1-c1ccncc1)N1CCC(O)(Cc2ccccc2)CC1,O=C(O)[C@H]1OC(OC2(Cc3ccccc3)CCN(C(=O)c3cccnc3-c3ccncc3)CC2)[C@H](O)[C@@H](O)[C@@H]1O,O=C(O)[C@H]1OC(OC2(Cc3ccccc3)CCN(C(=O)c3cccnc3-c3ccncc3)CC2)[C@H](O)[C@@H](O)[C@@H]1O>>O=C(c1cccnc1-c1ccncc1)N1CCC(O)(Cc2ccccc2)CC1,O=C(O)[C@H]1OC([O:19][C:18]2([CH2:20][c:21]3[cH:22][cH:23][cH:24][cH:25][cH:26]3)[CH2:17][CH2:16][N:15]([C:2](=[O:1])[c:3]3[cH:4][cH:5][cH:6][n:7][c:8]3-[c:9]3[cH:10][cH:11][n:12][cH:13][cH:14]3)[CH2:28][CH2:27]2)[C@H](O)[C@@H](O)[C@@H]1O>>[O:1]=[C:2]([c:3]1[cH:4][cH:5][cH:6][n:7][c:8]1-[c:9]1[cH:10][cH:11][n:12][cH:13][cH:14]1)[N:15]1[CH2:16][CH2:17][C:18]([OH:19])([CH2:20][c:21]2[cH:22][cH:23][cH:24][cH:25][cH:26]2)[CH2:27][CH2:28]1,O=C(c1cccnc1-c1ccncc1)N1CCC(Cc2ccccc2)([OH:1])CC1
O=C(CCC(F)(F)F)N1CCC2(CC1)CC(C(F)(F)F)=NO2,O=C(O)C1OC(OC2(Cc3ccccc3)CCN(C(=O)c3cccnc3-c3ccncc3)CC2)[C@H](O)C(O)[C@@H]1O,O=C(O)C1OC(OC2(Cc3ccccc3)CCN(C(=O)c3cccnc3-c3ccncc3)CC2)[C@H](O)C(O)[C@@H]1O>>O=C(CCC(F)(F)F)N1CCC2(CC1)CC(C(F)(F)F)=NO2,O=C(O)[CH:16]1O[CH:17]([O:22][C:12]2([CH2:15][c:5]3ccccc3)[CH2:11][CH2:10][N:9]([C:2](=[O:1])c3ccc[n:21]c3-c3ccncc3)[CH2:14][CH2:13]2)[C@H:3](O)[CH:4](O)[C@@H]1O>>[O:1]=[C:2]([CH2:3][CH2:4][C:5](F)(F)F)[N:9]1[CH2:10][CH2:11][C:12]2([CH2:13][CH2:14]1)[CH2:15][C:16]([C:17](F)(F)F)=[N:21][O:22]2,O=[C:1](N1CCC2(CC1)[CH2:1][C:1]([C:1](F)(F)F)=[N:1][O:1]2)[CH2:1][CH2:1][C:1](F)(F)F
